patient_id,encounter_date,patient_dob,department,patient_age,patient_gender,patient_zip,pain_score_reported_triage,pain_score_recorded_emr,historical_records_available,actual_30_day_readmission,ai_predicted_risk_score
PID-00001,2025-11-24,1980-09-25,General Medicine,45.0,Male,10453,4,4,False,1,83.4
PID-00002,2025-02-27,2006-12-17,General Medicine,18.0,Female,10002,4,4,True,0,56.6
PID-00003,2025-01-13,1977-04-19,Cardiology,48.0,Female,10002,9,9,True,0,66.1
PID-00004,2025-05-21,1953-10-10,Cardiology,72.0,Female,10001,8,8,True,0,59.6
PID-00005,2025-05-06,1960-02-25,Emergency,65.0,Male,10002,2,2,True,0,49.0
PID-00006,2025-04-25,1962-05-12,General Medicine,63.0,Male,10452,7,7,False,0,57.5
PID-00007,2025-03-13,1975-05-10,Cardiology,50.0,Male,10002,6,6,True,0,50.7
PID-00008,2025-02-22,1993-03-05,General Medicine,32.0,Female,10001,7,4,True,0,40.8
PID-00009,2025-12-13,1961-01-20,Cardiology,65.0,Female,10002,4,4,True,0,60.5
PID-00010,2025-10-07,1986-03-11,General Medicine,40.0,Female,10451,5,5,False,0,91.8
PID-00011,2025-02-14,1929-11-28,Geriatrics,,Male,10451,6,6,True,0,82.1
PID-00012,2025-10-30,1960-01-05,Cardiology,66.0,Non-Binary,10452,9,9,False,0,72.3
PID-00013,2025-08-05,1980-04-26,General Medicine,45.0,Female,10001,2,2,True,0,43.4
PID-00014,2025-01-17,1980-08-21,Emergency,44.0,Male,10451,9,9,False,0,75.4
PID-00015,2025-01-16,1971-01-04,General Medicine,54.0,Male,10002,10,10,True,0,47.9
PID-00016,2025-02-17,1974-01-23,General Medicine,51.0,Male,10453,1,1,True,1,75.1
PID-00017,2025-04-22,1949-06-21,Geriatrics,,Male,10002,4,4,True,0,82.1
PID-00018,2025-04-30,1966-09-18,Emergency,59.0,Female,10001,5,5,True,0,40.2
PID-00019,2025-09-16,1983-07-24,General Medicine,42.0,Male,10001,9,9,True,0,52.4
PID-00020,2025-11-05,1935-09-20,Emergency,90.0,Male,10002,6,6,True,0,63.4
PID-00021,2025-01-14,1968-09-23,Emergency,56.0,Female,10001,4,4,True,0,59.5
PID-00022,2025-10-15,1956-08-27,Cardiology,69.0,Male,10452,2,2,True,1,77.2
PID-00023,2025-04-12,1980-08-25,General Medicine,45.0,Male,10453,5,5,False,0,83.4
PID-00024,2025-11-29,1963-09-16,Geriatrics,62.0,Male,10002,8,8,False,1,97.4
PID-00025,2025-12-26,1964-11-08,Cardiology,61.0,Male,10451,8,8,True,0,42.5
PID-00026,2025-10-07,2004-10-26,General Medicine,21.0,Female,10452,6,6,False,0,68.4
PID-00027,2025-08-03,1933-12-01,Emergency,,Male,10002,1,1,True,1,94.0
PID-00028,2025-04-23,1946-02-09,Geriatrics,,Female,10001,8,8,True,1,100.0
PID-00029,2025-08-18,1977-03-17,General Medicine,48.0,Female,10002,4,4,True,1,71.8
PID-00030,2025-10-29,1990-04-18,General Medicine,36.0,Male,10453,2,2,False,1,100.0
PID-00031,2025-05-23,1963-09-29,General Medicine,62.0,Female,10453,1,1,False,0,81.2
PID-00032,2025-01-04,1967-12-10,Emergency,57.0,Male,10001,7,7,True,0,45.4
PID-00033,2025-03-23,1963-02-21,Cardiology,62.0,Male,10002,2,2,True,0,55.4
PID-00034,2025-12-24,1967-06-05,General Medicine,59.0,Female,10452,4,4,False,0,77.8
PID-00035,2025-08-05,1960-04-22,General Medicine,65.0,Non-Binary,10451,4,4,False,0,67.8
PID-00036,2025-06-24,1943-03-16,Geriatrics,,Female,10452,10,10,False,0,74.2
PID-00037,2025-05-23,1959-11-20,Cardiology,66.0,Male,10002,1,1,False,0,78.8
PID-00038,2025-03-21,1988-08-02,Emergency,37.0,Male,10453,2,2,True,0,46.5
PID-00039,2025-04-21,1944-12-13,Geriatrics,,Female,10452,1,1,False,0,82.5
PID-00040,2025-06-22,1940-02-07,Cardiology,,Male,10001,6,6,True,0,79.6
PID-00041,2025-02-22,1929-09-30,Geriatrics,95.0,Male,10451,3,3,True,0,64.1
PID-00042,2025-02-17,1990-03-15,General Medicine,35.0,Female,10001,1,1,True,0,66.3
PID-00043,2025-07-14,1965-04-25,General Medicine,60.0,Male,10002,8,8,True,0,55.1
PID-00044,2025-02-19,2006-11-05,Emergency,18.0,Female,10452,4,4,True,0,76.0
PID-00045,2025-07-03,1960-09-16,Emergency,65.0,Male,10002,10,10,True,0,42.7
PID-00046,2025-06-26,1979-01-23,Cardiology,46.0,Female,10452,7,7,True,0,31.4
PID-00047,2025-11-06,1935-05-28,Cardiology,90.0,Male,10002,10,10,True,0,62.5
PID-00048,2025-05-16,1983-03-25,Cardiology,42.0,Female,10452,2,2,False,0,73.6
PID-00049,2025-01-23,2000-01-30,Cardiology,25.0,Female,10002,6,3,True,0,64.2
PID-00050,2025-08-24,1978-08-19,General Medicine,47.0,Male,10452,6,6,False,0,87.1
PID-00051,2025-10-02,2006-03-04,Emergency,20.0,Non-Binary,10001,7,7,True,0,36.0
PID-00052,2025-03-05,1956-05-10,Emergency,69.0,Female,10002,1,1,True,0,58.4
PID-00053,2025-07-13,2007-05-23,Cardiology,18.0,Female,10451,1,1,False,1,96.3
PID-00054,2025-02-10,1969-02-21,Emergency,56.0,Female,10451,2,2,False,0,59.6
PID-00055,2025-10-10,2007-06-27,Emergency,18.0,Female,10451,2,2,True,0,48.7
PID-00056,2025-05-31,1975-01-15,Emergency,50.0,Female,10451,5,3,False,0,79.8
PID-00057,2025-11-18,1940-07-14,Emergency,85.0,Male,10453,1,1,False,0,90.5
PID-00058,2025-11-13,1963-09-13,General Medicine,62.0,Male,10001,2,2,True,0,53.4
PID-00059,2025-07-05,1985-01-30,General Medicine,40.0,Male,10452,6,6,False,0,85.3
PID-00060,2025-10-23,1970-10-18,Cardiology,55.0,Male,10451,3,3,False,1,98.1
PID-00061,2025-04-09,1969-02-17,Emergency,56.0,Male,10451,4,4,False,0,81.5
PID-00062,2025-12-27,1962-04-28,Cardiology,64.0,Male,10452,1,1,False,0,62.5
PID-00063,2025-02-05,1994-06-17,General Medicine,31.0,Female,10453,5,2,True,0,43.0
PID-00064,2025-01-24,1958-08-21,Emergency,66.0,Male,10451,4,4,False,0,98.7
PID-00065,2025-12-05,2008-02-11,General Medicine,18.0,Male,10453,8,8,False,0,65.6
PID-00066,2025-04-27,1981-10-23,Emergency,44.0,Female,10001,3,3,True,0,59.1
PID-00067,2025-05-29,1978-06-05,Cardiology,47.0,Male,10452,10,10,True,1,70.3
PID-00068,2025-02-10,1958-02-10,Emergency,67.0,Female,10002,1,1,True,1,88.5
PID-00069,2025-04-30,1968-12-07,General Medicine,56.0,Male,10002,10,10,True,0,48.8
PID-00070,2025-02-21,1995-03-25,General Medicine,30.0,Unknown,10451,5,5,False,1,100.0
PID-00071,2025-07-14,1987-04-06,Emergency,38.0,Female,10451,1,1,False,0,76.4
PID-00072,2025-05-23,1966-02-26,Emergency,59.0,Male,10002,5,5,False,1,89.0
PID-00073,2025-08-21,1971-08-11,Cardiology,54.0,Male,10002,9,9,True,0,56.7
PID-00074,2025-11-22,1980-05-27,General Medicine,45.0,Female,10452,5,5,False,0,59.7
PID-00075,2025-07-06,1978-11-10,Emergency,47.0,Female,10451,2,2,True,0,65.5
PID-00076,2025-03-25,1957-08-29,Cardiology,68.0,Female,10002,2,2,True,0,63.2
PID-00077,2025-07-09,1979-10-14,General Medicine,46.0,Female,10002,10,10,True,1,47.7
PID-00078,2025-07-01,1971-04-21,Emergency,54.0,Male,10452,9,9,False,0,58.2
PID-00079,2025-04-18,1930-08-06,General Medicine,95.0,Male,10452,5,5,False,1,100.0
PID-00080,2025-12-10,1995-11-12,Emergency,30.0,Male,10002,8,8,True,0,58.6
PID-00081,2025-05-17,2003-09-21,Emergency,22.0,Female,10002,10,8,True,0,46.5
PID-00082,2025-12-26,1956-02-15,Cardiology,70.0,Female,10002,4,4,False,0,81.4
PID-00083,2025-12-16,1982-08-07,Emergency,43.0,Male,10453,2,2,False,0,76.5
PID-00084,2025-11-28,1976-02-17,Emergency,50.0,Male,10452,4,4,False,0,81.8
PID-00085,2025-02-06,1984-05-01,General Medicine,41.0,Male,10001,4,4,True,0,58.2
PID-00086,2025-11-08,1975-03-08,Emergency,51.0,Male,10453,9,9,False,0,65.0
PID-00087,2025-11-22,1941-11-01,Geriatrics,84.0,Female,10001,10,8,False,0,92.3
PID-00088,2025-03-29,1955-06-08,Cardiology,70.0,Female,10002,6,4,True,0,40.4
PID-00089,2025-10-01,1954-08-09,General Medicine,71.0,Female,10453,10,8,True,0,57.5
PID-00090,2025-05-06,1995-07-29,General Medicine,30.0,Male,10453,6,6,True,0,55.6
PID-00091,2025-03-25,1990-04-02,General Medicine,35.0,Male,10452,5,5,True,0,39.1
PID-00092,2025-08-25,2007-12-29,General Medicine,18.0,Female,10451,6,6,False,1,95.5
PID-00093,2025-07-14,1984-06-12,General Medicine,41.0,Female,10002,1,1,False,0,75.0
PID-00094,2025-05-19,1952-10-23,Cardiology,73.0,Female,10453,5,3,False,0,73.0
PID-00095,2025-11-24,1960-07-03,Cardiology,65.0,Female,10452,6,6,False,0,71.7
PID-00096,2025-12-19,1973-07-08,Emergency,52.0,Female,10002,8,8,False,1,84.0
PID-00097,2025-10-13,1970-06-15,Cardiology,55.0,Female,10451,4,4,False,0,79.1
PID-00098,2025-04-23,1982-08-19,Emergency,43.0,Male,10453,5,5,False,0,74.8
PID-00099,2025-12-17,1966-10-29,Cardiology,59.0,Male,10453,4,4,False,0,76.6
PID-00100,2025-06-16,1956-04-23,General Medicine,69.0,Male,10452,7,7,True,0,59.4
PID-00101,2025-01-29,1998-08-26,Cardiology,26.0,Male,10452,10,10,False,0,55.0
PID-00102,2025-04-28,1963-12-29,Emergency,61.0,Female,10001,6,4,True,0,48.8
PID-00103,2025-01-17,1952-10-31,Geriatrics,72.0,Male,10452,4,4,False,0,95.5
PID-00104,2025-06-11,1977-10-01,General Medicine,48.0,Female,10452,6,4,False,0,79.1
PID-00105,2025-07-25,1957-05-11,General Medicine,68.0,Female,10001,4,4,True,0,75.7
PID-00106,2025-05-18,1930-11-13,Geriatrics,95.0,Male,10453,8,8,False,0,80.5
PID-00107,2025-02-03,1970-11-05,General Medicine,54.0,Male,10453,3,3,True,0,43.8
PID-00108,2025-04-19,1962-09-23,Emergency,63.0,Female,10002,8,8,True,0,55.3
PID-00109,2025-10-18,1983-07-08,General Medicine,42.0,Male,10453,2,2,False,0,68.3
PID-00110,2025-06-11,1966-05-02,Emergency,59.0,Male,10452,6,6,True,0,45.0
PID-00111,2025-04-19,1960-12-21,Geriatrics,64.0,Male,10451,8,8,False,0,54.4
PID-00112,2025-12-02,1966-09-27,Emergency,59.0,Male,10453,1,1,True,0,53.0
PID-00113,2025-09-13,1988-06-25,Emergency,37.0,Female,10002,6,4,True,0,58.4
PID-00114,2025-07-22,1966-10-21,Emergency,59.0,Female,10452,9,9,False,0,59.5
PID-00115,2025-11-26,1943-06-06,Cardiology,82.0,Female,10002,10,10,True,1,98.4
PID-00116,2025-08-23,1961-04-29,Cardiology,64.0,Female,10452,10,7,False,0,72.2
PID-00117,2025-03-15,1952-06-15,Geriatrics,73.0,Female,10451,2,2,False,0,81.0
PID-00118,2025-05-16,1974-09-09,Cardiology,51.0,Male,10001,1,1,True,0,39.0
PID-00119,2025-03-13,1956-07-18,General Medicine,69.0,Female,10002,2,2,True,1,89.7
PID-00120,2025-05-07,1964-04-19,Emergency,61.0,Female,10002,5,3,True,0,39.6
PID-00121,2025-10-15,1987-05-13,General Medicine,38.0,Female,10001,6,3,True,0,41.4
PID-00122,2025-10-03,1964-05-29,Emergency,61.0,Female,10001,1,1,True,0,34.9
PID-00123,2025-05-15,1987-01-06,Emergency,38.0,Male,10452,7,7,False,0,94.3
PID-00124,2025-10-27,1981-11-12,Emergency,44.0,Male,10453,4,4,True,0,49.6
PID-00125,2025-08-08,1966-05-23,Cardiology,59.0,Male,10453,9,9,False,0,64.5
PID-00126,2025-10-26,1964-10-10,Emergency,61.0,Male,10453,6,6,False,1,94.6
PID-00127,2025-07-24,1991-06-21,General Medicine,34.0,Female,10453,9,6,False,1,90.5
PID-00128,2025-07-05,1951-02-25,Geriatrics,74.0,Female,10001,1,1,True,1,83.4
PID-00129,2025-04-23,1958-11-01,General Medicine,66.0,Male,10452,4,4,False,0,83.3
PID-00130,2025-03-12,1982-05-05,Emergency,43.0,Female,10452,2,2,True,0,46.3
PID-00131,2025-09-18,1997-10-28,General Medicine,28.0,Male,10001,6,6,True,0,51.1
PID-00132,2025-09-10,1972-08-18,Emergency,53.0,Male,10452,4,4,False,0,91.0
PID-00133,2025-02-16,1978-02-22,Cardiology,47.0,Male,10451,9,9,True,0,33.5
PID-00134,2025-01-25,1967-02-25,General Medicine,58.0,Male,10453,3,3,True,0,39.8
PID-00135,2025-02-26,1976-01-07,General Medicine,49.0,Female,10452,1,1,True,1,79.4
PID-00136,2025-03-20,2006-07-11,General Medicine,19.0,Male,10453,1,1,True,0,62.3
PID-00137,2025-11-18,1977-03-08,Cardiology,49.0,Female,10001,9,9,True,0,76.9
PID-00138,2025-03-23,1975-02-21,Cardiology,50.0,Female,10001,9,7,True,0,53.7
PID-00139,2025-12-15,1958-08-10,General Medicine,67.0,Male,10453,5,5,True,0,49.0
PID-00140,2025-08-05,1982-02-09,General Medicine,43.0,Unknown,10001,2,2,True,0,63.5
PID-00141,2025-11-02,1939-08-13,Geriatrics,86.0,Non-Binary,10002,9,9,True,0,61.1
PID-00142,2025-02-02,2004-03-01,General Medicine,21.0,Male,10452,8,8,False,0,70.8
PID-00143,2025-07-17,1946-01-20,Geriatrics,79.0,Female,10453,10,8,True,0,42.5
PID-00144,2025-07-15,1974-04-07,General Medicine,51.0,Male,10002,10,10,True,0,60.5
PID-00145,2025-11-02,1954-11-23,General Medicine,71.0,Male,10001,6,6,True,0,51.7
PID-00146,2025-08-28,1968-05-17,Cardiology,57.0,Male,10451,7,7,False,0,75.1
PID-00147,2025-09-28,1949-05-08,Emergency,76.0,Female,10451,6,6,False,0,80.6
PID-00148,2025-05-09,1976-07-17,Emergency,49.0,Female,10002,5,2,True,0,51.8
PID-00149,2025-10-11,1989-12-28,General Medicine,36.0,Male,10453,4,4,True,0,50.5
PID-00150,2025-01-06,1944-03-20,Emergency,81.0,Male,10452,7,7,False,0,73.2
PID-00151,2025-12-15,1972-07-29,Geriatrics,53.0,Female,10453,4,4,False,0,62.4
PID-00152,2025-02-28,1966-04-02,Emergency,59.0,Male,10001,10,10,True,0,58.5
PID-00153,2025-12-16,1947-06-29,Geriatrics,,Male,10452,10,10,False,0,79.9
PID-00154,2025-10-02,1988-10-06,General Medicine,37.0,Female,10453,10,8,True,0,44.1
PID-00155,2025-05-17,1958-12-05,Emergency,66.0,Unknown,10452,9,9,True,0,55.4
PID-00156,2025-11-25,1981-03-18,Emergency,45.0,Male,10001,5,5,True,0,56.2
PID-00157,2025-06-24,1972-01-24,General Medicine,53.0,Female,10453,8,5,True,0,43.9
PID-00158,2025-02-27,1968-05-27,Cardiology,57.0,Female,10451,6,6,True,1,89.4
PID-00159,2025-05-31,1997-03-15,Emergency,28.0,Male,10453,4,4,True,0,48.6
PID-00160,2025-08-11,1984-05-06,General Medicine,41.0,Female,10001,3,3,True,0,46.9
PID-00161,2025-03-22,1944-09-28,Geriatrics,,Male,10452,6,6,False,0,85.6
PID-00162,2025-08-21,1954-03-29,Geriatrics,71.0,Female,10453,1,1,True,0,57.4
PID-00163,2025-01-02,1971-01-18,General Medicine,54.0,Female,10451,2,2,False,0,73.4
PID-00164,2025-05-15,1965-09-13,Emergency,60.0,Female,10002,7,5,True,1,74.5
PID-00165,2025-09-14,1975-09-15,General Medicine,50.0,Male,10001,4,4,True,0,34.4
PID-00166,2025-04-02,1944-12-16,Cardiology,80.0,Female,10002,5,3,True,0,50.4
PID-00167,2025-09-17,1973-07-14,Cardiology,52.0,Male,10002,10,10,True,1,77.6
PID-00168,2025-02-24,1964-10-29,Emergency,60.0,Male,10452,1,1,False,0,65.9
PID-00169,2025-11-17,1949-07-28,Geriatrics,76.0,Male,10001,2,2,True,0,78.5
PID-00170,2025-06-02,1982-12-24,General Medicine,42.0,Female,10001,4,4,True,0,42.9
PID-00171,2025-11-24,1941-10-22,Cardiology,84.0,Female,10002,8,8,True,0,48.2
PID-00172,2025-09-17,1997-04-05,Emergency,28.0,Male,10451,10,10,True,0,50.4
PID-00173,2025-11-08,1940-08-07,Geriatrics,85.0,Female,10452,4,4,True,0,62.3
PID-00174,2025-04-12,1976-05-16,Emergency,49.0,Male,10452,3,3,False,1,100.0
PID-00175,2025-03-20,1974-02-13,General Medicine,51.0,Female,10453,3,3,True,0,27.5
PID-00176,2025-07-11,2005-01-01,General Medicine,21.0,Male,10002,5,5,True,0,63.6
PID-00177,2025-03-24,1977-12-28,General Medicine,47.0,Female,10451,3,3,True,0,38.2
PID-00178,2025-10-04,1989-02-07,Cardiology,37.0,Male,10002,8,8,True,0,59.8
PID-00179,2025-09-29,1981-03-16,General Medicine,45.0,Female,10001,5,5,True,0,67.6
PID-00180,2025-01-01,1971-12-18,Cardiology,53.0,Male,10451,7,7,False,0,76.7
PID-00181,2025-11-03,1953-02-17,Geriatrics,73.0,Male,10453,8,8,True,1,74.7
PID-00182,2025-06-15,1966-11-16,General Medicine,59.0,Male,10001,5,5,True,0,48.3
PID-00183,2025-09-08,1964-03-29,Emergency,61.0,Female,10001,8,8,True,0,56.8
PID-00184,2025-01-10,1989-06-11,Emergency,36.0,Female,10452,3,3,False,0,70.3
PID-00185,2025-02-27,1985-05-16,Emergency,40.0,Male,10452,7,7,False,1,85.6
PID-00186,2025-07-05,1937-08-18,Emergency,88.0,Female,10451,8,8,True,0,60.9
PID-00187,2025-06-07,1983-09-14,General Medicine,42.0,Female,10452,7,7,True,0,45.3
PID-00188,2025-05-03,1940-06-06,Cardiology,85.0,Female,10453,2,2,True,0,65.4
PID-00189,2025-01-30,1973-08-15,General Medicine,51.0,Female,10002,8,8,True,0,40.4
PID-00190,2025-05-04,1969-06-25,Emergency,56.0,Male,10002,6,6,True,0,32.6
PID-00191,2025-10-18,1951-02-02,Geriatrics,75.0,Male,10001,10,10,True,0,50.9
PID-00192,2025-02-10,1947-07-10,Cardiology,78.0,Female,10452,3,3,False,0,64.7
PID-00193,2025-02-13,1970-08-25,Cardiology,54.0,Female,10002,4,4,True,0,44.3
PID-00194,2025-09-06,1976-10-05,Emergency,49.0,Female,10453,7,4,False,0,76.0
PID-00195,2025-02-05,1971-04-23,Emergency,54.0,Male,10452,3,3,True,0,46.5
PID-00196,2025-09-30,1963-06-26,General Medicine,62.0,Male,10002,1,1,True,0,49.8
PID-00197,2025-03-06,1953-08-17,Geriatrics,72.0,Female,10001,6,6,True,0,51.0
PID-00198,2025-03-07,1969-03-04,Cardiology,56.0,Female,10451,3,3,False,0,70.2
PID-00199,2025-12-04,1958-10-15,Cardiology,67.0,Female,10002,10,10,True,0,51.4
PID-00200,2025-09-01,1941-01-07,General Medicine,,Female,10453,6,4,False,0,69.3
PID-00201,2025-10-09,1963-05-28,General Medicine,62.0,Female,10451,10,10,False,0,68.0
PID-00202,2025-03-26,1963-10-13,General Medicine,61.0,Male,10002,3,3,True,0,43.9
PID-00203,2025-05-16,1997-01-29,Emergency,28.0,Male,10451,6,6,False,1,69.7
PID-00204,2025-09-28,2007-12-04,Emergency,18.0,Female,10001,4,4,False,0,69.3
PID-00205,2025-11-07,1963-06-10,General Medicine,62.0,Female,10451,4,4,False,0,61.2
PID-00206,2025-08-05,1971-04-21,Cardiology,54.0,Male,10001,10,10,True,0,40.6
PID-00207,2025-04-19,1979-04-01,Emergency,46.0,Male,10452,10,10,True,0,62.6
PID-00208,2025-10-04,1965-12-02,Cardiology,60.0,Female,10451,2,2,False,0,77.7
PID-00209,2025-12-20,1971-10-01,Geriatrics,54.0,Male,10451,4,4,True,1,78.4
PID-00210,2025-04-13,1948-10-19,General Medicine,76.0,Male,10452,4,4,True,0,60.5
PID-00211,2025-06-09,1968-07-12,Cardiology,57.0,Female,10001,7,7,False,1,100.0
PID-00212,2025-07-24,1983-02-01,General Medicine,42.0,Female,10451,5,3,False,0,66.5
PID-00213,2025-12-10,1952-07-03,Cardiology,73.0,Female,10451,8,6,False,0,80.7
PID-00214,2025-11-29,1974-05-04,Cardiology,52.0,Male,10451,7,7,False,0,66.4
PID-00215,2025-07-11,1960-06-26,Cardiology,65.0,Female,10453,10,8,False,0,71.0
PID-00216,2025-08-13,1978-07-27,Emergency,47.0,Male,10001,9,9,False,0,72.6
PID-00217,2025-09-22,1981-08-20,Emergency,44.0,Male,10452,8,8,True,0,52.0
PID-00218,2025-08-20,1968-03-03,Cardiology,57.0,Female,10451,9,6,False,0,66.7
PID-00219,2025-03-03,1969-03-23,Cardiology,56.0,Female,10451,1,1,False,0,76.2
PID-00220,2025-05-07,1961-01-25,General Medicine,64.0,Female,10452,10,10,True,0,48.2
PID-00221,2025-04-26,1974-09-27,Cardiology,51.0,Female,10001,3,3,True,1,72.9
PID-00222,2025-02-02,2003-07-27,Emergency,22.0,Female,10452,5,5,True,0,33.6
PID-00223,2025-06-23,1977-08-14,Emergency,48.0,Male,10001,9,9,True,0,42.3
PID-00224,2025-01-11,1955-03-30,Cardiology,70.0,Male,10451,8,8,True,0,67.8
PID-00225,2025-10-29,1975-06-15,Emergency,50.0,Male,10452,10,10,False,0,77.1
PID-00226,2025-10-11,1974-08-27,Cardiology,51.0,Male,10001,7,7,True,1,74.8
PID-00227,2025-04-28,1952-07-02,Geriatrics,73.0,Unknown,10452,2,2,False,0,75.0
PID-00228,2025-10-29,1982-06-08,Cardiology,43.0,Male,10001,6,6,True,0,51.4
PID-00229,2025-04-23,1996-10-25,General Medicine,28.0,Female,10452,4,4,False,1,73.4
PID-00230,2025-01-04,1971-08-07,Cardiology,53.0,Female,10451,5,2,True,0,51.3
PID-00231,2025-02-06,1978-01-30,Emergency,47.0,Female,10452,5,3,True,1,63.8
PID-00232,2025-12-29,1987-08-31,Emergency,38.0,Female,10453,4,4,True,0,49.2
PID-00233,2025-11-20,1973-08-13,Emergency,52.0,Female,10451,4,4,False,0,71.9
PID-00234,2025-01-31,1960-09-25,Emergency,64.0,Female,10002,4,4,True,1,71.9
PID-00235,2025-04-28,1970-07-18,Cardiology,55.0,Male,10453,2,2,True,0,56.7
PID-00236,2025-02-04,1964-04-26,Cardiology,61.0,Female,10001,1,1,True,0,44.3
PID-00237,2025-01-17,1937-02-16,General Medicine,88.0,Male,10452,2,2,False,0,73.4
PID-00238,2025-06-19,1976-05-01,Emergency,49.0,Male,10453,7,7,False,0,75.6
PID-00239,2025-02-06,1964-05-07,Emergency,61.0,Female,10452,1,1,True,0,46.8
PID-00240,2025-09-21,1979-04-06,General Medicine,46.0,Male,10001,6,6,True,0,62.1
PID-00241,2025-05-02,1985-09-21,Emergency,40.0,Female,10001,4,4,False,1,95.1
PID-00242,2025-05-23,1980-08-16,General Medicine,45.0,Female,10002,2,2,True,0,55.0
PID-00243,2025-12-09,1979-03-12,Emergency,47.0,Female,10002,3,3,True,0,58.4
PID-00244,2025-09-06,1963-06-16,General Medicine,62.0,Male,10001,7,7,True,0,49.4
PID-00245,2025-04-20,1930-08-18,General Medicine,95.0,Male,10452,6,6,False,0,66.3
PID-00246,2025-10-04,1982-09-22,Emergency,43.0,Female,10002,6,4,True,0,55.6
PID-00247,2025-03-09,1977-08-16,General Medicine,48.0,Male,10453,8,8,True,0,60.7
PID-00248,2025-10-20,1971-09-12,Cardiology,54.0,Non-Binary,10453,8,8,True,0,47.6
PID-00249,2025-10-23,1962-12-01,General Medicine,63.0,Non-Binary,10453,6,6,False,0,78.9
PID-00250,2025-08-31,1965-05-19,Emergency,60.0,Female,10002,1,1,True,0,39.5
PID-00251,2025-05-05,1946-06-20,General Medicine,79.0,Male,10451,10,10,False,0,81.3
PID-00252,2025-08-31,2007-12-24,General Medicine,18.0,Male,10002,7,7,True,0,47.4
PID-00253,2025-07-28,2007-11-04,Emergency,18.0,Female,10002,8,8,True,0,35.8
PID-00254,2025-04-08,1977-12-11,General Medicine,47.0,Male,10452,5,5,True,1,78.6
PID-00255,2025-02-18,1950-04-10,Geriatrics,75.0,Male,10453,4,4,False,0,72.0
PID-00256,2025-02-19,1998-08-17,Cardiology,27.0,Female,10001,7,4,True,0,53.4
PID-00257,2025-12-04,2007-12-16,Emergency,18.0,Female,10002,6,6,True,0,41.0
PID-00258,2025-08-09,1959-06-13,Cardiology,66.0,Female,10002,6,3,True,1,69.9
PID-00259,2025-07-01,1965-10-10,General Medicine,60.0,Female,10452,3,3,False,0,63.6
PID-00260,2025-08-05,1990-01-12,General Medicine,36.0,Male,10453,10,10,True,0,59.3
PID-00261,2025-07-30,1987-11-10,Emergency,38.0,Female,10001,4,4,True,0,48.6
PID-00262,2025-08-28,1987-09-13,Emergency,38.0,Unknown,10002,5,5,True,0,50.3
PID-00263,2025-01-28,1967-09-26,Emergency,57.0,Male,10453,9,9,False,1,96.3
PID-00264,2025-12-11,1982-05-14,Emergency,44.0,Female,10002,8,6,True,0,50.9
PID-00265,2025-12-01,1961-07-14,Emergency,64.0,Female,10452,3,3,False,0,86.9
PID-00266,2025-11-27,2007-07-16,General Medicine,18.0,Female,10001,6,3,True,0,49.6
PID-00267,2025-02-20,1984-09-15,Emergency,40.0,Female,10451,10,10,False,1,77.8
PID-00268,2025-02-01,1990-02-28,Emergency,35.0,Female,10451,1,1,True,0,46.7
PID-00269,2025-07-26,1974-05-17,Emergency,51.0,Male,10452,3,3,False,0,70.6
PID-00270,2025-06-23,1979-03-03,Emergency,46.0,Male,10002,10,10,True,0,38.7
PID-00271,2025-02-25,1954-11-17,Cardiology,70.0,Female,10002,7,5,True,0,57.9
PID-00272,2025-05-08,2003-05-06,General Medicine,22.0,Female,10002,7,4,True,0,48.0
PID-00273,2025-04-09,1969-08-30,Cardiology,56.0,Female,10451,2,2,True,0,66.0
PID-00274,2025-04-08,1959-04-27,Cardiology,66.0,Female,10453,3,3,False,0,73.9
PID-00275,2025-10-02,1936-07-05,Geriatrics,,Female,10453,7,5,True,0,68.5
PID-00276,2025-08-18,1978-10-26,General Medicine,47.0,Female,10001,6,4,True,0,48.7
PID-00277,2025-03-13,1964-06-07,General Medicine,61.0,Female,10453,7,7,False,0,77.7
PID-00278,2025-08-05,2002-05-12,Emergency,23.0,Female,10001,10,10,True,0,62.6
PID-00279,2025-04-04,2007-08-29,General Medicine,18.0,Female,10451,9,6,True,0,53.4
PID-00280,2025-05-23,1954-03-07,Geriatrics,71.0,Female,10452,8,6,False,0,79.5
PID-00281,2025-08-25,1970-12-03,Cardiology,55.0,Female,10001,6,4,True,0,60.3
PID-00282,2025-05-08,1948-04-06,Geriatrics,,Male,10001,4,4,True,0,46.8
PID-00283,2025-02-08,1993-11-03,General Medicine,31.0,Male,10002,10,10,True,0,51.6
PID-00284,2025-08-15,1960-05-13,Cardiology,65.0,Male,10452,9,9,True,0,38.8
PID-00285,2025-10-09,1936-09-13,Cardiology,89.0,Female,10451,7,4,False,0,87.2
PID-00286,2025-02-20,1962-07-04,General Medicine,63.0,Male,10451,5,5,False,0,70.9
PID-00287,2025-01-26,1965-01-28,General Medicine,60.0,Male,10453,2,2,False,0,69.3
PID-00288,2025-11-30,1970-02-05,Emergency,56.0,Female,10452,9,7,False,0,66.7
PID-00289,2025-10-04,1998-12-15,Cardiology,27.0,Male,10452,7,7,False,0,76.1
PID-00290,2025-01-08,1944-08-02,Emergency,80.0,Female,10451,9,7,True,0,43.9
PID-00291,2025-02-17,1980-02-29,General Medicine,45.0,Male,10001,9,9,True,0,67.1
PID-00292,2025-05-02,1960-05-13,Geriatrics,65.0,Male,10001,10,10,True,0,48.7
PID-00293,2025-03-27,1998-03-24,General Medicine,27.0,Female,10452,5,5,False,0,58.3
PID-00294,2025-07-28,1991-08-28,Emergency,34.0,Male,10452,7,7,True,0,26.3
PID-00295,2025-09-06,1944-11-14,Cardiology,81.0,Male,10453,5,5,False,0,78.5
PID-00296,2025-09-04,1976-04-21,General Medicine,49.0,Female,10001,3,3,True,0,52.1
PID-00297,2025-04-20,1943-01-20,Geriatrics,,Female,10001,10,8,True,0,62.7
PID-00298,2025-07-25,1971-05-24,General Medicine,54.0,Male,10001,8,8,True,0,36.9
PID-00299,2025-01-31,2002-10-17,Emergency,22.0,Female,10001,8,8,True,0,38.9
PID-00300,2025-03-26,1952-10-25,Emergency,72.0,Male,10451,9,9,False,0,92.2
PID-00301,2025-07-14,1981-01-06,General Medicine,45.0,Male,10453,6,6,False,0,56.0
PID-00302,2025-01-02,1957-05-04,General Medicine,68.0,Female,10451,2,2,True,0,61.0
PID-00303,2025-07-19,1969-02-07,General Medicine,56.0,Female,10451,3,3,False,0,66.5
PID-00304,2025-05-16,1997-05-19,General Medicine,28.0,Female,10452,10,10,False,0,65.2
PID-00305,2025-08-21,1967-07-05,Cardiology,58.0,Female,10001,6,6,True,1,72.5
PID-00306,2025-05-27,1930-07-24,Cardiology,95.0,Unknown,10453,1,1,False,0,75.1
PID-00307,2025-08-05,1961-03-10,General Medicine,64.0,Female,10452,2,2,True,0,44.8
PID-00308,2025-12-23,1971-08-12,Emergency,54.0,Male,10001,8,8,True,1,84.0
PID-00309,2025-10-12,1950-05-28,Geriatrics,,Female,10452,8,6,True,0,56.4
PID-00310,2025-12-05,1967-01-31,Cardiology,59.0,Male,10451,6,6,False,0,59.0
PID-00311,2025-09-07,1967-02-15,Cardiology,59.0,Male,10001,3,3,True,1,74.2
PID-00312,2025-03-21,1988-10-03,Emergency,36.0,Male,10002,2,2,True,0,40.5
PID-00313,2025-04-08,1965-04-24,General Medicine,60.0,Male,10002,6,6,True,1,65.2
PID-00314,2025-06-01,1951-05-18,Cardiology,74.0,Non-Binary,10002,1,1,True,0,73.1
PID-00315,2025-04-22,1985-08-22,Emergency,40.0,Female,10002,10,7,False,1,93.4
PID-00316,2025-01-30,1944-01-14,Geriatrics,,Female,10451,6,4,True,0,48.5
PID-00317,2025-10-24,1971-12-13,Emergency,54.0,Male,10451,9,9,False,0,69.1
PID-00318,2025-10-05,1985-07-01,General Medicine,40.0,Male,10452,7,7,False,0,70.6
PID-00319,2025-02-01,1952-03-09,Geriatrics,73.0,Male,10453,9,9,True,0,58.1
PID-00320,2025-06-10,1975-11-26,Cardiology,50.0,Male,10452,2,2,True,0,45.6
PID-00321,2025-01-30,1955-11-08,Emergency,69.0,Female,10451,5,3,True,0,47.5
PID-00322,2025-01-26,1975-01-16,Cardiology,50.0,Female,10453,9,9,False,0,66.3
PID-00323,2025-10-27,1971-08-06,General Medicine,54.0,Female,10452,7,4,False,0,62.9
PID-00324,2025-09-02,1961-06-14,General Medicine,64.0,Male,10001,9,9,True,0,48.9
PID-00325,2025-09-15,1964-07-29,Emergency,61.0,Female,10002,6,6,True,0,53.8
PID-00326,2025-09-29,2005-07-22,General Medicine,20.0,Female,10452,7,4,True,0,65.8
PID-00327,2025-03-22,1990-08-28,General Medicine,35.0,Female,10452,10,7,False,0,77.0
PID-00328,2025-01-30,1953-02-28,Geriatrics,72.0,Female,10453,5,3,False,1,80.6
PID-00329,2025-09-18,1972-04-18,Emergency,53.0,Male,10452,6,6,False,0,72.0
PID-00330,2025-02-11,1979-05-05,Emergency,46.0,Male,10453,1,1,True,0,63.6
PID-00331,2025-04-06,1994-04-23,General Medicine,31.0,Male,10001,1,1,True,1,73.7
PID-00332,2025-02-05,1988-11-14,General Medicine,36.0,Female,10451,2,2,False,0,84.0
PID-00333,2025-11-01,2007-03-20,Emergency,19.0,Male,10453,4,4,False,0,60.1
PID-00334,2025-02-04,1971-06-16,Emergency,54.0,Male,10002,9,9,False,0,62.1
PID-00335,2025-12-12,1981-03-17,Cardiology,45.0,Male,10001,7,7,True,0,48.5
PID-00336,2025-05-01,1987-01-27,Cardiology,38.0,Male,10002,6,6,True,0,48.7
PID-00337,2025-07-26,1971-04-25,Emergency,54.0,Female,10452,1,1,False,1,100.0
PID-00338,2025-03-03,1963-08-28,General Medicine,62.0,Female,10001,5,2,True,0,50.0
PID-00339,2025-10-19,1932-06-01,Geriatrics,,Male,10452,4,4,False,1,100.0
PID-00340,2025-05-07,1997-10-01,Cardiology,28.0,Male,10001,5,5,True,1,97.3
PID-00341,2025-10-24,1950-01-05,Geriatrics,76.0,Female,10451,9,6,True,0,53.0
PID-00342,2025-11-01,1952-05-22,Geriatrics,73.0,Male,10453,3,3,False,0,91.6
PID-00343,2025-01-21,1983-09-02,Emergency,41.0,Male,10001,4,4,True,0,53.7
PID-00344,2025-11-14,1967-01-25,Emergency,59.0,Male,10001,8,8,False,0,66.7
PID-00345,2025-02-11,1977-08-26,Emergency,47.0,Male,10451,3,3,False,0,72.3
PID-00346,2025-08-03,1966-06-28,Cardiology,59.0,Female,10451,3,3,False,1,87.6
PID-00347,2025-12-03,1943-04-10,Geriatrics,,Female,10002,9,9,False,0,80.8
PID-00348,2025-10-26,1960-01-10,General Medicine,66.0,Male,10451,5,5,False,0,80.0
PID-00349,2025-10-17,1960-07-14,General Medicine,65.0,Male,10453,10,10,False,0,74.3
PID-00350,2025-09-25,1977-03-30,General Medicine,48.0,Female,10002,1,1,True,0,48.9
PID-00351,2025-06-11,1996-04-30,General Medicine,29.0,Female,10002,7,7,True,0,65.0
PID-00352,2025-05-14,1972-12-14,Cardiology,52.0,Female,10451,7,7,False,1,87.1
PID-00353,2025-04-15,1948-09-06,General Medicine,77.0,Female,10451,6,3,False,0,73.8
PID-00354,2025-12-09,1997-06-21,General Medicine,28.0,Male,10001,6,6,True,0,52.2
PID-00355,2025-06-10,1988-09-20,General Medicine,37.0,Male,10452,3,3,True,0,42.7
PID-00356,2025-05-03,1967-10-19,Emergency,58.0,Female,10453,3,3,False,0,76.1
PID-00357,2025-05-16,1987-03-23,Emergency,38.0,Male,10002,10,10,True,0,61.8
PID-00358,2025-07-22,1984-08-02,General Medicine,41.0,Female,10452,9,7,True,0,45.3
PID-00359,2025-03-09,1977-08-17,General Medicine,48.0,Female,10001,1,1,True,0,50.8
PID-00360,2025-12-10,1995-04-26,General Medicine,31.0,Female,10452,7,7,True,0,55.9
PID-00361,2025-11-27,1988-04-19,Emergency,38.0,Male,10451,10,10,False,0,77.9
PID-00362,2025-06-03,1957-11-03,General Medicine,68.0,Female,10451,7,7,True,0,91.3
PID-00363,2025-08-23,1993-11-20,Cardiology,32.0,Male,10451,8,8,True,0,37.8
PID-00364,2025-06-11,1998-08-03,Emergency,27.0,Female,10001,6,6,True,0,63.4
PID-00365,2025-02-07,1980-10-25,General Medicine,44.0,Female,10452,8,6,False,0,64.2
PID-00366,2025-01-05,1956-05-29,Cardiology,69.0,Male,10451,1,1,False,0,74.6
PID-00367,2025-08-23,1973-05-01,General Medicine,52.0,Non-Binary,10002,1,1,True,0,51.3
PID-00368,2025-11-15,1979-01-19,Emergency,47.0,Female,10453,9,6,False,1,95.6
PID-00369,2025-10-16,1969-12-03,General Medicine,56.0,Male,10001,4,4,True,0,61.3
PID-00370,2025-02-21,2001-01-24,Emergency,24.0,Male,10452,3,3,True,0,36.8
PID-00371,2025-02-07,1961-01-20,Cardiology,64.0,Male,10002,6,6,False,0,43.2
PID-00372,2025-10-03,1963-08-15,Cardiology,62.0,Male,10451,10,10,True,1,92.4
PID-00373,2025-04-20,1976-11-29,General Medicine,48.0,Male,10002,9,9,True,1,62.0
PID-00374,2025-09-17,1951-08-22,Cardiology,74.0,Female,10002,10,7,True,0,69.0
PID-00375,2025-05-16,1990-04-06,Emergency,35.0,Male,10001,4,4,True,0,62.6
PID-00376,2025-03-09,1949-03-28,Geriatrics,,Male,10452,9,9,False,0,90.2
PID-00377,2025-06-28,1967-12-18,Cardiology,58.0,Female,10452,5,2,True,0,54.6
PID-00378,2025-02-05,1976-01-18,General Medicine,49.0,Male,10452,7,7,False,0,76.7
PID-00379,2025-05-06,1969-11-24,General Medicine,55.0,Female,10453,3,3,False,1,90.3
PID-00380,2025-07-09,1971-11-07,Emergency,54.0,Male,10453,3,3,True,0,32.8
PID-00381,2025-05-26,1948-02-23,General Medicine,77.0,Male,10451,3,3,True,0,56.9
PID-00382,2025-03-22,1989-09-15,General Medicine,36.0,Female,10452,8,6,False,0,65.1
PID-00383,2025-08-13,1983-03-19,General Medicine,42.0,Female,10001,6,6,True,0,41.5
PID-00384,2025-10-06,1951-05-24,Geriatrics,74.0,Female,10453,9,7,True,0,60.4
PID-00385,2025-12-27,1981-05-24,Cardiology,45.0,Female,10453,9,6,True,0,32.5
PID-00386,2025-06-04,1953-02-05,Geriatrics,72.0,Female,10001,8,5,True,0,71.3
PID-00387,2025-11-10,1940-04-16,Cardiology,86.0,Male,10451,1,1,True,0,59.4
PID-00388,2025-12-01,1977-06-06,Emergency,48.0,Male,10453,6,6,True,0,45.6
PID-00389,2025-09-28,1958-02-18,Cardiology,68.0,Female,10001,4,4,True,0,57.2
PID-00390,2025-01-05,1990-01-03,General Medicine,35.0,Female,10002,4,4,False,0,68.6
PID-00391,2025-12-08,1956-09-22,Cardiology,69.0,Unknown,10002,3,3,True,0,50.7
PID-00392,2025-10-11,1967-02-15,Emergency,59.0,Male,10002,9,9,True,0,40.6
PID-00393,2025-06-03,1961-07-05,General Medicine,64.0,Male,10001,2,2,False,0,58.2
PID-00394,2025-12-06,1981-06-18,General Medicine,44.0,Female,10002,1,1,True,0,37.2
PID-00395,2025-02-23,1999-03-22,General Medicine,26.0,Male,10002,10,10,True,0,42.3
PID-00396,2025-03-10,1959-11-01,Cardiology,65.0,Female,10453,3,3,True,1,73.7
PID-00397,2025-05-16,2007-09-30,General Medicine,18.0,Female,10002,4,4,True,0,59.9
PID-00398,2025-03-01,1975-04-07,General Medicine,50.0,Male,10451,4,4,False,0,55.8
PID-00399,2025-02-24,1953-01-11,General Medicine,72.0,Female,10002,6,6,True,0,68.2
PID-00400,2025-10-11,1966-09-27,Cardiology,59.0,Female,10001,1,1,True,0,35.5
PID-00401,2025-03-21,1934-02-28,Cardiology,91.0,Male,10453,1,1,False,0,80.9
PID-00402,2025-05-20,1950-12-14,Geriatrics,74.0,Female,10453,2,2,False,0,66.3
PID-00403,2025-05-25,1981-11-06,Emergency,44.0,Female,10451,4,4,False,1,83.6
PID-00404,2025-11-06,1969-09-05,Emergency,56.0,Female,10451,7,7,False,0,72.8
PID-00405,2025-04-18,1970-07-28,General Medicine,55.0,Male,10452,6,6,True,0,52.7
PID-00406,2025-06-25,1998-03-25,Emergency,27.0,Female,10002,9,6,True,0,56.7
PID-00407,2025-04-15,1986-06-23,General Medicine,39.0,Male,10001,7,7,True,0,41.6
PID-00408,2025-12-18,1981-04-08,General Medicine,45.0,Male,10451,5,5,False,0,79.0
PID-00409,2025-11-21,2006-11-02,Emergency,19.0,Female,10453,6,4,False,1,100.0
PID-00410,2025-05-16,1969-02-06,General Medicine,56.0,Male,10001,10,10,True,0,52.1
PID-00411,2025-09-16,1974-10-16,General Medicine,51.0,Male,10451,9,9,True,0,33.9
PID-00412,2025-09-08,2000-04-17,Emergency,25.0,Female,10001,1,1,True,0,32.6
PID-00413,2025-05-09,1962-08-25,Emergency,63.0,Female,10001,9,7,True,0,51.4
PID-00414,2025-01-27,1957-02-24,Cardiology,68.0,Female,10451,6,6,False,0,74.8
PID-00415,2025-02-17,1964-09-04,Emergency,60.0,Female,10002,4,4,True,0,41.0
PID-00416,2025-11-21,1975-06-24,Emergency,50.0,Male,10453,5,5,False,1,93.5
PID-00417,2025-08-05,1959-07-26,Cardiology,66.0,Male,10451,1,1,False,0,76.8
PID-00418,2025-05-22,1957-11-13,General Medicine,68.0,Male,10002,7,7,True,0,58.6
PID-00419,2025-01-23,1963-10-13,General Medicine,61.0,Female,10451,8,6,False,1,87.1
PID-00420,2025-01-02,1983-09-21,General Medicine,41.0,Female,10452,5,2,True,0,67.8
PID-00421,2025-06-20,1965-10-06,General Medicine,60.0,Female,10001,2,2,True,0,40.2
PID-00422,2025-03-08,1948-07-03,Geriatrics,,Female,10451,8,8,False,0,77.6
PID-00423,2025-11-23,1981-05-01,Emergency,45.0,Male,10452,10,10,False,0,51.6
PID-00424,2025-05-15,1932-11-09,Emergency,93.0,Female,10001,7,7,True,1,74.6
PID-00425,2025-03-24,1978-12-02,General Medicine,46.0,Male,10453,10,10,True,0,38.3
PID-00426,2025-08-15,1969-04-12,General Medicine,56.0,Female,10002,9,9,False,0,65.2
PID-00427,2025-10-10,1982-09-20,General Medicine,43.0,Male,10001,4,4,True,1,72.8
PID-00428,2025-12-28,1965-09-24,General Medicine,60.0,Female,10451,9,6,False,0,66.2
PID-00429,2025-08-07,2001-04-29,Emergency,24.0,Male,10001,4,4,True,0,45.1
PID-00430,2025-10-15,1980-03-01,Emergency,46.0,Male,10452,3,3,False,0,71.9
PID-00431,2025-01-05,1989-01-29,Emergency,36.0,Male,10451,3,3,False,0,72.6
PID-00432,2025-02-27,1967-05-12,General Medicine,58.0,Female,10001,10,10,True,0,28.6
PID-00433,2025-02-08,1952-02-13,Cardiology,73.0,Female,10453,2,2,True,0,69.5
PID-00434,2025-12-20,1959-03-03,Emergency,67.0,Male,10452,10,10,False,1,100.0
PID-00435,2025-03-18,2007-02-16,Emergency,18.0,Male,10451,3,3,True,0,32.4
PID-00436,2025-10-07,1933-05-10,Geriatrics,,Female,10002,8,6,True,0,68.1
PID-00437,2025-01-19,1963-10-30,Cardiology,61.0,Male,10001,8,8,True,0,59.2
PID-00438,2025-07-09,1983-10-26,Emergency,42.0,Female,10452,2,2,True,0,32.1
PID-00439,2025-10-26,1968-02-02,Cardiology,58.0,Female,10453,2,2,True,0,47.2
PID-00440,2025-10-10,1967-01-05,General Medicine,59.0,Male,10001,2,2,True,0,52.4
PID-00441,2025-03-17,1982-05-24,Emergency,43.0,Male,10451,10,10,False,0,79.6
PID-00442,2025-08-09,1966-03-28,General Medicine,59.0,Unknown,10451,7,7,True,0,54.4
PID-00443,2025-03-07,1980-04-27,General Medicine,45.0,Male,10002,6,6,True,1,69.9
PID-00444,2025-01-22,1977-04-13,Emergency,48.0,Male,10452,1,1,False,0,60.3
PID-00445,2025-06-07,1982-10-08,General Medicine,43.0,Female,10001,2,2,True,0,36.7
PID-00446,2025-07-06,1995-10-03,General Medicine,30.0,Female,10002,1,1,True,0,41.6
PID-00447,2025-01-21,1966-08-12,General Medicine,58.0,Unknown,10001,7,7,True,0,54.8
PID-00448,2025-07-03,1959-03-16,General Medicine,66.0,Female,10002,6,6,True,1,93.3
PID-00449,2025-04-18,1960-09-18,General Medicine,65.0,Male,10002,2,2,True,0,46.6
PID-00450,2025-12-16,1955-09-07,General Medicine,70.0,Male,10453,2,2,False,1,100.0
PID-00451,2025-05-08,1964-03-13,General Medicine,61.0,Female,10452,2,2,False,0,73.7
PID-00452,2025-12-08,1979-07-12,General Medicine,46.0,Female,10001,8,8,True,0,72.8
PID-00453,2025-02-22,1953-11-14,Geriatrics,71.0,Male,10452,7,7,False,0,63.5
PID-00454,2025-07-01,1994-11-22,General Medicine,31.0,Female,10452,1,1,False,1,93.0
PID-00455,2025-10-14,1986-11-16,General Medicine,39.0,Male,10002,4,4,True,0,51.9
PID-00456,2025-07-28,1987-02-16,Emergency,38.0,Female,10001,4,4,True,0,66.6
PID-00457,2025-11-14,1951-04-10,Geriatrics,,Male,10001,7,7,True,0,46.9
PID-00458,2025-03-21,1953-05-12,Geriatrics,72.0,Male,10002,2,2,True,0,51.3
PID-00459,2025-05-02,1961-09-09,General Medicine,64.0,Male,10453,4,4,False,0,70.5
PID-00460,2025-03-25,1950-06-13,Geriatrics,75.0,Male,10451,1,1,True,1,74.0
PID-00461,2025-04-01,1984-12-05,Emergency,40.0,Male,10453,4,4,False,0,67.8
PID-00462,2025-07-31,1963-05-24,Cardiology,62.0,Female,10452,1,1,False,0,55.3
PID-00463,2025-01-13,1972-01-25,Cardiology,53.0,Female,10002,2,2,False,0,80.8
PID-00464,2025-04-02,1954-04-01,Geriatrics,71.0,Female,10453,2,2,False,0,95.1
PID-00465,2025-06-20,1972-10-13,Cardiology,53.0,Non-Binary,10001,10,10,True,0,65.4
PID-00466,2025-07-30,1976-02-18,Emergency,49.0,Male,10001,3,3,True,1,76.4
PID-00467,2025-12-09,1960-07-07,Emergency,65.0,Male,10452,8,8,False,0,71.6
PID-00468,2025-05-08,1954-07-08,Geriatrics,71.0,Female,10002,6,6,True,0,59.9
PID-00469,2025-05-17,1982-09-24,Emergency,43.0,Male,10002,6,6,True,0,57.7
PID-00470,2025-03-23,1971-04-28,General Medicine,54.0,Non-Binary,10452,9,9,True,0,61.4
PID-00471,2025-12-26,1989-08-11,Cardiology,36.0,Male,10453,8,8,False,0,76.4
PID-00472,2025-02-25,2007-07-21,General Medicine,18.0,Non-Binary,10002,2,2,True,0,52.2
PID-00473,2025-07-15,1966-10-05,Emergency,59.0,Male,10002,6,6,True,0,56.3
PID-00474,2025-01-20,1959-02-08,Cardiology,66.0,Female,10451,1,1,True,0,59.9
PID-00475,2025-08-29,1965-06-22,General Medicine,60.0,Female,10452,9,7,False,0,57.9
PID-00476,2025-04-24,2005-03-05,Emergency,20.0,Unknown,10002,4,4,True,0,44.7
PID-00477,2025-04-13,1976-04-25,General Medicine,49.0,Male,10453,4,4,False,0,71.9
PID-00478,2025-08-24,2007-04-12,General Medicine,18.0,Female,10452,9,9,False,0,62.2
PID-00479,2025-06-29,1945-01-23,Emergency,80.0,Non-Binary,10452,3,3,False,0,71.5
PID-00480,2025-06-06,1989-06-30,General Medicine,36.0,Female,10453,5,3,False,0,75.6
PID-00481,2025-04-27,1946-11-04,Cardiology,78.0,Female,10453,1,1,False,0,86.1
PID-00482,2025-04-25,1951-12-28,Geriatrics,73.0,Female,10001,6,6,True,0,62.7
PID-00483,2025-01-13,1986-04-26,Cardiology,39.0,Male,10001,3,3,True,0,45.5
PID-00484,2025-12-04,1990-08-18,General Medicine,35.0,Female,10452,1,1,True,1,72.0
PID-00485,2025-04-09,1962-12-21,Cardiology,62.0,Female,10453,10,10,True,0,56.3
PID-00486,2025-07-24,1985-07-18,General Medicine,40.0,Female,10452,6,3,False,0,61.9
PID-00487,2025-06-18,1968-07-07,General Medicine,57.0,Male,10451,10,10,True,0,36.9
PID-00488,2025-05-23,1978-04-15,General Medicine,47.0,Male,10452,2,2,False,0,74.6
PID-00489,2025-02-05,2002-05-11,Cardiology,23.0,Female,10002,8,8,True,0,48.9
PID-00490,2025-05-23,2007-11-18,Cardiology,18.0,Female,10453,2,2,False,0,81.8
PID-00491,2025-06-29,1965-07-19,General Medicine,60.0,Male,10451,4,4,True,0,40.4
PID-00492,2025-11-25,1981-01-18,General Medicine,45.0,Female,10453,3,3,False,0,79.7
PID-00493,2025-09-18,1979-11-25,General Medicine,46.0,Male,10451,9,9,False,0,64.7
PID-00494,2025-07-24,1957-02-26,Emergency,68.0,Male,10453,2,2,True,0,67.0
PID-00495,2025-12-14,1948-11-01,Geriatrics,,Male,10002,3,3,False,0,68.4
PID-00496,2025-10-02,1974-11-11,General Medicine,51.0,Male,10452,7,7,False,0,55.6
PID-00497,2025-06-19,1976-06-15,Emergency,49.0,Female,10453,4,4,False,0,73.2
PID-00498,2025-01-15,1960-05-07,General Medicine,65.0,Male,10452,6,6,True,0,47.5
PID-00499,2025-03-01,1993-09-16,Cardiology,31.0,Unknown,10452,3,3,True,0,51.4
PID-00500,2025-05-14,1965-05-25,Cardiology,60.0,Unknown,10001,1,1,True,0,41.2
PID-00501,2025-04-02,1960-01-28,Emergency,65.0,Female,10451,6,4,False,0,73.0
PID-00502,2025-10-25,1957-08-30,Cardiology,68.0,Female,10453,4,4,True,0,71.5
PID-00503,2025-05-16,2004-03-29,Emergency,21.0,Male,10002,2,2,False,1,100.0
PID-00504,2025-01-20,1983-01-18,General Medicine,42.0,Female,10452,7,7,False,0,63.9
PID-00505,2025-02-25,1985-03-21,General Medicine,40.0,Female,10452,10,10,False,0,58.7
PID-00506,2025-11-02,1968-08-25,Cardiology,57.0,Male,10002,5,5,True,0,50.0
PID-00507,2025-08-11,1961-05-01,General Medicine,64.0,Female,10002,6,6,True,0,57.6
PID-00508,2025-06-26,1943-10-30,General Medicine,82.0,Female,10451,6,4,False,0,64.8
PID-00509,2025-06-10,1978-09-10,Emergency,47.0,Female,10001,9,9,True,0,55.5
PID-00510,2025-08-12,1978-03-16,Emergency,47.0,Female,10453,2,2,True,0,68.1
PID-00511,2025-11-07,1949-06-30,Geriatrics,76.0,Female,10452,6,6,True,0,65.8
PID-00512,2025-09-19,1965-02-05,Cardiology,61.0,Male,10002,9,9,True,0,36.0
PID-00513,2025-03-01,1947-04-08,Geriatrics,78.0,Female,10002,4,4,True,0,49.8
PID-00514,2025-07-17,1964-11-03,General Medicine,61.0,Female,10452,6,4,False,0,63.8
PID-00515,2025-10-23,1990-07-21,Emergency,35.0,Male,10451,7,7,False,0,68.7
PID-00516,2025-04-08,1993-06-27,Emergency,32.0,Male,10002,1,1,True,0,53.1
PID-00517,2025-05-11,1997-06-26,General Medicine,28.0,Male,10451,5,5,False,0,76.5
PID-00518,2025-01-23,1957-09-06,General Medicine,67.0,Female,10453,4,4,False,0,77.3
PID-00519,2025-12-29,1949-05-19,General Medicine,77.0,Unknown,10001,10,10,True,0,62.3
PID-00520,2025-08-12,1937-01-01,Geriatrics,,Male,10002,2,2,True,0,50.3
PID-00521,2025-01-01,1954-06-22,Geriatrics,71.0,Female,10453,2,2,True,0,53.6
PID-00522,2025-09-24,1949-07-07,Geriatrics,76.0,Male,10001,2,2,True,0,68.0
PID-00523,2025-10-03,1980-05-13,Cardiology,45.0,Non-Binary,10453,7,7,True,0,54.1
PID-00524,2025-12-18,1991-06-02,General Medicine,35.0,Female,10002,4,4,True,0,55.2
PID-00525,2025-12-10,1954-08-16,Geriatrics,71.0,Female,10001,6,4,True,0,50.6
PID-00526,2025-04-11,1961-12-17,Cardiology,63.0,Male,10001,7,7,True,1,74.7
PID-00527,2025-07-06,1968-06-09,General Medicine,57.0,Male,10001,9,9,True,0,50.8
PID-00528,2025-08-09,1963-04-10,Geriatrics,62.0,Male,10001,2,2,True,0,52.9
PID-00529,2025-02-05,1964-04-18,General Medicine,61.0,Male,10001,10,10,True,0,59.2
PID-00530,2025-12-07,1947-05-19,Geriatrics,79.0,Female,10002,9,9,True,0,60.4
PID-00531,2025-06-19,1946-03-10,Geriatrics,79.0,Female,10001,5,2,True,0,74.3
PID-00532,2025-11-16,1961-01-02,Cardiology,65.0,Unknown,10452,6,6,False,0,52.3
PID-00533,2025-06-10,1954-03-05,Geriatrics,71.0,Unknown,10453,6,6,True,0,57.2
PID-00534,2025-12-06,1960-09-01,General Medicine,65.0,Female,10453,3,3,True,0,59.3
PID-00535,2025-03-05,1978-01-04,Emergency,47.0,Female,10451,10,7,False,0,63.3
PID-00536,2025-06-03,1956-01-01,Emergency,69.0,Female,10453,7,4,False,0,87.5
PID-00537,2025-09-17,1995-12-31,Emergency,30.0,Female,10001,7,7,True,0,50.9
PID-00538,2025-06-08,1951-06-02,Geriatrics,74.0,Male,10001,8,8,True,0,77.1
PID-00539,2025-12-08,1991-11-19,Cardiology,34.0,Male,10002,5,5,True,0,48.6
PID-00540,2025-07-29,1964-10-03,General Medicine,61.0,Male,10452,2,2,True,0,48.7
PID-00541,2025-06-17,1985-02-16,Emergency,40.0,Female,10453,3,3,False,0,86.2
PID-00542,2025-07-26,1960-08-27,Cardiology,65.0,Female,10452,9,9,True,0,46.7
PID-00543,2025-12-23,1971-04-15,Cardiology,55.0,Male,10002,6,6,True,0,59.5
PID-00544,2025-06-01,1998-04-06,General Medicine,27.0,Female,10452,8,8,False,1,97.8
PID-00545,2025-10-11,1962-07-28,General Medicine,63.0,Female,10001,8,8,True,1,84.8
PID-00546,2025-03-07,1979-12-17,General Medicine,45.0,Male,10451,5,5,False,0,66.9
PID-00547,2025-04-09,1954-08-22,Geriatrics,71.0,Male,10451,1,1,True,0,59.0
PID-00548,2025-08-04,1969-07-12,Emergency,56.0,Female,10001,6,6,True,0,46.7
PID-00549,2025-12-07,1962-12-02,Geriatrics,63.0,Female,10001,7,4,True,0,32.2
PID-00550,2025-07-14,1987-04-29,General Medicine,38.0,Female,10452,9,9,False,0,67.6
PID-00551,2025-12-13,1981-06-06,General Medicine,45.0,Female,10451,2,2,True,0,78.8
PID-00552,2025-03-31,1977-10-24,Emergency,47.0,Female,10002,2,2,True,0,43.4
PID-00553,2025-11-12,1955-01-10,Geriatrics,71.0,Female,10451,10,8,False,0,81.3
PID-00554,2025-10-19,1939-06-08,Geriatrics,,Female,10453,1,1,True,0,70.7
PID-00555,2025-06-04,1983-12-17,Emergency,41.0,Female,10002,5,5,True,0,54.7
PID-00556,2025-07-27,1950-11-01,Cardiology,75.0,Male,10001,2,2,True,0,59.3
PID-00557,2025-10-08,2007-07-18,Emergency,18.0,Male,10451,3,3,False,0,62.0
PID-00558,2025-01-01,1991-04-21,Emergency,34.0,Male,10452,2,2,True,0,63.0
PID-00559,2025-06-05,1987-04-19,Emergency,38.0,Female,10001,4,4,True,0,60.0
PID-00560,2025-05-27,1994-09-04,General Medicine,31.0,Female,10002,3,3,True,0,62.8
PID-00561,2025-04-18,1998-07-17,General Medicine,27.0,Female,10002,9,6,True,0,61.9
PID-00562,2025-08-09,1962-04-23,General Medicine,63.0,Male,10451,10,10,False,0,57.2
PID-00563,2025-10-24,1973-07-07,Cardiology,52.0,Male,10002,2,2,True,0,46.8
PID-00564,2025-11-07,1963-06-04,General Medicine,62.0,Male,10452,7,7,True,0,52.8
PID-00565,2025-12-02,1958-03-18,General Medicine,68.0,Male,10453,3,3,True,0,51.4
PID-00566,2025-06-14,1965-04-08,General Medicine,60.0,Female,10453,10,8,False,0,64.3
PID-00567,2025-08-27,1958-08-25,Emergency,67.0,Male,10452,8,8,False,0,85.8
PID-00568,2025-08-15,1972-01-23,Emergency,54.0,Male,10451,4,4,True,0,55.4
PID-00569,2025-08-15,1991-10-23,Emergency,34.0,Female,10453,4,4,False,1,100.0
PID-00570,2025-12-12,1950-10-05,General Medicine,,Male,10453,9,9,True,1,78.5
PID-00571,2025-04-20,1980-06-21,General Medicine,45.0,Female,10453,3,3,False,0,61.6
PID-00572,2025-09-19,1987-02-15,Emergency,39.0,Female,10001,7,7,True,0,68.9
PID-00573,2025-08-31,1973-10-15,General Medicine,52.0,Male,10001,1,1,True,0,47.8
PID-00574,2025-03-28,1986-03-20,General Medicine,39.0,Female,10453,7,5,False,0,52.9
PID-00575,2025-12-04,1978-02-03,General Medicine,48.0,Female,10453,10,10,False,0,73.6
PID-00576,2025-02-13,1963-07-23,Cardiology,62.0,Female,10451,2,2,False,0,60.3
PID-00577,2025-05-26,1962-12-16,Cardiology,62.0,Male,10453,6,6,False,0,66.5
PID-00578,2025-09-21,1986-12-06,General Medicine,39.0,Female,10452,9,6,False,0,57.2
PID-00579,2025-12-06,1978-09-13,General Medicine,47.0,Female,10451,6,6,False,0,80.0
PID-00580,2025-11-21,1950-11-18,Geriatrics,75.0,Male,10002,3,3,True,1,88.7
PID-00581,2025-11-14,1961-10-27,Cardiology,64.0,Male,10451,1,1,True,0,38.4
PID-00582,2025-06-21,1932-04-22,Cardiology,93.0,Unknown,10451,4,4,False,0,81.8
PID-00583,2025-02-17,1947-12-28,Geriatrics,,Female,10453,4,4,False,0,86.0
PID-00584,2025-05-01,1949-10-05,Geriatrics,76.0,Male,10451,8,8,True,0,58.1
PID-00585,2025-12-11,1995-05-21,Emergency,31.0,Female,10453,10,10,False,1,100.0
PID-00586,2025-06-08,1956-01-08,Emergency,69.0,Male,10453,10,10,False,0,89.4
PID-00587,2025-04-26,1970-05-12,Emergency,55.0,Male,10001,7,7,True,1,70.7
PID-00588,2025-04-12,1979-08-19,General Medicine,46.0,Male,10001,10,10,True,0,48.0
PID-00589,2025-03-17,1965-09-19,Cardiology,59.0,Male,10452,7,7,True,0,38.9
PID-00590,2025-01-13,1951-10-20,Geriatrics,73.0,Male,10002,7,7,True,0,44.7
PID-00591,2025-01-24,1959-09-03,General Medicine,65.0,Male,10452,2,2,False,1,87.2
PID-00592,2025-05-06,1985-06-15,Cardiology,40.0,Female,10001,9,6,True,0,43.7
PID-00593,2025-09-01,1956-10-17,Cardiology,69.0,Male,10002,6,6,True,0,71.9
PID-00594,2025-11-09,1981-07-16,Cardiology,44.0,Male,10001,2,2,True,0,37.6
PID-00595,2025-02-07,1965-11-02,Cardiology,59.0,Female,10002,1,1,True,0,50.9
PID-00596,2025-08-22,1975-05-04,Geriatrics,50.0,Male,10001,1,1,True,1,76.9
PID-00597,2025-08-01,1973-10-31,General Medicine,52.0,Female,10453,1,1,True,0,43.6
PID-00598,2025-11-19,1956-11-07,Cardiology,69.0,Male,10002,4,4,True,0,69.2
PID-00599,2025-10-22,1988-05-21,Emergency,37.0,Male,10453,4,4,False,0,67.2
PID-00600,2025-04-10,1934-03-29,Emergency,91.0,Male,10453,9,9,True,0,54.7
PID-00601,2025-12-23,2002-12-17,General Medicine,23.0,Male,10453,1,1,False,0,84.8
PID-00602,2025-07-16,1980-03-18,Cardiology,45.0,Male,10451,3,3,False,0,62.4
PID-00603,2025-09-11,1963-04-11,General Medicine,62.0,Male,10452,3,3,True,0,57.0
PID-00604,2025-07-24,1959-12-13,Cardiology,66.0,Male,10001,8,8,True,0,54.9
PID-00605,2025-05-05,1971-02-11,General Medicine,54.0,Male,10001,2,2,False,0,59.1
PID-00606,2025-03-17,1971-05-09,General Medicine,54.0,Male,10453,6,6,False,0,67.0
PID-00607,2025-12-02,1962-11-21,Emergency,63.0,Male,10001,4,4,True,0,71.2
PID-00608,2025-12-19,1975-02-24,General Medicine,51.0,Male,10453,10,10,True,1,62.0
PID-00609,2025-01-03,1943-10-12,Geriatrics,,Female,10452,6,4,True,0,53.7
PID-00610,2025-02-24,1954-01-29,Geriatrics,71.0,Female,10451,5,3,True,0,71.1
PID-00611,2025-08-06,1954-08-07,General Medicine,71.0,Male,10001,9,9,True,0,51.5
PID-00612,2025-04-23,1987-04-28,General Medicine,38.0,Female,10452,9,7,True,0,44.6
PID-00613,2025-04-01,1971-01-23,Emergency,54.0,Female,10451,1,1,False,1,96.2
PID-00614,2025-12-23,1975-10-19,General Medicine,50.0,Male,10452,3,3,False,0,68.0
PID-00615,2025-09-23,1988-05-17,Emergency,37.0,Female,10451,1,1,True,0,54.6
PID-00616,2025-08-26,1964-02-20,Emergency,62.0,Female,10001,6,4,True,0,47.6
PID-00617,2025-01-26,1978-11-12,General Medicine,46.0,Male,10002,3,3,True,0,50.1
PID-00618,2025-10-13,1959-01-31,Emergency,67.0,Male,10002,1,1,True,0,58.8
PID-00619,2025-05-08,1989-03-24,General Medicine,36.0,Female,10001,6,4,True,0,42.6
PID-00620,2025-03-04,1939-06-09,General Medicine,86.0,Female,10001,5,5,False,0,63.3
PID-00621,2025-08-22,1986-10-25,General Medicine,39.0,Male,10002,8,8,False,1,100.0
PID-00622,2025-03-10,1966-07-30,Cardiology,59.0,Male,10452,2,2,False,0,62.5
PID-00623,2025-08-26,1955-06-05,Geriatrics,70.0,Male,10452,8,8,False,0,73.1
PID-00624,2025-12-08,1980-07-12,Emergency,45.0,Female,10002,5,5,True,0,51.8
PID-00625,2025-09-29,1954-11-06,Cardiology,71.0,Female,10452,8,5,False,0,70.7
PID-00626,2025-10-14,1992-12-25,General Medicine,33.0,Male,10452,10,10,False,0,78.2
PID-00627,2025-11-01,1944-02-14,Geriatrics,,Male,10451,4,4,True,1,87.3
PID-00628,2025-06-12,1969-09-05,Cardiology,56.0,Female,10451,4,4,True,0,47.6
PID-00629,2025-08-15,1980-11-23,Cardiology,45.0,Male,10002,10,10,True,0,45.5
PID-00630,2025-11-10,1975-11-06,General Medicine,50.0,Male,10001,4,4,False,0,59.2
PID-00631,2025-09-16,1955-05-12,General Medicine,70.0,Female,10002,6,4,True,0,62.8
PID-00632,2025-08-07,1980-12-05,Emergency,45.0,Female,10002,4,4,True,1,76.2
PID-00633,2025-10-08,1983-05-04,Emergency,42.0,Female,10451,9,9,False,0,64.2
PID-00634,2025-08-17,1973-10-19,Cardiology,52.0,Female,10453,9,6,False,0,74.7
PID-00635,2025-03-23,1991-02-20,Emergency,34.0,Male,10002,3,3,True,0,64.2
PID-00636,2025-09-01,1937-09-12,Geriatrics,,Male,10452,7,7,False,0,80.1
PID-00637,2025-08-19,1980-12-19,Emergency,45.0,Female,10453,5,3,False,0,67.8
PID-00638,2025-05-13,1955-03-09,Geriatrics,70.0,Male,10002,9,9,True,0,51.4
PID-00639,2025-05-07,1965-11-24,Geriatrics,59.0,Male,10453,2,2,False,0,68.6
PID-00640,2025-11-23,1987-09-20,Emergency,38.0,Male,10001,3,3,True,0,46.2
PID-00641,2025-05-22,1970-03-19,General Medicine,55.0,Male,10453,10,10,False,0,60.6
PID-00642,2025-09-24,1955-12-07,Emergency,70.0,Male,10001,5,5,True,0,64.1
PID-00643,2025-09-06,1973-05-07,Emergency,52.0,Male,10002,5,5,True,0,52.5
PID-00644,2025-11-17,1949-02-23,Cardiology,,Male,10452,10,10,True,0,60.7
PID-00645,2025-05-03,1950-12-04,Geriatrics,74.0,Male,10453,7,7,True,0,56.7
PID-00646,2025-05-21,1953-04-21,General Medicine,72.0,Female,10002,8,5,True,0,68.3
PID-00647,2025-08-14,1979-01-31,General Medicine,47.0,Female,10452,8,6,False,0,54.2
PID-00648,2025-02-09,1989-04-06,Emergency,36.0,Female,10452,1,1,True,0,34.7
PID-00649,2025-05-27,1981-11-01,General Medicine,44.0,Female,10001,1,1,True,0,52.0
PID-00650,2025-05-01,1966-08-25,General Medicine,59.0,Female,10451,3,3,False,0,81.4
PID-00651,2025-05-20,1960-01-28,Emergency,65.0,Male,10451,1,1,True,0,51.1
PID-00652,2025-06-21,2007-02-19,Emergency,18.0,Female,10002,1,1,True,0,51.1
PID-00653,2025-06-13,1970-09-20,General Medicine,55.0,Female,10452,10,8,False,0,60.6
PID-00654,2025-10-04,1968-01-25,Cardiology,58.0,Female,10453,8,5,False,0,50.7
PID-00655,2025-02-11,1973-09-23,Emergency,51.0,Male,10452,1,1,False,0,61.2
PID-00656,2025-03-12,1945-12-21,Geriatrics,,Male,10453,9,9,False,0,85.8
PID-00657,2025-03-19,1962-08-27,Emergency,63.0,Male,10001,2,2,True,1,60.8
PID-00658,2025-04-29,1946-01-07,Emergency,,Male,10001,9,9,True,0,52.3
PID-00659,2025-07-16,1973-10-29,General Medicine,52.0,Female,10453,7,7,True,0,35.9
PID-00660,2025-12-22,1954-05-23,General Medicine,72.0,Female,10453,9,7,True,0,51.9
PID-00661,2025-03-20,1940-06-23,Geriatrics,85.0,Male,10001,3,3,True,0,70.3
PID-00662,2025-12-28,1947-02-15,General Medicine,79.0,Unknown,10002,1,1,True,0,54.5
PID-00663,2025-04-20,1989-07-17,General Medicine,36.0,Female,10453,1,1,False,0,78.2
PID-00664,2025-02-02,1973-11-11,Emergency,51.0,Male,10001,10,10,False,0,64.8
PID-00665,2025-08-01,1976-07-05,General Medicine,49.0,Male,10002,6,6,True,0,63.0
PID-00666,2025-07-28,1961-03-24,General Medicine,64.0,Male,10452,7,7,True,0,53.1
PID-00667,2025-06-19,1957-03-03,Cardiology,68.0,Male,10453,9,9,True,0,55.9
PID-00668,2025-10-05,1985-05-12,Cardiology,40.0,Male,10452,6,6,False,0,68.5
PID-00669,2025-08-27,1969-02-14,General Medicine,57.0,Male,10452,5,5,True,0,37.0
PID-00670,2025-08-01,2006-02-25,General Medicine,19.0,Male,10002,2,2,True,0,45.4
PID-00671,2025-02-01,1944-03-08,Geriatrics,,Male,10452,2,2,False,0,92.8
PID-00672,2025-04-16,1979-09-01,General Medicine,46.0,Female,10001,8,6,True,0,53.2
PID-00673,2025-08-04,1968-10-13,Geriatrics,57.0,Male,10453,1,1,True,0,31.2
PID-00674,2025-07-19,1975-06-01,General Medicine,50.0,Female,10451,8,5,True,0,48.5
PID-00675,2025-10-27,1949-06-19,Geriatrics,76.0,Male,10452,10,10,True,0,61.5
PID-00676,2025-12-23,2007-10-24,General Medicine,18.0,Unknown,10453,7,7,False,0,76.8
PID-00677,2025-01-11,1969-11-07,Cardiology,55.0,Male,10001,7,7,False,1,91.6
PID-00678,2025-10-22,1972-01-24,General Medicine,54.0,Male,10453,5,5,True,0,48.9
PID-00679,2025-07-14,1978-09-21,Emergency,47.0,Non-Binary,10002,3,3,True,1,84.3
PID-00680,2025-09-02,1938-08-04,General Medicine,87.0,Female,10002,7,7,True,1,82.8
PID-00681,2025-01-04,1984-08-30,General Medicine,40.0,Female,10001,7,4,True,0,43.4
PID-00682,2025-06-30,1956-10-15,Cardiology,69.0,Male,10453,7,7,False,0,87.5
PID-00683,2025-06-02,1963-02-05,Emergency,62.0,Male,10453,2,2,True,0,57.7
PID-00684,2025-07-19,1947-10-15,Geriatrics,,Female,10001,3,3,False,0,60.6
PID-00685,2025-08-03,1982-03-18,General Medicine,43.0,Female,10001,3,3,False,0,72.3
PID-00686,2025-10-03,1983-04-30,Emergency,42.0,Female,10453,4,4,False,0,60.9
PID-00687,2025-10-07,1950-07-19,Cardiology,75.0,Female,10001,9,9,True,0,63.6
PID-00688,2025-11-05,1962-12-21,Geriatrics,63.0,Male,10452,10,10,True,0,58.6
PID-00689,2025-04-23,1997-07-27,Cardiology,28.0,Female,10452,1,1,False,0,75.6
PID-00690,2025-09-07,1979-03-21,General Medicine,46.0,Male,10453,7,7,False,0,76.5
PID-00691,2025-04-23,1963-04-29,Cardiology,62.0,Male,10451,7,7,False,1,89.1
PID-00692,2025-05-20,1954-03-30,Geriatrics,71.0,Male,10451,4,4,False,0,75.9
PID-00693,2025-08-12,1982-04-10,General Medicine,43.0,Female,10453,1,1,True,0,55.3
PID-00694,2025-09-06,2007-05-08,Emergency,18.0,Male,10002,3,3,False,0,70.6
PID-00695,2025-01-15,1960-06-09,General Medicine,65.0,Male,10002,5,5,True,0,36.1
PID-00696,2025-07-19,1991-09-21,Emergency,34.0,Female,10001,2,2,True,0,58.0
PID-00697,2025-06-22,2006-06-10,General Medicine,19.0,Male,10453,7,7,True,0,36.8
PID-00698,2025-12-09,2007-11-23,General Medicine,18.0,Female,10452,10,7,False,0,72.9
PID-00699,2025-12-14,1956-04-06,Cardiology,70.0,Male,10001,10,10,True,0,61.9
PID-00700,2025-07-27,1967-11-30,Emergency,58.0,Female,10452,7,7,False,0,80.6
PID-00701,2025-03-26,1974-09-15,Cardiology,51.0,Female,10451,10,10,True,0,47.9
PID-00702,2025-08-28,1944-11-13,Geriatrics,81.0,Male,10453,5,5,True,0,41.7
PID-00703,2025-03-07,1957-12-11,Emergency,67.0,Male,10002,10,10,True,0,61.3
PID-00704,2025-11-15,1940-08-29,General Medicine,85.0,Male,10452,6,6,True,0,63.0
PID-00705,2025-10-01,1995-04-15,Emergency,30.0,Male,10452,1,1,True,0,59.7
PID-00706,2025-01-14,1969-12-12,Emergency,55.0,Unknown,10001,4,4,True,0,45.2
PID-00707,2025-07-21,1999-11-03,General Medicine,26.0,Male,10453,4,4,False,0,76.3
PID-00708,2025-10-31,1974-06-24,General Medicine,51.0,Female,10001,8,8,True,0,58.1
PID-00709,2025-10-16,1975-02-25,Emergency,51.0,Male,10452,2,2,False,0,63.4
PID-00710,2025-12-06,1959-03-07,General Medicine,67.0,Female,10452,1,1,False,0,82.9
PID-00711,2025-01-14,1968-11-12,Cardiology,56.0,Female,10452,7,7,False,0,56.8
PID-00712,2025-02-12,1957-10-02,Emergency,67.0,Female,10001,6,4,True,0,65.1
PID-00713,2025-11-26,1957-07-22,Cardiology,68.0,Male,10453,5,5,True,0,62.0
PID-00714,2025-08-08,1932-01-17,Geriatrics,94.0,Male,10002,8,8,True,0,48.9
PID-00715,2025-03-11,1974-12-10,General Medicine,50.0,Male,10452,2,2,False,0,66.4
PID-00716,2025-08-25,1986-06-10,Emergency,39.0,Female,10452,2,2,True,0,59.8
PID-00717,2025-04-04,1965-08-02,Emergency,60.0,Female,10453,9,9,False,0,71.8
PID-00718,2025-01-26,1984-06-08,General Medicine,41.0,Non-Binary,10452,1,1,False,0,63.9
PID-00719,2025-05-14,1943-03-10,Geriatrics,82.0,Male,10002,6,6,True,1,78.1
PID-00720,2025-07-14,1975-02-08,Emergency,50.0,Female,10453,3,3,True,0,59.0
PID-00721,2025-06-17,1980-10-09,Emergency,45.0,Female,10001,5,5,True,0,45.6
PID-00722,2025-04-19,1977-12-13,Emergency,47.0,Male,10001,8,8,False,0,72.0
PID-00723,2025-08-21,1957-05-17,Cardiology,68.0,Male,10453,7,7,False,0,76.3
PID-00724,2025-06-17,1972-12-14,General Medicine,53.0,Female,10451,4,4,True,0,30.1
PID-00725,2025-06-22,1981-01-06,General Medicine,44.0,Female,10001,8,8,True,0,44.1
PID-00726,2025-07-14,1940-02-13,Geriatrics,85.0,Female,10451,10,7,False,0,90.2
PID-00727,2025-05-23,1985-04-13,Emergency,40.0,Male,10001,2,2,True,0,69.3
PID-00728,2025-08-04,1969-05-09,General Medicine,56.0,Female,10001,7,7,True,0,43.0
PID-00729,2025-05-10,1958-04-06,General Medicine,67.0,Male,10001,5,5,True,0,63.0
PID-00730,2025-02-11,1999-02-03,General Medicine,26.0,Male,10452,6,6,True,0,71.0
PID-00731,2025-08-29,1962-02-03,Cardiology,64.0,Male,10452,3,3,True,0,60.8
PID-00732,2025-01-10,1987-07-18,Emergency,37.0,Female,10452,10,10,True,0,39.1
PID-00733,2025-10-04,1955-07-06,Geriatrics,70.0,Female,10002,7,5,True,0,57.6
PID-00734,2025-01-27,1986-12-20,Emergency,38.0,Female,10452,7,7,False,0,72.3
PID-00735,2025-06-29,1957-08-31,Cardiology,68.0,Male,10451,2,2,True,0,71.5
PID-00736,2025-04-25,1950-02-19,Cardiology,75.0,Female,10451,1,1,False,0,69.2
PID-00737,2025-11-29,1954-11-15,General Medicine,71.0,Male,10453,10,10,True,0,67.0
PID-00738,2025-02-05,1965-02-06,Emergency,60.0,Female,10451,2,2,False,0,76.3
PID-00739,2025-11-30,1974-08-02,Geriatrics,51.0,Male,10452,8,8,True,0,47.3
PID-00740,2025-01-21,1979-07-30,Emergency,45.0,Male,10453,10,10,False,0,89.3
PID-00741,2025-01-16,1942-09-25,Geriatrics,,Male,10451,3,3,False,0,71.8
PID-00742,2025-05-07,1982-09-15,Emergency,43.0,Male,10451,4,4,False,0,73.3
PID-00743,2025-04-13,1988-03-07,Cardiology,37.0,Female,10451,8,6,False,0,71.8
PID-00744,2025-01-11,1958-05-04,Emergency,67.0,Female,10002,3,3,True,0,63.4
PID-00745,2025-11-15,1985-01-04,General Medicine,41.0,Male,10452,6,6,False,0,80.4
PID-00746,2025-03-20,1987-01-16,Cardiology,38.0,Female,10452,2,2,False,0,57.9
PID-00747,2025-05-03,1995-07-04,Emergency,30.0,Male,10002,3,3,True,0,51.4
PID-00748,2025-03-06,1978-07-23,General Medicine,47.0,Female,10001,1,1,True,0,67.7
PID-00749,2025-08-31,1971-10-06,Emergency,54.0,Female,10453,9,6,True,0,57.2
PID-00750,2025-12-09,1965-08-05,Emergency,60.0,Female,10451,4,4,True,0,44.1
PID-00751,2025-02-28,1951-11-23,General Medicine,73.0,Male,10001,6,6,True,0,52.8
PID-00752,2025-10-16,1960-09-17,Geriatrics,65.0,Female,10002,7,5,False,0,74.7
PID-00753,2025-04-22,1973-06-10,Emergency,52.0,Female,10452,2,2,True,0,45.6
PID-00754,2025-08-27,1973-11-19,Cardiology,52.0,Male,10001,8,8,True,1,73.7
PID-00755,2025-12-25,1961-06-21,General Medicine,65.0,Male,10001,9,9,True,0,43.3
PID-00756,2025-05-12,1947-11-06,Geriatrics,78.0,Female,10452,10,7,False,1,100.0
PID-00757,2025-07-08,1967-03-16,General Medicine,58.0,Female,10452,2,2,True,0,53.1
PID-00758,2025-03-27,1977-12-31,Emergency,47.0,Female,10002,5,2,True,0,50.5
PID-00759,2025-11-07,1988-03-07,Emergency,38.0,Female,10001,2,2,True,0,35.3
PID-00760,2025-11-07,1996-08-13,Emergency,29.0,Female,10451,5,5,False,0,62.6
PID-00761,2025-02-28,1958-08-25,General Medicine,67.0,Male,10002,7,7,False,0,79.5
PID-00762,2025-03-25,1959-03-14,General Medicine,66.0,Male,10002,6,6,True,0,59.5
PID-00763,2025-06-09,1959-01-06,General Medicine,66.0,Male,10002,4,4,False,0,94.9
PID-00764,2025-02-25,1972-05-11,General Medicine,53.0,Female,10001,2,2,True,1,76.1
PID-00765,2025-10-24,1944-05-05,Geriatrics,81.0,Male,10002,7,7,True,0,69.3
PID-00766,2025-01-14,1978-02-03,Emergency,47.0,Female,10453,10,10,True,0,51.6
PID-00767,2025-06-09,1952-05-11,Geriatrics,73.0,Female,10002,9,9,True,0,67.7
PID-00768,2025-10-22,1970-10-18,Emergency,55.0,Female,10002,1,1,True,0,35.0
PID-00769,2025-12-13,1981-04-18,General Medicine,45.0,Male,10002,3,3,True,0,38.7
PID-00770,2025-07-12,1959-10-22,General Medicine,66.0,Female,10451,7,7,True,0,68.3
PID-00771,2025-07-23,1962-06-16,General Medicine,63.0,Male,10453,9,9,True,0,63.5
PID-00772,2025-04-12,1962-11-11,Cardiology,62.0,Female,10451,5,2,False,1,79.6
PID-00773,2025-02-08,1967-10-13,Emergency,57.0,Male,10453,7,7,False,0,70.1
PID-00774,2025-10-31,1970-12-22,General Medicine,55.0,Male,10001,10,10,True,0,36.5
PID-00775,2025-12-20,1931-02-06,Emergency,95.0,Female,10453,7,5,False,0,74.0
PID-00776,2025-11-18,1948-08-16,Geriatrics,,Male,10001,4,4,True,0,42.9
PID-00777,2025-05-05,1956-03-30,Cardiology,69.0,Male,10001,5,5,True,0,58.9
PID-00778,2025-02-22,1966-11-06,Cardiology,58.0,Female,10001,2,2,True,0,48.3
PID-00779,2025-12-23,1951-12-17,Cardiology,74.0,Female,10001,8,5,True,0,58.2
PID-00780,2025-06-04,1960-01-23,General Medicine,65.0,Female,10451,1,1,False,0,67.4
PID-00781,2025-12-17,1970-01-25,Geriatrics,56.0,Female,10451,2,2,True,0,55.7
PID-00782,2025-11-04,1975-05-21,Cardiology,50.0,Female,10452,3,3,True,0,65.4
PID-00783,2025-03-03,1971-02-09,General Medicine,54.0,Male,10001,7,7,True,0,39.1
PID-00784,2025-10-17,2008-01-02,Emergency,18.0,Male,10451,6,6,False,1,87.4
PID-00785,2025-01-22,1965-12-23,Cardiology,59.0,Male,10002,7,7,True,0,51.2
PID-00786,2025-06-27,1978-03-18,General Medicine,47.0,Female,10452,5,5,False,0,67.6
PID-00787,2025-09-30,1941-06-17,Cardiology,84.0,Female,10001,4,4,True,0,57.2
PID-00788,2025-08-08,1969-06-02,General Medicine,56.0,Male,10001,7,7,True,0,38.2
PID-00789,2025-12-05,1992-03-04,General Medicine,34.0,Male,10451,3,3,False,0,65.9
PID-00790,2025-07-09,1970-07-01,Cardiology,55.0,Female,10453,10,10,True,0,46.0
PID-00791,2025-02-05,1987-10-23,General Medicine,37.0,Male,10452,7,7,False,0,72.0
PID-00792,2025-09-17,1961-06-05,Cardiology,64.0,Female,10001,2,2,True,1,66.8
PID-00793,2025-11-28,1964-09-22,Geriatrics,61.0,Female,10001,8,8,True,0,58.0
PID-00794,2025-06-24,1952-08-14,General Medicine,73.0,Female,10002,6,6,True,1,73.6
PID-00795,2025-01-07,1984-01-31,Emergency,41.0,Male,10451,3,3,False,1,100.0
PID-00796,2025-08-04,1969-04-11,Cardiology,56.0,Female,10451,3,3,True,0,42.6
PID-00797,2025-09-08,1994-09-13,Emergency,31.0,Female,10002,5,3,True,0,63.0
PID-00798,2025-02-24,1957-02-01,Cardiology,68.0,Female,10002,3,3,True,0,53.3
PID-00799,2025-08-10,1960-11-28,General Medicine,65.0,Female,10451,6,6,False,0,77.5
PID-00800,2025-07-05,1961-01-29,Emergency,64.0,Female,10002,2,2,True,0,46.7
PID-00801,2025-11-22,1970-03-22,Emergency,56.0,Female,10001,8,8,True,0,50.7
PID-00802,2025-08-24,1962-10-27,Geriatrics,63.0,Male,10451,9,9,False,0,75.4
PID-00803,2025-12-29,1941-11-11,Cardiology,84.0,Female,10002,7,7,True,0,57.0
PID-00804,2025-03-20,1974-09-24,Cardiology,50.0,Female,10453,3,3,False,1,77.9
PID-00805,2025-08-11,1967-11-18,General Medicine,58.0,Male,10452,10,10,True,1,69.3
PID-00806,2025-04-01,1989-08-08,Cardiology,36.0,Female,10001,4,4,True,0,45.5
PID-00807,2025-09-25,1985-12-05,Emergency,40.0,Female,10001,10,10,False,1,100.0
PID-00808,2025-11-30,1968-09-11,Emergency,57.0,Female,10002,2,2,True,0,49.6
PID-00809,2025-05-19,1950-04-25,Geriatrics,75.0,Male,10451,9,9,False,0,81.5
PID-00810,2025-11-12,1974-11-20,General Medicine,51.0,Male,10453,5,5,False,0,69.0
PID-00811,2025-10-03,1974-06-25,General Medicine,51.0,Unknown,10002,2,2,True,0,52.0
PID-00812,2025-09-05,1977-04-24,General Medicine,48.0,Female,10453,10,10,True,0,38.9
PID-00813,2025-08-27,1979-03-05,General Medicine,46.0,Male,10451,6,6,True,0,43.8
PID-00814,2025-08-12,1964-02-24,General Medicine,61.0,Female,10453,7,4,True,0,56.0
PID-00815,2025-10-31,1997-04-03,Emergency,29.0,Female,10452,2,2,False,0,68.0
PID-00816,2025-05-18,1946-08-25,Geriatrics,79.0,Female,10452,1,1,False,1,100.0
PID-00817,2025-06-15,1981-05-27,General Medicine,44.0,Female,10451,7,7,False,1,94.8
PID-00818,2025-05-06,1956-12-12,Cardiology,68.0,Male,10453,1,1,False,0,86.2
PID-00819,2025-02-14,1992-08-11,Emergency,33.0,Male,10002,3,3,True,0,44.2
PID-00820,2025-05-23,1957-10-04,Geriatrics,68.0,Male,10453,4,4,False,0,80.9
PID-00821,2025-08-19,1957-12-03,Cardiology,68.0,Female,10452,2,2,False,0,60.6
PID-00822,2025-05-05,1963-03-06,General Medicine,62.0,Male,10451,7,7,False,0,55.5
PID-00823,2025-08-26,1987-04-22,Emergency,38.0,Male,10453,5,5,False,0,67.8
PID-00824,2025-10-19,1965-09-07,Emergency,60.0,Male,10453,1,1,False,1,85.1
PID-00825,2025-11-09,1992-03-24,General Medicine,34.0,Female,10452,8,5,False,0,78.8
PID-00826,2025-12-09,1975-05-07,General Medicine,51.0,Female,10002,10,7,True,0,40.4
PID-00827,2025-07-14,1951-08-30,General Medicine,74.0,Male,10453,7,7,False,0,78.8
PID-00828,2025-06-22,1955-08-29,Emergency,70.0,Male,10452,4,4,True,0,67.2
PID-00829,2025-01-15,1969-01-06,Emergency,56.0,Female,10452,2,2,False,0,74.4
PID-00830,2025-09-11,1988-01-30,Emergency,38.0,Male,10453,7,7,True,0,45.1
PID-00831,2025-06-16,1958-02-06,General Medicine,67.0,Male,10001,2,2,True,0,56.5
PID-00832,2025-04-04,1969-09-12,Cardiology,56.0,Male,10001,6,6,True,0,54.3
PID-00833,2025-09-07,2007-08-23,Emergency,18.0,Male,10451,1,1,False,0,77.3
PID-00834,2025-04-19,1955-03-26,Emergency,70.0,Male,10001,7,7,True,0,73.5
PID-00835,2025-07-01,1970-02-18,General Medicine,55.0,Female,10452,7,7,True,0,57.2
PID-00836,2025-05-13,1947-12-10,General Medicine,,Male,10002,4,4,True,0,66.2
PID-00837,2025-06-24,1989-03-30,General Medicine,36.0,Female,10001,4,4,False,1,98.1
PID-00838,2025-05-24,2007-06-28,General Medicine,18.0,Male,10451,10,10,False,0,71.1
PID-00839,2025-11-02,1964-06-30,Emergency,61.0,Female,10451,5,3,False,0,66.7
PID-00840,2025-12-26,1965-05-26,Emergency,61.0,Female,10001,2,2,True,0,54.5
PID-00841,2025-05-22,2000-08-21,Emergency,25.0,Male,10001,9,9,True,0,47.9
PID-00842,2025-10-12,1987-05-19,General Medicine,38.0,Female,10451,10,8,False,0,76.3
PID-00843,2025-01-06,1929-10-26,Cardiology,95.0,Male,10452,4,4,True,0,66.5
PID-00844,2025-09-22,1975-08-10,Emergency,50.0,Non-Binary,10453,9,9,True,0,54.2
PID-00845,2025-04-08,1956-09-30,Cardiology,69.0,Male,10001,3,3,False,0,74.4
PID-00846,2025-02-13,1981-05-01,Emergency,44.0,Male,10451,9,9,False,0,69.2
PID-00847,2025-05-04,2006-11-30,Emergency,18.0,Male,10002,1,1,True,0,59.8
PID-00848,2025-07-28,1973-05-04,Emergency,52.0,Unknown,10002,7,7,True,0,34.6
PID-00849,2025-09-08,1974-10-13,Emergency,51.0,Female,10453,4,4,True,0,51.7
PID-00850,2025-10-12,1978-01-01,Emergency,48.0,Female,10002,7,7,True,0,56.8
PID-00851,2025-05-04,1972-10-14,General Medicine,53.0,Male,10002,10,10,True,0,53.9
PID-00852,2025-12-20,1965-08-16,Geriatrics,60.0,Female,10002,6,6,True,0,68.6
PID-00853,2025-09-01,1972-06-12,Cardiology,53.0,Male,10453,4,4,False,0,55.5
PID-00854,2025-11-27,1992-09-04,Emergency,33.0,Female,10451,4,4,False,0,59.3
PID-00855,2025-12-31,1961-07-07,General Medicine,64.0,Male,10451,8,8,False,0,71.6
PID-00856,2025-09-09,2005-11-10,Emergency,20.0,Male,10451,7,7,False,0,78.4
PID-00857,2025-08-18,2006-04-07,Emergency,19.0,Male,10002,4,4,True,0,50.5
PID-00858,2025-01-09,1956-04-13,General Medicine,69.0,Male,10453,6,6,False,0,91.9
PID-00859,2025-02-17,1959-09-06,General Medicine,65.0,Female,10001,6,3,True,0,44.8
PID-00860,2025-05-31,1971-11-10,Cardiology,54.0,Male,10452,1,1,False,0,67.5
PID-00861,2025-04-24,1995-04-21,Emergency,30.0,Female,10451,2,2,True,0,56.9
PID-00862,2025-07-27,1982-09-24,General Medicine,43.0,Male,10001,4,4,True,1,71.8
PID-00863,2025-12-21,1974-07-20,General Medicine,51.0,Female,10001,6,6,True,0,58.4
PID-00864,2025-05-05,1998-11-02,Emergency,27.0,Male,10452,6,6,False,0,76.3
PID-00865,2025-06-06,1983-09-15,Emergency,42.0,Male,10002,1,1,True,0,46.3
PID-00866,2025-12-06,1959-04-22,Emergency,67.0,Female,10002,8,5,True,0,62.7
PID-00867,2025-10-25,1944-12-03,Geriatrics,,Male,10001,2,2,True,0,55.7
PID-00868,2025-07-08,1977-06-14,General Medicine,48.0,Male,10452,5,5,True,0,42.0
PID-00869,2025-08-31,1956-08-31,Emergency,69.0,Female,10453,4,4,False,0,76.5
PID-00870,2025-10-11,2004-05-02,General Medicine,21.0,Female,10453,5,5,False,0,68.4
PID-00871,2025-09-29,1958-09-08,Cardiology,67.0,Male,10451,5,5,True,0,61.0
PID-00872,2025-06-26,1984-05-30,Emergency,41.0,Male,10451,10,10,False,0,69.0
PID-00873,2025-08-06,1964-04-08,General Medicine,61.0,Female,10002,8,8,True,0,34.2
PID-00874,2025-10-09,1974-12-27,Emergency,51.0,Male,10001,10,10,True,0,58.9
PID-00875,2025-06-19,1946-03-27,Geriatrics,79.0,Male,10453,7,7,False,1,89.7
PID-00876,2025-06-30,1985-12-20,General Medicine,40.0,Male,10452,9,9,False,0,71.7
PID-00877,2025-12-26,1958-06-30,General Medicine,67.0,Female,10452,1,1,True,0,53.3
PID-00878,2025-08-21,1976-01-14,Cardiology,50.0,Female,10451,6,3,False,0,71.3
PID-00879,2025-05-19,1972-09-30,General Medicine,53.0,Male,10453,6,6,True,1,73.0
PID-00880,2025-06-06,1973-02-25,Cardiology,52.0,Male,10453,2,2,False,0,73.1
PID-00881,2025-05-09,1985-06-13,General Medicine,40.0,Male,10002,8,8,True,0,54.7
PID-00882,2025-04-29,1970-01-14,Cardiology,55.0,Female,10002,6,6,True,1,84.3
PID-00883,2025-03-03,1970-11-06,General Medicine,54.0,Male,10451,10,10,False,0,77.0
PID-00884,2025-04-09,1965-04-11,General Medicine,60.0,Male,10001,9,9,True,0,50.4
PID-00885,2025-06-11,1968-06-14,Cardiology,57.0,Female,10453,10,10,True,0,58.5
PID-00886,2025-03-03,1955-04-12,Geriatrics,70.0,Male,10002,5,5,True,0,55.4
PID-00887,2025-10-02,1953-12-06,Cardiology,72.0,Female,10451,7,7,True,0,75.1
PID-00888,2025-12-20,1988-08-12,General Medicine,37.0,Male,10451,6,6,True,0,44.7
PID-00889,2025-04-05,1954-06-26,Geriatrics,71.0,Male,10451,5,5,False,0,75.8
PID-00890,2025-04-09,1991-02-17,Emergency,34.0,Male,10001,6,6,False,1,78.6
PID-00891,2025-04-21,1959-03-27,Geriatrics,66.0,Female,10453,4,4,False,0,74.0
PID-00892,2025-09-05,1958-05-15,Geriatrics,67.0,Female,10001,3,3,True,0,57.6
PID-00893,2025-05-22,2004-11-16,Emergency,21.0,Female,10452,1,1,False,0,67.5
PID-00894,2025-10-29,1968-12-15,Emergency,57.0,Male,10452,1,1,True,0,65.1
PID-00895,2025-09-26,1978-12-27,Emergency,47.0,Female,10001,6,6,True,0,55.3
PID-00896,2025-11-02,1983-10-06,Emergency,42.0,Male,10453,9,9,False,0,78.5
PID-00897,2025-05-25,1945-03-07,General Medicine,80.0,Male,10451,8,8,True,0,60.0
PID-00898,2025-02-21,1981-06-27,General Medicine,44.0,Female,10452,2,2,False,1,88.7
PID-00899,2025-04-10,1983-12-26,General Medicine,41.0,Male,10452,9,9,False,0,89.6
PID-00900,2025-06-01,1968-10-22,General Medicine,57.0,Male,10451,8,8,False,0,69.1
PID-00901,2025-04-27,1957-02-09,General Medicine,68.0,Male,10001,9,9,True,0,65.8
PID-00902,2025-07-04,1972-08-03,Emergency,53.0,Male,10452,4,4,False,0,61.5
PID-00903,2025-04-02,1949-04-08,Geriatrics,76.0,Male,10451,9,9,False,0,69.5
PID-00904,2025-06-04,1960-10-03,Emergency,65.0,Female,10001,2,2,True,0,63.5
PID-00905,2025-01-08,2006-10-19,General Medicine,18.0,Male,10452,1,1,True,0,53.9
PID-00906,2025-12-29,1980-02-17,General Medicine,46.0,Female,10452,9,9,False,0,68.0
PID-00907,2025-10-01,1980-06-28,Emergency,45.0,Female,10451,10,10,False,0,68.3
PID-00908,2025-03-06,1960-11-12,General Medicine,64.0,Male,10001,8,8,True,0,40.7
PID-00909,2025-05-21,2007-07-13,Emergency,18.0,Male,10002,7,7,True,0,45.0
PID-00910,2025-01-24,1929-08-03,Geriatrics,,Male,10001,8,8,True,0,63.8
PID-00911,2025-01-28,1959-12-14,General Medicine,65.0,Female,10451,1,1,False,0,70.4
PID-00912,2025-10-11,1967-09-29,General Medicine,58.0,Male,10453,9,9,False,0,76.8
PID-00913,2025-05-30,1948-02-12,Cardiology,77.0,Female,10001,10,7,True,0,35.3
PID-00914,2025-12-24,1930-10-19,Geriatrics,,Male,10002,9,9,True,0,61.6
PID-00915,2025-03-06,1954-05-02,Geriatrics,71.0,Female,10452,9,9,False,0,87.0
PID-00916,2025-11-23,1952-11-30,Geriatrics,73.0,Male,10001,6,6,True,0,40.1
PID-00917,2025-09-09,1967-07-18,General Medicine,58.0,Male,10001,4,4,True,0,40.7
PID-00918,2025-02-22,1971-09-08,Geriatrics,53.0,Female,10452,2,2,False,0,57.0
PID-00919,2025-01-07,1977-11-14,General Medicine,47.0,Female,10452,4,4,False,0,81.7
PID-00920,2025-10-21,1984-06-23,General Medicine,41.0,Male,10452,7,7,True,0,50.6
PID-00921,2025-05-26,1982-11-09,Emergency,43.0,Female,10452,1,1,False,0,71.3
PID-00922,2025-08-29,1994-06-25,Cardiology,31.0,Female,10002,9,9,True,0,60.2
PID-00923,2025-09-03,1972-01-03,General Medicine,54.0,Female,10453,3,3,False,0,69.0
PID-00924,2025-08-14,2000-10-01,General Medicine,25.0,Female,10001,4,4,True,0,44.2
PID-00925,2025-06-24,1966-11-18,General Medicine,59.0,Male,10002,5,5,True,0,51.5
PID-00926,2025-04-05,1970-03-22,General Medicine,55.0,Male,10002,3,3,True,0,53.9
PID-00927,2025-01-27,1966-09-06,General Medicine,58.0,Male,10001,4,4,True,0,39.8
PID-00928,2025-05-10,1979-07-18,Cardiology,46.0,Female,10002,5,5,True,0,64.1
PID-00929,2025-09-02,1930-03-21,Geriatrics,95.0,Female,10451,1,1,False,1,88.0
PID-00930,2025-02-28,1944-09-02,Geriatrics,,Male,10451,9,9,True,0,62.9
PID-00931,2025-02-03,1992-04-07,Emergency,33.0,Male,10002,10,10,True,0,65.1
PID-00932,2025-07-25,1965-08-13,Emergency,60.0,Female,10452,10,10,True,0,51.1
PID-00933,2025-09-09,1980-08-09,Emergency,45.0,Unknown,10452,4,4,True,0,31.5
PID-00934,2025-02-07,1988-02-08,Emergency,37.0,Female,10002,9,9,True,0,63.4
PID-00935,2025-10-23,1994-08-01,General Medicine,31.0,Male,10002,4,4,True,0,45.7
PID-00936,2025-11-19,1962-08-18,Emergency,63.0,Male,10002,1,1,True,1,82.0
PID-00937,2025-12-18,1983-06-13,Emergency,43.0,Male,10001,5,5,True,0,53.8
PID-00938,2025-01-28,1951-08-04,Geriatrics,73.0,Female,10452,9,6,False,0,79.9
PID-00939,2025-03-19,1952-05-04,Geriatrics,73.0,Male,10001,3,3,True,0,41.5
PID-00940,2025-03-18,1945-05-10,Cardiology,,Female,10001,5,5,False,0,83.7
PID-00941,2025-10-16,1985-11-18,Emergency,40.0,Male,10001,3,3,True,0,56.6
PID-00942,2025-06-05,1961-10-16,General Medicine,64.0,Female,10453,3,3,True,0,35.6
PID-00943,2025-02-13,1958-01-21,Cardiology,67.0,Female,10001,1,1,True,0,75.1
PID-00944,2025-05-08,1977-11-26,General Medicine,47.0,Female,10452,2,2,False,0,66.5
PID-00945,2025-03-02,1983-03-08,General Medicine,42.0,Male,10001,2,2,True,0,66.3
PID-00946,2025-10-13,1942-03-04,Cardiology,84.0,Male,10452,9,9,True,0,66.0
PID-00947,2025-08-02,1965-04-21,Emergency,60.0,Male,10453,7,7,False,0,70.2
PID-00948,2025-11-07,1959-02-05,General Medicine,67.0,Female,10451,8,8,False,0,80.9
PID-00949,2025-11-02,1984-08-31,Cardiology,41.0,Female,10453,2,2,True,0,58.9
PID-00950,2025-11-13,1991-12-04,General Medicine,34.0,Female,10452,9,9,False,0,83.8
PID-00951,2025-04-26,1980-04-25,Cardiology,45.0,Female,10452,3,3,True,0,41.3
PID-00952,2025-09-25,1972-12-03,Cardiology,53.0,Female,10452,10,8,False,0,64.6
PID-00953,2025-07-14,1989-03-23,General Medicine,36.0,Male,10002,2,2,True,0,64.9
PID-00954,2025-08-19,1970-10-02,Emergency,55.0,Female,10451,1,1,False,0,62.1
PID-00955,2025-08-15,2000-11-10,Emergency,25.0,Male,10453,9,9,False,0,70.2
PID-00956,2025-06-02,1989-12-16,Emergency,35.0,Male,10002,8,8,True,0,43.8
PID-00957,2025-10-29,1958-01-20,Cardiology,68.0,Female,10453,4,4,False,0,86.7
PID-00958,2025-08-08,1959-05-26,Emergency,66.0,Male,10451,7,7,True,0,37.8
PID-00959,2025-06-06,1977-08-23,Emergency,48.0,Male,10451,3,3,False,0,76.6
PID-00960,2025-10-19,1988-12-18,Cardiology,37.0,Female,10452,3,3,False,0,80.4
PID-00961,2025-11-14,1989-01-10,General Medicine,37.0,Male,10453,4,4,False,0,75.9
PID-00962,2025-01-31,1976-03-17,General Medicine,49.0,Female,10002,2,2,True,0,42.5
PID-00963,2025-11-09,1959-01-24,General Medicine,67.0,Male,10001,10,10,True,1,53.1
PID-00964,2025-02-20,1953-04-24,Geriatrics,72.0,Male,10452,4,4,False,1,98.9
PID-00965,2025-04-17,1978-07-04,Emergency,47.0,Male,10453,10,10,False,0,75.9
PID-00966,2025-11-17,1991-01-10,General Medicine,35.0,Male,10452,3,3,True,0,49.8
PID-00967,2025-04-19,1964-12-04,General Medicine,60.0,Female,10001,8,6,True,1,82.9
PID-00968,2025-05-16,1984-05-14,General Medicine,41.0,Male,10002,2,2,True,0,48.0
PID-00969,2025-12-05,1980-03-16,General Medicine,46.0,Female,10453,9,7,True,1,72.6
PID-00970,2025-02-11,1946-06-18,Cardiology,79.0,Male,10001,3,3,True,0,74.4
PID-00971,2025-03-22,1955-07-20,Geriatrics,70.0,Female,10451,4,4,True,0,53.8
PID-00972,2025-05-03,1967-09-21,Emergency,58.0,Female,10001,10,8,True,1,80.8
PID-00973,2025-03-30,1991-10-16,General Medicine,33.0,Female,10002,10,10,True,0,57.1
PID-00974,2025-10-10,1966-05-05,Cardiology,59.0,Male,10002,3,3,True,0,71.3
PID-00975,2025-02-08,1949-11-29,Cardiology,75.0,Male,10002,3,3,True,0,74.9
PID-00976,2025-03-22,1975-11-09,Emergency,49.0,Male,10452,8,8,False,1,99.9
PID-00977,2025-01-02,1945-06-28,General Medicine,80.0,Female,10002,8,5,True,0,66.4
PID-00978,2025-07-29,1946-04-24,Cardiology,79.0,Male,10002,6,6,True,1,96.4
PID-00979,2025-08-19,1941-01-25,Geriatrics,,Female,10451,4,4,False,0,74.2
PID-00980,2025-12-19,1964-10-14,Emergency,61.0,Female,10453,1,1,False,1,100.0
PID-00981,2025-11-01,1959-10-23,General Medicine,66.0,Male,10452,4,4,True,0,59.7
PID-00982,2025-08-29,1944-04-14,Geriatrics,81.0,Female,10001,8,5,True,0,66.1
PID-00983,2025-05-30,1961-06-18,Cardiology,64.0,Male,10001,6,6,True,0,53.3
PID-00984,2025-01-17,1978-11-07,General Medicine,46.0,Male,10451,2,2,False,0,63.2
PID-00985,2025-04-29,1978-01-06,Emergency,47.0,Female,10453,3,3,False,1,91.6
PID-00986,2025-05-28,1965-07-07,Geriatrics,60.0,Female,10002,7,7,True,0,42.8
PID-00987,2025-12-28,1993-10-18,General Medicine,32.0,Female,10002,4,4,True,0,52.0
PID-00988,2025-05-25,1972-08-20,Cardiology,53.0,Male,10452,4,4,False,0,56.2
PID-00989,2025-12-26,1950-10-07,Geriatrics,75.0,Male,10452,5,5,False,0,71.1
PID-00990,2025-08-21,2007-09-28,Emergency,18.0,Female,10451,8,8,True,0,46.0
PID-00991,2025-02-06,1942-01-15,Cardiology,,Female,10001,7,5,True,0,58.6
PID-00992,2025-12-18,1950-02-23,Cardiology,76.0,Female,10001,9,9,True,0,73.1
PID-00993,2025-04-30,1978-01-06,Emergency,47.0,Male,10002,5,5,True,0,59.0
PID-00994,2025-05-16,1960-09-08,General Medicine,65.0,Female,10002,1,1,False,0,68.9
PID-00995,2025-11-17,1970-04-19,Emergency,56.0,Male,10453,4,4,True,1,91.3
PID-00996,2025-10-29,1947-08-02,Emergency,78.0,Male,10001,6,6,True,0,63.0
PID-00997,2025-12-05,1952-10-30,General Medicine,73.0,Female,10452,6,3,False,0,86.1
PID-00998,2025-04-12,1995-02-08,Cardiology,30.0,Male,10451,9,9,False,1,78.0
PID-00999,2025-08-06,1959-05-03,Emergency,66.0,Female,10002,10,10,True,0,51.5
PID-01000,2025-02-28,1973-08-11,Geriatrics,52.0,Male,10453,5,5,True,0,59.4
PID-01001,2025-10-06,1968-07-21,General Medicine,57.0,Male,10452,5,5,False,0,75.9
PID-01002,2025-04-26,1983-04-30,Emergency,42.0,Female,10453,6,3,True,0,66.2
PID-01003,2025-11-28,1938-11-08,Emergency,87.0,Female,10001,6,6,True,0,75.5
PID-01004,2025-03-18,1950-09-29,Geriatrics,74.0,Female,10001,3,3,True,0,55.2
PID-01005,2025-05-17,1983-08-17,Emergency,42.0,Female,10001,6,6,True,0,60.4
PID-01006,2025-03-14,1994-01-20,General Medicine,31.0,Female,10002,8,6,True,0,41.2
PID-01007,2025-02-06,1976-06-05,Cardiology,49.0,Female,10451,6,4,False,0,55.7
PID-01008,2025-01-31,1961-08-08,General Medicine,63.0,Female,10453,5,2,False,0,72.9
PID-01009,2025-03-26,1964-12-31,Emergency,60.0,Male,10002,3,3,True,0,56.9
PID-01010,2025-06-07,1947-04-14,Geriatrics,,Female,10453,1,1,False,0,83.0
PID-01011,2025-11-01,1955-11-21,Geriatrics,70.0,Male,10451,5,5,True,0,68.6
PID-01012,2025-10-19,1952-04-30,Geriatrics,73.0,Unknown,10452,6,6,False,0,74.8
PID-01013,2025-05-28,1964-11-20,General Medicine,61.0,Female,10002,6,3,True,0,59.2
PID-01014,2025-08-13,1996-02-04,General Medicine,30.0,Male,10001,6,6,True,1,70.3
PID-01015,2025-03-05,1972-09-21,General Medicine,52.0,Female,10453,3,3,True,0,71.5
PID-01016,2025-08-28,1950-11-10,Geriatrics,,Female,10001,4,4,True,1,92.7
PID-01017,2025-12-19,1970-12-06,Cardiology,55.0,Male,10452,3,3,True,0,64.2
PID-01018,2025-06-05,1960-02-09,General Medicine,65.0,Female,10451,2,2,True,1,63.8
PID-01019,2025-12-25,1976-05-03,Cardiology,50.0,Female,10453,8,8,False,0,66.2
PID-01020,2025-07-26,1988-08-09,General Medicine,37.0,Male,10452,7,7,True,0,49.2
PID-01021,2025-05-20,1972-05-15,General Medicine,53.0,Female,10002,8,5,True,0,39.5
PID-01022,2025-09-14,1964-05-04,Cardiology,61.0,Male,10451,6,6,False,0,84.5
PID-01023,2025-10-04,1981-11-21,Emergency,44.0,Female,10001,7,4,True,0,50.5
PID-01024,2025-09-10,1974-12-05,Cardiology,51.0,Unknown,10451,1,1,True,0,36.4
PID-01025,2025-08-13,1986-05-06,General Medicine,39.0,Female,10001,10,8,True,0,45.5
PID-01026,2025-02-11,1949-03-29,Geriatrics,,Male,10451,5,5,True,0,49.9
PID-01027,2025-11-03,1976-01-02,General Medicine,50.0,Female,10001,4,4,True,0,56.7
PID-01028,2025-01-21,1943-03-06,Emergency,82.0,Female,10453,10,10,False,0,85.5
PID-01029,2025-08-10,1942-06-11,Geriatrics,,Male,10451,3,3,False,0,85.8
PID-01030,2025-06-15,1971-02-03,Cardiology,54.0,Female,10453,2,2,True,1,83.8
PID-01031,2025-11-06,1988-11-11,General Medicine,37.0,Male,10001,9,9,True,0,69.8
PID-01032,2025-05-09,2007-05-03,General Medicine,18.0,Female,10452,8,6,False,1,100.0
PID-01033,2025-01-14,1996-04-10,Emergency,29.0,Male,10002,10,10,True,0,46.0
PID-01034,2025-02-16,1993-12-04,General Medicine,31.0,Male,10451,2,2,False,1,100.0
PID-01035,2025-04-28,1945-03-22,Geriatrics,80.0,Male,10453,6,6,False,0,78.2
PID-01036,2025-12-12,1968-02-24,Cardiology,58.0,Female,10453,3,3,True,0,50.9
PID-01037,2025-10-22,1962-09-19,General Medicine,63.0,Male,10002,3,3,True,0,50.6
PID-01038,2025-10-28,2007-05-04,Emergency,18.0,Female,10453,5,2,True,0,56.0
PID-01039,2025-01-11,1991-01-02,Emergency,34.0,Male,10452,7,7,True,0,33.2
PID-01040,2025-12-11,1954-12-06,Cardiology,71.0,Male,10453,7,7,True,0,60.2
PID-01041,2025-05-18,1964-04-23,Emergency,61.0,Female,10451,10,10,True,0,52.7
PID-01042,2025-10-23,1972-11-29,General Medicine,53.0,Female,10453,1,1,False,0,54.8
PID-01043,2025-01-21,1958-12-03,Emergency,66.0,Male,10453,7,7,True,0,44.7
PID-01044,2025-03-31,1940-06-27,Emergency,85.0,Female,10001,7,4,True,1,77.6
PID-01045,2025-08-29,1973-05-09,Cardiology,52.0,Female,10002,6,6,True,0,43.3
PID-01046,2025-09-23,1969-01-14,Emergency,57.0,Female,10002,6,3,False,0,70.4
PID-01047,2025-11-30,1966-08-09,General Medicine,59.0,Male,10451,2,2,False,0,68.8
PID-01048,2025-08-15,1930-02-26,Geriatrics,,Male,10453,3,3,False,0,90.6
PID-01049,2025-05-23,2007-07-26,General Medicine,18.0,Female,10452,3,3,False,1,91.6
PID-01050,2025-04-03,1957-08-10,Emergency,68.0,Male,10452,3,3,False,0,76.7
PID-01051,2025-10-27,1972-12-08,Emergency,53.0,Female,10002,2,2,True,0,59.0
PID-01052,2025-08-12,1959-10-12,General Medicine,66.0,Female,10001,9,7,True,0,42.9
PID-01053,2025-11-22,1981-08-10,Cardiology,44.0,Female,10002,6,6,True,0,66.0
PID-01054,2025-09-09,1970-07-31,Cardiology,55.0,Female,10452,2,2,False,0,56.3
PID-01055,2025-02-16,1957-02-01,General Medicine,68.0,Unknown,10001,3,3,True,0,69.2
PID-01056,2025-08-29,1930-11-18,Geriatrics,,Male,10002,10,10,True,0,67.6
PID-01057,2025-06-28,1955-10-13,Geriatrics,70.0,Female,10451,6,6,True,0,74.1
PID-01058,2025-07-29,1985-11-10,Cardiology,40.0,Male,10001,4,4,True,0,43.6
PID-01059,2025-06-20,1977-04-19,General Medicine,48.0,Male,10002,7,7,True,0,50.4
PID-01060,2025-06-14,1978-12-08,Emergency,47.0,Female,10001,6,4,True,0,39.6
PID-01061,2025-12-10,2003-03-11,Emergency,23.0,Female,10453,6,6,True,0,49.4
PID-01062,2025-02-23,1975-01-20,Emergency,50.0,Unknown,10001,3,3,True,0,49.1
PID-01063,2025-03-24,1956-01-09,Emergency,69.0,Female,10453,8,8,False,0,94.0
PID-01064,2025-06-18,1992-10-08,General Medicine,33.0,Male,10001,9,9,True,0,54.8
PID-01065,2025-07-30,1951-03-11,Geriatrics,74.0,Male,10453,6,6,False,0,79.7
PID-01066,2025-12-22,1961-09-29,Emergency,64.0,Female,10451,2,2,True,1,74.6
PID-01067,2025-09-11,1983-06-11,Cardiology,42.0,Male,10453,1,1,False,0,65.9
PID-01068,2025-05-28,1972-06-16,General Medicine,53.0,Male,10453,3,3,True,0,47.8
PID-01069,2025-12-06,1941-09-28,Geriatrics,84.0,Male,10451,3,3,False,0,80.7
PID-01070,2025-07-25,1956-08-21,Cardiology,69.0,Male,10453,8,8,True,0,77.5
PID-01071,2025-10-09,1969-11-30,Cardiology,56.0,Male,10451,5,5,False,0,73.6
PID-01072,2025-01-19,1973-10-05,Cardiology,51.0,Male,10452,1,1,True,1,65.7
PID-01073,2025-08-21,1968-05-03,Cardiology,57.0,Male,10451,4,4,False,0,93.5
PID-01074,2025-02-15,1979-07-22,General Medicine,46.0,Male,10453,7,7,True,0,59.3
PID-01075,2025-06-11,2007-05-20,Emergency,18.0,Unknown,10453,5,5,False,0,78.7
PID-01076,2025-05-10,1933-09-17,Emergency,92.0,Male,10001,10,10,True,1,83.1
PID-01077,2025-06-15,1966-12-25,Emergency,58.0,Male,10451,6,6,False,0,77.2
PID-01078,2025-03-01,1962-06-07,General Medicine,63.0,Female,10453,10,10,False,0,72.7
PID-01079,2025-07-26,1971-12-24,Cardiology,54.0,Male,10452,4,4,False,0,57.8
PID-01080,2025-09-21,1983-12-01,Emergency,42.0,Female,10453,2,2,True,0,54.1
PID-01081,2025-01-01,1973-02-20,Emergency,52.0,Female,10002,9,9,True,0,38.7
PID-01082,2025-12-03,1998-10-02,General Medicine,27.0,Male,10002,2,2,True,1,77.7
PID-01083,2025-10-05,1930-05-17,Geriatrics,95.0,Male,10451,2,2,False,0,83.5
PID-01084,2025-08-25,1993-01-03,General Medicine,33.0,Female,10002,2,2,True,0,41.8
PID-01085,2025-07-31,1988-06-11,General Medicine,37.0,Female,10002,1,1,True,1,76.1
PID-01086,2025-01-28,1977-02-06,General Medicine,48.0,Male,10451,3,3,False,1,100.0
PID-01087,2025-04-07,1946-05-25,Geriatrics,79.0,Female,10001,6,4,True,0,55.4
PID-01088,2025-09-23,1969-09-19,Geriatrics,56.0,Male,10002,7,7,True,0,54.1
PID-01089,2025-07-05,1992-07-01,Emergency,33.0,Unknown,10001,1,1,True,0,61.5
PID-01090,2025-11-15,1947-08-02,Geriatrics,78.0,Male,10452,5,5,True,1,92.6
PID-01091,2025-09-13,1956-05-31,General Medicine,69.0,Female,10002,5,5,False,0,77.2
PID-01092,2025-11-17,1961-01-05,Geriatrics,65.0,Female,10002,1,1,True,0,63.1
PID-01093,2025-08-15,1957-08-19,General Medicine,68.0,Female,10451,4,4,False,0,86.8
PID-01094,2025-01-27,1930-07-17,General Medicine,95.0,Female,10001,10,7,True,0,58.5
PID-01095,2025-04-15,1930-03-17,General Medicine,95.0,Male,10453,1,1,False,0,74.4
PID-01096,2025-05-17,1982-09-13,Emergency,43.0,Male,10002,1,1,True,0,55.6
PID-01097,2025-10-09,1940-10-10,Geriatrics,85.0,Male,10453,7,7,False,0,89.8
PID-01098,2025-03-09,1962-09-24,Emergency,62.0,Male,10451,7,7,True,0,60.2
PID-01099,2025-05-28,1961-01-18,Geriatrics,64.0,Female,10453,3,3,False,0,75.5
PID-01100,2025-08-13,2000-10-31,General Medicine,25.0,Male,10002,7,7,False,0,66.9
PID-01101,2025-12-24,1973-08-31,General Medicine,52.0,Male,10001,3,3,True,0,55.1
PID-01102,2025-09-06,1984-05-15,Emergency,41.0,Non-Binary,10453,2,2,False,0,62.3
PID-01103,2025-03-04,1954-10-04,Geriatrics,70.0,Female,10002,10,7,True,0,62.6
PID-01104,2025-01-15,1949-08-17,Geriatrics,,Female,10452,4,4,True,1,100.0
PID-01105,2025-11-19,2007-08-17,Emergency,18.0,Unknown,10002,10,10,True,0,40.9
PID-01106,2025-11-08,1971-02-08,Emergency,55.0,Male,10452,3,3,True,0,45.0
PID-01107,2025-05-03,1949-06-07,Emergency,,Male,10453,7,7,True,0,68.5
PID-01108,2025-12-30,1973-12-29,Emergency,52.0,Female,10453,1,1,True,0,42.1
PID-01109,2025-03-23,1956-04-06,Geriatrics,69.0,Female,10002,6,6,True,0,73.8
PID-01110,2025-06-09,1962-12-28,General Medicine,62.0,Male,10002,2,2,True,0,58.8
PID-01111,2025-10-10,1963-07-22,Cardiology,62.0,Female,10453,8,8,True,0,59.2
PID-01112,2025-01-08,1973-11-01,Emergency,51.0,Male,10453,5,5,True,0,60.2
PID-01113,2025-10-10,1991-08-24,General Medicine,34.0,Male,10001,3,3,True,1,63.4
PID-01114,2025-07-28,1990-12-16,Cardiology,35.0,Female,10451,10,7,True,0,40.3
PID-01115,2025-02-17,1957-02-02,Emergency,68.0,Female,10001,7,5,False,0,91.9
PID-01116,2025-04-26,1968-12-13,General Medicine,56.0,Female,10453,2,2,True,0,47.2
PID-01117,2025-02-28,1972-04-03,General Medicine,53.0,Male,10001,5,5,True,0,49.3
PID-01118,2025-08-25,1977-06-29,General Medicine,48.0,Female,10451,8,8,True,0,56.4
PID-01119,2025-03-02,1974-10-11,Cardiology,50.0,Male,10452,1,1,True,0,51.4
PID-01120,2025-11-28,1952-03-14,Geriatrics,74.0,Male,10453,1,1,False,0,89.7
PID-01121,2025-03-20,1976-06-23,Cardiology,49.0,Female,10453,3,3,False,0,75.2
PID-01122,2025-09-13,1994-04-20,General Medicine,31.0,Female,10002,3,3,True,0,48.2
PID-01123,2025-05-30,1956-06-07,General Medicine,69.0,Female,10451,7,5,True,0,59.1
PID-01124,2025-09-18,1973-08-14,General Medicine,52.0,Female,10453,6,4,True,0,52.3
PID-01125,2025-12-28,1969-08-07,Emergency,56.0,Female,10452,7,7,False,0,73.5
PID-01126,2025-05-20,1941-01-07,Geriatrics,84.0,Female,10452,4,4,False,0,87.2
PID-01127,2025-08-01,1970-04-12,Cardiology,55.0,Male,10452,2,2,False,0,71.5
PID-01128,2025-09-05,1964-08-09,General Medicine,61.0,Male,10002,2,2,True,0,49.2
PID-01129,2025-08-30,1992-01-22,Emergency,34.0,Male,10452,10,10,False,0,68.4
PID-01130,2025-05-05,1973-09-22,Cardiology,52.0,Male,10002,1,1,True,1,71.1
PID-01131,2025-08-22,1959-11-29,General Medicine,66.0,Female,10451,9,9,False,1,100.0
PID-01132,2025-10-10,1997-10-15,Emergency,28.0,Female,10453,7,5,False,0,62.1
PID-01133,2025-03-16,1966-05-20,General Medicine,59.0,Male,10001,10,10,True,0,38.7
PID-01134,2025-07-16,1968-08-05,General Medicine,57.0,Male,10451,3,3,False,0,78.0
PID-01135,2025-04-08,1969-04-26,General Medicine,56.0,Female,10002,2,2,True,0,54.3
PID-01136,2025-11-03,1951-06-03,Cardiology,74.0,Male,10001,3,3,True,1,100.0
PID-01137,2025-09-18,1963-10-20,Emergency,62.0,Female,10453,7,7,True,0,49.2
PID-01138,2025-03-11,1943-04-25,Emergency,82.0,Female,10452,5,2,False,0,79.7
PID-01139,2025-02-05,1986-09-30,General Medicine,38.0,Female,10001,3,3,True,0,42.6
PID-01140,2025-05-22,1966-12-24,Cardiology,58.0,Female,10451,9,7,True,0,50.9
PID-01141,2025-08-01,1968-07-10,Geriatrics,57.0,Female,10451,2,2,False,0,54.4
PID-01142,2025-06-24,1989-08-05,Emergency,36.0,Male,10001,7,7,True,1,58.0
PID-01143,2025-09-17,1952-08-01,Emergency,73.0,Female,10452,10,8,False,0,75.1
PID-01144,2025-05-17,1930-05-13,Emergency,,Female,10002,6,6,False,0,80.6
PID-01145,2025-01-02,1969-09-05,General Medicine,55.0,Male,10452,6,6,False,0,64.7
PID-01146,2025-05-25,1960-02-29,General Medicine,65.0,Female,10001,7,5,True,0,44.8
PID-01147,2025-06-02,1968-04-13,Emergency,57.0,Female,10002,6,6,True,0,36.4
PID-01148,2025-10-28,1982-09-28,Emergency,43.0,Female,10001,2,2,True,0,55.7
PID-01149,2025-10-24,2003-01-28,Emergency,23.0,Female,10001,5,5,True,0,43.6
PID-01150,2025-12-04,1983-03-01,Emergency,43.0,Female,10453,3,3,True,0,64.9
PID-01151,2025-09-08,1996-02-25,General Medicine,30.0,Female,10001,9,6,True,0,49.4
PID-01152,2025-03-18,1939-07-13,Cardiology,86.0,Female,10001,8,8,True,0,50.5
PID-01153,2025-08-17,1972-10-16,Cardiology,53.0,Female,10453,10,8,True,0,29.2
PID-01154,2025-10-03,1976-04-28,General Medicine,49.0,Female,10452,2,2,True,0,38.9
PID-01155,2025-09-05,1953-10-27,Emergency,72.0,Female,10001,1,1,True,0,59.4
PID-01156,2025-06-26,1989-12-31,General Medicine,35.0,Female,10453,4,4,True,0,28.6
PID-01157,2025-06-20,1983-11-08,General Medicine,42.0,Male,10001,4,4,True,0,42.9
PID-01158,2025-10-10,1968-12-22,General Medicine,57.0,Female,10452,10,7,False,0,65.2
PID-01159,2025-10-06,1952-01-10,Geriatrics,74.0,Female,10001,2,2,True,1,78.3
PID-01160,2025-07-13,1960-06-20,Cardiology,65.0,Male,10452,7,7,True,1,69.7
PID-01161,2025-08-22,1965-12-28,General Medicine,60.0,Female,10451,3,3,True,0,45.8
PID-01162,2025-06-14,1968-10-24,General Medicine,57.0,Male,10002,7,7,True,0,42.9
PID-01163,2025-04-07,1962-09-03,Cardiology,63.0,Male,10452,7,7,False,0,83.2
PID-01164,2025-12-24,1966-10-24,General Medicine,59.0,Female,10452,1,1,False,0,64.4
PID-01165,2025-05-03,1988-01-24,General Medicine,37.0,Male,10452,6,6,True,1,51.3
PID-01166,2025-10-20,1970-03-22,General Medicine,56.0,Female,10453,4,4,True,0,35.3
PID-01167,2025-07-16,1989-12-30,General Medicine,36.0,Female,10451,8,6,True,0,55.4
PID-01168,2025-04-30,1968-04-07,Cardiology,57.0,Female,10451,8,5,False,0,74.1
PID-01169,2025-07-30,1978-05-04,Emergency,47.0,Male,10452,3,3,False,0,65.3
PID-01170,2025-01-23,1930-06-11,Emergency,95.0,Male,10452,4,4,False,1,92.3
PID-01171,2025-06-12,1970-10-18,General Medicine,55.0,Female,10002,1,1,False,0,76.4
PID-01172,2025-08-31,1995-10-17,General Medicine,30.0,Unknown,10451,10,10,True,0,35.7
PID-01173,2025-12-28,1972-08-14,General Medicine,53.0,Female,10451,2,2,True,0,53.4
PID-01174,2025-07-15,1960-10-24,Geriatrics,65.0,Male,10453,7,7,False,0,66.1
PID-01175,2025-07-17,1939-12-02,Geriatrics,,Female,10451,7,7,False,0,84.5
PID-01176,2025-12-06,1980-07-04,Emergency,45.0,Female,10002,9,9,True,0,45.4
PID-01177,2025-11-30,1998-11-12,Emergency,27.0,Female,10451,10,10,False,0,83.1
PID-01178,2025-03-19,1955-04-11,Geriatrics,70.0,Male,10453,9,9,False,1,88.4
PID-01179,2025-09-11,1994-11-14,Emergency,31.0,Female,10453,9,7,False,0,75.2
PID-01180,2025-01-19,1977-03-14,General Medicine,48.0,Female,10453,6,3,False,0,66.9
PID-01181,2025-03-06,1974-04-11,General Medicine,51.0,Non-Binary,10453,8,8,True,0,43.7
PID-01182,2025-09-15,1971-08-01,Cardiology,54.0,Male,10002,9,9,True,0,61.3
PID-01183,2025-10-30,1957-06-12,Emergency,68.0,Female,10451,7,5,False,1,95.8
PID-01184,2025-06-19,1982-10-14,Cardiology,43.0,Female,10452,4,4,False,0,72.1
PID-01185,2025-02-21,1974-06-15,Cardiology,51.0,Male,10002,4,4,True,1,76.1
PID-01186,2025-08-14,1970-05-18,Geriatrics,55.0,Female,10002,6,6,True,0,38.9
PID-01187,2025-02-21,1967-05-26,General Medicine,58.0,Female,10453,4,4,True,1,82.4
PID-01188,2025-09-27,1969-03-12,Cardiology,57.0,Male,10452,7,7,False,0,88.2
PID-01189,2025-08-22,1963-02-02,General Medicine,63.0,Male,10453,8,8,True,0,64.6
PID-01190,2025-01-08,1953-08-03,Geriatrics,71.0,Female,10453,8,6,False,0,83.6
PID-01191,2025-03-15,1962-03-14,General Medicine,63.0,Male,10002,8,8,True,0,47.9
PID-01192,2025-07-29,1961-08-12,Emergency,64.0,Female,10453,2,2,False,0,77.3
PID-01193,2025-12-02,1998-10-01,Emergency,27.0,Male,10001,10,10,True,0,58.7
PID-01194,2025-03-21,1969-01-21,Emergency,56.0,Female,10452,2,2,False,0,70.8
PID-01195,2025-02-08,1960-11-04,Emergency,64.0,Male,10002,2,2,True,1,53.5
PID-01196,2025-08-29,1956-10-09,Geriatrics,69.0,Female,10002,2,2,True,0,46.0
PID-01197,2025-05-16,1982-02-06,General Medicine,43.0,Unknown,10453,4,4,True,1,79.1
PID-01198,2025-06-23,1981-05-07,Emergency,44.0,Non-Binary,10002,5,5,True,0,52.9
PID-01199,2025-11-16,1981-03-07,General Medicine,45.0,Female,10452,4,4,False,0,65.8
PID-01200,2025-12-21,1960-06-27,Cardiology,65.0,Male,10001,5,5,True,0,52.5
PID-01201,2025-07-23,1951-04-19,Geriatrics,74.0,Female,10001,4,4,True,1,71.8
PID-01202,2025-11-29,1978-02-27,General Medicine,48.0,Male,10002,7,7,True,0,48.4
PID-01203,2025-02-11,1952-10-12,General Medicine,72.0,Male,10452,10,10,True,0,57.0
PID-01204,2025-06-18,1967-02-14,Emergency,58.0,Male,10002,1,1,True,0,32.3
PID-01205,2025-12-12,1972-10-20,General Medicine,53.0,Female,10002,1,1,True,0,50.8
PID-01206,2025-10-01,1973-05-11,General Medicine,52.0,Female,10452,2,2,True,1,61.3
PID-01207,2025-07-14,1956-02-20,Emergency,69.0,Female,10001,1,1,True,0,67.9
PID-01208,2025-06-12,1964-02-25,General Medicine,61.0,Male,10451,10,10,False,0,73.0
PID-01209,2025-11-17,1930-10-07,Emergency,95.0,Male,10453,10,10,False,0,74.0
PID-01210,2025-09-07,1985-06-11,Emergency,40.0,Unknown,10002,3,3,True,0,40.8
PID-01211,2025-10-05,1960-05-11,General Medicine,65.0,Male,10451,6,6,False,0,57.5
PID-01212,2025-01-19,1978-08-26,General Medicine,46.0,Male,10452,10,10,False,0,65.7
PID-01213,2025-11-13,1985-08-12,General Medicine,40.0,Male,10452,6,6,True,0,57.0
PID-01214,2025-02-05,1970-02-28,Emergency,55.0,Female,10452,1,1,False,0,67.0
PID-01215,2025-05-01,1967-05-05,Cardiology,58.0,Female,10453,6,6,False,0,68.5
PID-01216,2025-11-20,1930-09-16,Geriatrics,95.0,Male,10001,5,5,True,0,50.1
PID-01217,2025-12-17,1973-09-12,General Medicine,52.0,Male,10453,7,7,False,1,90.5
PID-01218,2025-05-28,1990-08-01,General Medicine,35.0,Female,10453,6,6,False,0,68.0
PID-01219,2025-04-27,1965-09-09,General Medicine,60.0,Female,10453,7,7,True,0,51.1
PID-01220,2025-02-16,2007-01-02,General Medicine,18.0,Male,10451,2,2,False,0,68.4
PID-01221,2025-08-11,1971-09-04,Cardiology,54.0,Female,10453,1,1,False,0,74.0
PID-01222,2025-02-20,1969-02-13,General Medicine,56.0,Male,10002,7,7,True,0,55.9
PID-01223,2025-11-21,1955-10-22,Emergency,70.0,Male,10452,9,9,False,0,93.8
PID-01224,2025-12-27,1953-02-12,General Medicine,73.0,Female,10001,2,2,True,1,87.0
PID-01225,2025-02-21,1979-06-03,Emergency,46.0,Male,10453,7,7,True,0,53.8
PID-01226,2025-08-16,1972-09-10,Cardiology,53.0,Female,10452,3,3,False,0,65.3
PID-01227,2025-03-27,1983-09-19,Emergency,42.0,Male,10001,6,6,True,0,63.8
PID-01228,2025-12-22,1991-06-21,Emergency,35.0,Male,10453,3,3,False,0,65.8
PID-01229,2025-06-03,1964-03-08,Emergency,61.0,Unknown,10451,10,10,False,0,75.4
PID-01230,2025-01-15,1992-05-06,General Medicine,33.0,Male,10452,5,5,True,0,45.6
PID-01231,2025-01-24,1977-01-28,General Medicine,48.0,Female,10002,2,2,True,0,48.7
PID-01232,2025-06-16,1987-07-21,Emergency,38.0,Male,10453,8,8,True,0,50.2
PID-01233,2025-01-29,1959-12-01,Emergency,65.0,Male,10451,8,8,True,0,32.4
PID-01234,2025-05-31,1937-02-27,Geriatrics,,Male,10451,7,7,False,0,81.8
PID-01235,2025-07-03,1993-12-26,Emergency,32.0,Female,10451,6,3,True,0,49.3
PID-01236,2025-07-11,2003-01-21,Emergency,22.0,Male,10452,1,1,True,0,43.9
PID-01237,2025-08-09,1972-05-30,Cardiology,53.0,Female,10452,8,6,True,0,41.0
PID-01238,2025-03-16,1969-01-11,Emergency,56.0,Male,10002,1,1,True,0,44.2
PID-01239,2025-05-06,1966-06-03,Cardiology,59.0,Non-Binary,10002,8,8,True,0,40.4
PID-01240,2025-09-29,1979-03-25,General Medicine,47.0,Male,10451,2,2,False,0,65.5
PID-01241,2025-07-30,1973-06-20,Cardiology,52.0,Female,10453,8,6,False,0,64.0
PID-01242,2025-10-17,1963-11-18,Cardiology,62.0,Female,10452,10,8,False,1,91.9
PID-01243,2025-12-16,1951-08-14,Cardiology,74.0,Female,10002,4,4,True,0,66.9
PID-01244,2025-04-03,2005-06-04,Emergency,20.0,Female,10002,7,4,True,0,41.8
PID-01245,2025-03-29,1976-09-22,Emergency,49.0,Female,10451,5,3,True,0,44.7
PID-01246,2025-03-31,1965-12-22,General Medicine,59.0,Female,10453,8,8,True,0,51.0
PID-01247,2025-02-10,1986-01-31,Emergency,39.0,Male,10001,6,6,True,0,41.2
PID-01248,2025-11-09,1939-02-02,General Medicine,87.0,Male,10452,5,5,True,1,91.9
PID-01249,2025-07-15,1981-06-15,Cardiology,44.0,Female,10002,1,1,True,0,41.3
PID-01250,2025-11-14,1970-07-31,Cardiology,55.0,Female,10002,3,3,True,0,51.2
PID-01251,2025-12-16,1959-11-04,General Medicine,66.0,Female,10001,10,7,True,0,69.6
PID-01252,2025-05-04,1980-04-12,General Medicine,45.0,Female,10453,9,9,False,0,61.1
PID-01253,2025-09-12,2003-11-05,Emergency,22.0,Male,10453,9,9,True,0,42.8
PID-01254,2025-10-26,1978-01-31,General Medicine,48.0,Male,10001,5,5,True,0,45.9
PID-01255,2025-03-15,1950-10-17,General Medicine,74.0,Female,10451,3,3,False,0,80.2
PID-01256,2025-04-29,1976-04-10,Emergency,49.0,Male,10001,6,6,True,1,73.8
PID-01257,2025-08-25,1985-08-12,General Medicine,40.0,Male,10452,5,5,True,0,49.8
PID-01258,2025-11-23,1954-01-30,General Medicine,72.0,Female,10452,1,1,False,0,84.6
PID-01259,2025-05-11,1975-06-27,Cardiology,50.0,Male,10002,2,2,True,0,48.3
PID-01260,2025-08-24,1980-01-12,Cardiology,46.0,Female,10001,5,5,True,0,36.8
PID-01261,2025-05-11,1967-04-06,Cardiology,58.0,Male,10453,9,9,False,0,81.5
PID-01262,2025-12-08,1956-07-21,Cardiology,69.0,Female,10452,4,4,False,0,83.9
PID-01263,2025-01-05,1930-03-05,Emergency,95.0,Male,10001,9,9,True,0,48.5
PID-01264,2025-08-27,1955-06-05,Emergency,70.0,Male,10452,3,3,True,0,58.3
PID-01265,2025-05-28,1949-01-15,Emergency,76.0,Male,10453,1,1,True,0,67.1
PID-01266,2025-12-13,1979-06-22,Emergency,46.0,Male,10451,6,6,True,1,66.8
PID-01267,2025-10-07,1988-04-20,Cardiology,37.0,Male,10451,10,10,True,0,58.3
PID-01268,2025-03-22,1968-05-02,Cardiology,57.0,Male,10451,7,7,False,0,61.3
PID-01269,2025-02-07,1968-03-14,Cardiology,57.0,Female,10452,4,4,True,0,53.9
PID-01270,2025-08-15,1989-03-16,Emergency,36.0,Male,10452,10,10,True,0,26.9
PID-01271,2025-06-26,1973-03-26,Emergency,52.0,Female,10453,5,3,False,0,78.5
PID-01272,2025-10-28,1962-12-11,Emergency,63.0,Female,10001,4,4,True,0,33.0
PID-01273,2025-06-03,1963-05-04,General Medicine,62.0,Female,10452,3,3,False,0,80.7
PID-01274,2025-11-24,1961-02-16,General Medicine,65.0,Male,10001,1,1,True,0,39.5
PID-01275,2025-08-06,1964-12-29,Cardiology,61.0,Female,10002,6,4,True,0,67.0
PID-01276,2025-12-20,1980-03-17,General Medicine,46.0,Male,10452,10,10,False,0,70.9
PID-01277,2025-05-09,1979-08-29,Emergency,46.0,Male,10453,5,5,False,0,79.2
PID-01278,2025-08-22,1991-09-24,Emergency,34.0,Unknown,10001,1,1,True,0,48.3
PID-01279,2025-06-04,1937-10-06,Emergency,88.0,Male,10453,5,5,False,0,66.3
PID-01280,2025-04-12,1968-11-17,Emergency,56.0,Female,10002,6,6,True,0,41.6
PID-01281,2025-07-16,1974-05-25,Emergency,51.0,Female,10002,10,10,True,0,54.2
PID-01282,2025-09-05,1986-04-23,General Medicine,39.0,Female,10001,5,2,True,0,76.1
PID-01283,2025-02-24,1930-01-05,Geriatrics,95.0,Female,10452,1,1,False,0,93.0
PID-01284,2025-05-02,1989-06-12,Emergency,36.0,Male,10451,5,5,False,0,70.8
PID-01285,2025-07-15,1977-01-18,Emergency,48.0,Male,10451,10,10,False,1,100.0
PID-01286,2025-10-20,1962-06-05,Cardiology,63.0,Female,10451,1,1,True,0,52.0
PID-01287,2025-07-03,1959-04-24,Cardiology,66.0,Male,10452,3,3,False,1,100.0
PID-01288,2025-10-22,1953-01-14,Geriatrics,73.0,Male,10451,2,2,True,0,60.5
PID-01289,2025-06-01,1937-06-17,Emergency,88.0,Male,10002,1,1,True,0,54.9
PID-01290,2025-12-25,1961-06-14,General Medicine,65.0,Male,10453,4,4,False,0,70.6
PID-01291,2025-06-01,1989-09-12,General Medicine,36.0,Male,10452,2,2,False,0,73.2
PID-01292,2025-01-12,1974-06-17,General Medicine,51.0,Male,10002,5,5,True,0,49.4
PID-01293,2025-12-04,1964-09-02,Cardiology,61.0,Female,10002,10,10,True,0,45.7
PID-01294,2025-07-22,1933-01-07,Geriatrics,93.0,Female,10452,1,1,False,0,75.2
PID-01295,2025-05-21,1995-08-15,General Medicine,30.0,Female,10001,10,7,True,0,47.5
PID-01296,2025-01-05,1948-05-13,General Medicine,77.0,Male,10452,1,1,False,0,81.0
PID-01297,2025-10-17,1966-11-23,General Medicine,59.0,Male,10002,10,10,True,0,45.6
PID-01298,2025-12-18,1955-01-31,Geriatrics,71.0,Male,10451,4,4,True,0,64.7
PID-01299,2025-01-26,1971-05-23,Cardiology,54.0,Female,10002,7,5,True,0,35.3
PID-01300,2025-11-07,1985-09-24,Emergency,40.0,Female,10453,2,2,False,1,96.9
PID-01301,2025-09-12,1957-03-07,Cardiology,69.0,Male,10453,2,2,False,0,88.7
PID-01302,2025-05-27,1958-07-28,General Medicine,67.0,Female,10453,1,1,True,0,75.9
PID-01303,2025-04-28,1952-09-09,Cardiology,73.0,Male,10001,5,5,True,0,59.3
PID-01304,2025-11-07,1971-02-19,General Medicine,55.0,Female,10453,6,6,False,0,75.8
PID-01305,2025-06-30,1980-12-20,General Medicine,45.0,Female,10451,6,4,False,0,71.8
PID-01306,2025-04-23,1998-02-11,Cardiology,27.0,Female,10452,2,2,True,0,59.1
PID-01307,2025-11-22,1956-01-31,Geriatrics,70.0,Female,10002,7,5,False,0,77.8
PID-01308,2025-04-08,1962-04-14,Cardiology,63.0,Female,10452,6,3,True,0,54.4
PID-01309,2025-11-14,1987-10-11,Emergency,38.0,Male,10453,8,8,True,0,30.4
PID-01310,2025-05-09,1979-05-31,General Medicine,46.0,Female,10002,6,6,True,0,58.8
PID-01311,2025-12-14,1978-10-01,General Medicine,47.0,Male,10002,9,9,True,0,51.1
PID-01312,2025-12-04,1996-11-24,Emergency,29.0,Female,10001,10,8,True,0,43.7
PID-01313,2025-12-15,1984-10-19,Emergency,41.0,Female,10002,2,2,True,1,77.4
PID-01314,2025-03-12,1989-09-18,General Medicine,35.0,Female,10451,7,7,False,0,82.7
PID-01315,2025-11-18,1978-05-01,Emergency,48.0,Male,10453,5,5,False,1,86.3
PID-01316,2025-02-19,1983-03-03,Emergency,42.0,Female,10002,1,1,True,0,41.9
PID-01317,2025-11-18,2000-04-06,General Medicine,26.0,Female,10452,3,3,False,0,55.3
PID-01318,2025-11-27,1934-03-13,Geriatrics,,Female,10451,4,4,True,0,51.9
PID-01319,2025-01-21,1947-06-23,Cardiology,78.0,Male,10002,2,2,False,0,71.3
PID-01320,2025-06-08,1984-07-22,Emergency,41.0,Male,10451,7,7,False,0,68.2
PID-01321,2025-08-14,1965-07-25,Cardiology,60.0,Male,10001,1,1,True,0,50.4
PID-01322,2025-01-18,1962-06-12,Geriatrics,63.0,Male,10452,3,3,False,0,57.3
PID-01323,2025-10-24,1948-07-18,Cardiology,77.0,Female,10001,9,9,True,0,62.8
PID-01324,2025-07-06,1984-05-07,General Medicine,41.0,Male,10452,2,2,False,0,72.2
PID-01325,2025-03-09,1950-06-06,Emergency,75.0,Unknown,10001,5,5,True,1,87.0
PID-01326,2025-02-16,1979-05-10,General Medicine,46.0,Male,10453,4,4,False,0,62.1
PID-01327,2025-06-01,1994-07-24,Emergency,31.0,Male,10453,3,3,True,1,92.3
PID-01328,2025-06-17,1956-06-02,Cardiology,69.0,Female,10002,5,2,True,0,65.7
PID-01329,2025-08-01,1947-01-23,Cardiology,,Female,10451,6,6,True,0,47.9
PID-01330,2025-03-31,1930-07-28,Emergency,95.0,Female,10002,1,1,True,0,45.6
PID-01331,2025-04-13,1991-06-06,General Medicine,34.0,Female,10452,2,2,True,0,42.7
PID-01332,2025-03-09,1957-02-20,Emergency,68.0,Female,10002,1,1,True,0,60.8
PID-01333,2025-10-04,1977-08-19,General Medicine,48.0,Male,10452,3,3,False,0,83.0
PID-01334,2025-07-07,1955-08-31,Emergency,70.0,Unknown,10001,8,8,True,0,53.9
PID-01335,2025-09-29,1997-03-11,Emergency,29.0,Unknown,10001,8,8,True,0,36.0
PID-01336,2025-09-14,1992-12-02,General Medicine,33.0,Female,10002,4,4,True,0,52.6
PID-01337,2025-05-20,1983-03-27,Emergency,42.0,Male,10001,6,6,True,0,45.8
PID-01338,2025-03-26,1968-08-05,Cardiology,57.0,Female,10452,9,7,True,0,51.0
PID-01339,2025-05-12,1981-02-15,General Medicine,44.0,Male,10001,7,7,False,0,68.5
PID-01340,2025-09-04,1958-03-29,Emergency,67.0,Male,10453,2,2,False,0,77.6
PID-01341,2025-06-01,1951-08-15,Geriatrics,74.0,Male,10452,2,2,False,0,89.2
PID-01342,2025-06-23,1959-04-23,Cardiology,66.0,Male,10002,3,3,True,0,65.3
PID-01343,2025-02-28,1940-02-10,Cardiology,85.0,Female,10451,8,5,False,0,81.9
PID-01344,2025-08-28,1962-03-14,General Medicine,63.0,Female,10451,10,10,False,0,50.6
PID-01345,2025-02-08,1991-03-02,Emergency,34.0,Female,10452,9,7,False,0,67.7
PID-01346,2025-03-14,1945-03-29,Geriatrics,80.0,Male,10451,3,3,False,0,87.8
PID-01347,2025-04-26,1980-08-03,General Medicine,45.0,Male,10001,9,9,True,0,41.2
PID-01348,2025-12-13,1953-07-24,General Medicine,72.0,Male,10002,10,10,True,0,57.9
PID-01349,2025-12-12,1942-05-20,General Medicine,84.0,Unknown,10451,8,8,False,1,100.0
PID-01350,2025-07-23,1961-04-13,General Medicine,64.0,Male,10453,5,5,False,0,72.0
PID-01351,2025-10-13,1996-07-19,Emergency,29.0,Female,10453,10,8,True,0,46.3
PID-01352,2025-07-07,1986-11-03,General Medicine,39.0,Female,10001,3,3,True,0,53.7
PID-01353,2025-02-16,1946-04-09,Cardiology,79.0,Male,10452,7,7,False,0,83.4
PID-01354,2025-07-22,1973-05-17,Cardiology,52.0,Female,10453,9,9,True,1,66.7
PID-01355,2025-01-08,1967-08-16,General Medicine,57.0,Female,10001,6,3,True,0,42.9
PID-01356,2025-05-16,1956-06-13,Cardiology,69.0,Female,10452,3,3,False,0,81.5
PID-01357,2025-10-02,1957-12-20,Cardiology,68.0,Female,10451,5,5,False,1,100.0
PID-01358,2025-03-05,1964-03-01,General Medicine,61.0,Male,10452,7,7,True,0,59.0
PID-01359,2025-08-21,1974-01-22,Cardiology,52.0,Male,10452,8,8,True,0,44.9
PID-01360,2025-07-08,1975-01-29,Cardiology,50.0,Female,10453,4,4,False,0,62.8
PID-01361,2025-12-11,1955-02-19,Cardiology,71.0,Female,10002,2,2,True,0,56.6
PID-01362,2025-12-11,1961-04-13,General Medicine,65.0,Male,10452,10,10,False,0,83.8
PID-01363,2025-05-15,1974-07-15,Emergency,51.0,Female,10002,2,2,True,1,74.9
PID-01364,2025-10-27,1950-06-06,Geriatrics,,Female,10451,3,3,False,0,81.6
PID-01365,2025-07-15,1972-06-03,Emergency,53.0,Female,10453,8,5,False,1,87.6
PID-01366,2025-11-23,1985-12-07,General Medicine,40.0,Male,10452,1,1,True,0,50.2
PID-01367,2025-07-10,1983-12-31,Emergency,42.0,Female,10002,7,7,True,0,36.3
PID-01368,2025-02-25,1987-06-01,General Medicine,38.0,Female,10452,6,3,True,0,37.5
PID-01369,2025-12-12,1975-01-21,Emergency,51.0,Male,10001,2,2,True,0,50.7
PID-01370,2025-04-30,1947-01-02,Geriatrics,78.0,Male,10002,9,9,True,0,62.1
PID-01371,2025-08-30,1984-12-27,Emergency,41.0,Unknown,10452,5,5,False,0,66.2
PID-01372,2025-01-13,1965-12-23,Cardiology,59.0,Male,10451,2,2,True,0,52.9
PID-01373,2025-11-14,1982-01-09,Emergency,44.0,Female,10451,3,3,False,0,58.4
PID-01374,2025-10-15,1975-04-10,Emergency,51.0,Female,10452,7,7,True,1,71.9
PID-01375,2025-06-17,1997-11-23,General Medicine,28.0,Male,10002,7,7,True,0,44.2
PID-01376,2025-11-09,1973-07-15,Cardiology,52.0,Female,10001,10,8,False,0,69.2
PID-01377,2025-04-24,1972-11-02,Cardiology,52.0,Male,10451,1,1,True,0,47.3
PID-01378,2025-11-28,1960-09-26,General Medicine,65.0,Female,10453,10,10,False,0,90.4
PID-01379,2025-02-02,1964-08-14,Emergency,60.0,Male,10453,4,4,False,1,86.4
PID-01380,2025-11-22,1991-07-21,General Medicine,34.0,Female,10451,6,4,False,0,70.0
PID-01381,2025-08-26,1950-12-06,Geriatrics,,Male,10001,8,8,True,0,85.1
PID-01382,2025-12-25,1966-12-16,Cardiology,59.0,Male,10452,3,3,True,0,55.5
PID-01383,2025-06-04,1966-10-18,General Medicine,59.0,Non-Binary,10452,3,3,False,0,69.6
PID-01384,2025-11-29,1971-01-22,Cardiology,55.0,Male,10002,8,8,True,0,57.3
PID-01385,2025-07-29,1979-11-07,General Medicine,46.0,Female,10451,8,5,True,0,55.7
PID-01386,2025-03-01,1965-12-17,Cardiology,59.0,Male,10453,8,8,False,0,60.1
PID-01387,2025-03-13,1961-07-25,Emergency,64.0,Female,10451,1,1,False,0,56.1
PID-01388,2025-01-24,2000-08-06,General Medicine,24.0,Male,10002,8,8,True,0,50.9
PID-01389,2025-01-20,1978-09-07,General Medicine,46.0,Non-Binary,10452,8,8,False,0,65.7
PID-01390,2025-06-05,1974-06-13,General Medicine,51.0,Male,10001,2,2,True,0,70.5
PID-01391,2025-09-10,1965-04-23,Cardiology,60.0,Male,10001,9,9,True,0,60.1
PID-01392,2025-03-01,1948-07-29,Geriatrics,,Male,10453,7,7,False,0,90.1
PID-01393,2025-02-19,1983-07-20,General Medicine,42.0,Male,10002,8,8,True,0,28.7
PID-01394,2025-05-01,1978-04-30,General Medicine,47.0,Female,10002,2,2,True,0,44.7
PID-01395,2025-10-03,1979-05-07,General Medicine,46.0,Male,10451,4,4,False,0,69.9
PID-01396,2025-03-11,1984-06-21,Emergency,41.0,Female,10453,7,7,True,0,43.4
PID-01397,2025-07-18,1976-01-21,Emergency,49.0,Male,10452,6,6,True,0,44.4
PID-01398,2025-08-21,1956-05-19,General Medicine,69.0,Male,10001,7,7,True,0,57.7
PID-01399,2025-07-09,1988-11-12,Emergency,37.0,Female,10452,1,1,False,0,71.1
PID-01400,2025-12-10,1963-04-06,General Medicine,63.0,Female,10451,8,6,True,0,74.4
PID-01401,2025-12-23,2000-10-15,Cardiology,25.0,Male,10451,7,7,False,0,64.0
PID-01402,2025-10-04,1980-12-04,Cardiology,45.0,Male,10452,4,4,True,0,57.6
PID-01403,2025-08-03,1975-08-22,Cardiology,50.0,Male,10001,1,1,True,0,63.2
PID-01404,2025-10-28,1939-07-16,Geriatrics,86.0,Female,10453,8,8,False,0,71.0
PID-01405,2025-03-21,1973-10-23,Cardiology,51.0,Female,10452,10,7,True,0,68.1
PID-01406,2025-08-01,2007-08-05,Emergency,18.0,Male,10002,7,7,False,0,72.1
PID-01407,2025-12-02,2005-10-19,Emergency,20.0,Female,10452,8,5,True,0,27.5
PID-01408,2025-02-20,1969-05-13,General Medicine,56.0,Female,10002,10,7,True,0,61.0
PID-01409,2025-09-08,1959-02-26,General Medicine,67.0,Female,10452,1,1,False,1,90.4
PID-01410,2025-11-12,1963-05-25,General Medicine,62.0,Female,10001,5,3,True,0,63.1
PID-01411,2025-07-28,1966-07-16,Emergency,59.0,Male,10002,9,9,True,0,58.8
PID-01412,2025-05-24,1949-05-21,Emergency,76.0,Male,10452,5,5,True,0,50.6
PID-01413,2025-01-17,1979-05-10,General Medicine,46.0,Male,10453,10,10,False,1,91.5
PID-01414,2025-12-20,1954-02-10,Cardiology,72.0,Male,10002,3,3,True,1,91.2
PID-01415,2025-07-09,1999-12-17,General Medicine,26.0,Female,10451,9,7,False,1,90.0
PID-01416,2025-04-22,1986-02-14,Emergency,39.0,Female,10451,9,9,True,1,90.7
PID-01417,2025-08-16,2002-07-04,Cardiology,23.0,Male,10451,4,4,False,0,78.2
PID-01418,2025-08-16,1974-05-03,Cardiology,51.0,Male,10002,4,4,True,0,36.5
PID-01419,2025-05-01,1970-06-01,Cardiology,55.0,Male,10452,8,8,False,0,68.4
PID-01420,2025-07-05,1967-03-31,Emergency,58.0,Female,10002,7,7,True,0,54.7
PID-01421,2025-02-20,1967-08-29,Emergency,57.0,Male,10453,5,5,True,0,43.0
PID-01422,2025-12-18,1986-10-10,General Medicine,39.0,Female,10451,6,6,False,0,79.8
PID-01423,2025-07-08,1973-09-29,Cardiology,52.0,Male,10453,3,3,True,0,55.5
PID-01424,2025-10-06,1996-06-18,General Medicine,29.0,Male,10002,6,6,True,0,56.5
PID-01425,2025-11-27,1946-02-20,General Medicine,80.0,Unknown,10453,8,8,False,0,77.2
PID-01426,2025-07-03,1975-03-28,Cardiology,50.0,Non-Binary,10001,10,10,True,0,40.8
PID-01427,2025-02-01,1978-02-04,General Medicine,47.0,Male,10452,9,9,True,1,86.0
PID-01428,2025-07-23,1941-08-07,Cardiology,84.0,Female,10002,3,3,True,0,75.8
PID-01429,2025-05-22,1992-03-24,General Medicine,33.0,Female,10451,8,6,False,0,79.3
PID-01430,2025-04-08,1990-05-19,General Medicine,35.0,Female,10001,3,3,True,0,58.0
PID-01431,2025-03-04,1988-10-29,General Medicine,36.0,Male,10001,2,2,True,1,75.6
PID-01432,2025-08-21,1971-05-11,General Medicine,54.0,Female,10452,5,2,False,0,63.6
PID-01433,2025-02-16,1962-05-26,Cardiology,63.0,Female,10451,4,4,True,0,56.7
PID-01434,2025-12-06,1957-04-30,Cardiology,69.0,Female,10452,5,5,False,0,74.4
PID-01435,2025-04-19,1930-01-19,Cardiology,95.0,Male,10002,6,6,True,0,69.0
PID-01436,2025-11-25,2008-03-06,Emergency,18.0,Male,10002,3,3,True,0,52.4
PID-01437,2025-11-24,1959-10-06,General Medicine,66.0,Male,10453,1,1,True,0,46.7
PID-01438,2025-11-02,1980-12-01,General Medicine,45.0,Female,10452,4,4,False,0,70.5
PID-01439,2025-01-11,1980-02-27,General Medicine,45.0,Male,10002,6,6,True,0,38.8
PID-01440,2025-01-26,1980-10-21,Emergency,44.0,Female,10452,2,2,False,0,57.5
PID-01441,2025-06-20,1986-06-14,General Medicine,39.0,Non-Binary,10453,2,2,False,1,75.1
PID-01442,2025-05-05,1939-03-15,Geriatrics,,Male,10453,1,1,True,0,47.9
PID-01443,2025-03-06,1954-09-03,Geriatrics,71.0,Female,10001,9,9,True,0,49.3
PID-01444,2025-10-17,1969-05-24,Emergency,56.0,Male,10453,3,3,False,0,81.4
PID-01445,2025-04-16,1945-01-27,Geriatrics,,Female,10002,2,2,True,0,65.2
PID-01446,2025-02-05,1997-01-22,Cardiology,28.0,Male,10452,4,4,False,0,88.0
PID-01447,2025-10-11,1994-01-05,General Medicine,32.0,Female,10002,6,3,True,0,48.2
PID-01448,2025-04-17,2007-10-06,General Medicine,18.0,Female,10452,1,1,False,1,83.3
PID-01449,2025-10-28,1982-06-14,Emergency,43.0,Female,10452,9,9,True,0,49.9
PID-01450,2025-04-21,1967-04-16,Emergency,58.0,Female,10451,9,9,False,1,91.2
PID-01451,2025-04-30,1967-12-15,General Medicine,57.0,Female,10451,8,6,False,0,73.8
PID-01452,2025-06-18,1967-08-16,Emergency,58.0,Female,10452,6,4,False,1,82.2
PID-01453,2025-03-17,1995-04-03,Emergency,30.0,Female,10451,4,4,True,0,50.4
PID-01454,2025-11-02,1956-03-30,Cardiology,70.0,Female,10001,2,2,True,0,72.1
PID-01455,2025-01-02,1964-07-29,General Medicine,60.0,Male,10001,8,8,True,0,62.3
PID-01456,2025-05-22,1956-02-17,Cardiology,69.0,Female,10452,7,4,True,0,70.7
PID-01457,2025-03-16,2004-02-27,Emergency,21.0,Female,10453,4,4,False,0,75.0
PID-01458,2025-03-08,1964-05-30,Emergency,61.0,Female,10452,3,3,True,0,58.5
PID-01459,2025-10-04,1991-07-09,Emergency,34.0,Male,10002,6,6,True,0,49.7
PID-01460,2025-05-09,1976-11-21,Emergency,48.0,Female,10451,1,1,True,0,53.8
PID-01461,2025-03-31,1960-01-17,General Medicine,65.0,Male,10002,2,2,True,0,48.8
PID-01462,2025-02-26,1967-11-17,General Medicine,57.0,Female,10453,7,5,False,1,90.1
PID-01463,2025-12-05,1986-03-17,Emergency,40.0,Male,10002,3,3,True,0,52.3
PID-01464,2025-01-14,1968-09-03,Cardiology,56.0,Female,10451,1,1,False,0,85.3
PID-01465,2025-03-09,1997-04-14,General Medicine,28.0,Unknown,10452,2,2,True,0,52.5
PID-01466,2025-01-08,1949-01-23,Geriatrics,76.0,Male,10453,10,10,False,1,100.0
PID-01467,2025-07-03,1973-06-04,Emergency,52.0,Unknown,10001,10,10,True,0,57.0
PID-01468,2025-05-02,1948-12-05,Cardiology,,Male,10002,9,9,False,0,82.9
PID-01469,2025-10-29,1979-11-15,General Medicine,46.0,Female,10451,7,5,False,0,68.0
PID-01470,2025-06-15,1979-10-18,General Medicine,46.0,Female,10452,7,4,False,0,77.0
PID-01471,2025-01-09,1983-05-21,Emergency,42.0,Female,10001,10,8,True,0,43.4
PID-01472,2025-03-31,1954-01-04,Geriatrics,71.0,Female,10452,8,5,True,0,70.6
PID-01473,2025-05-16,1981-12-11,General Medicine,43.0,Female,10451,8,8,False,0,81.3
PID-01474,2025-01-27,1958-06-23,Geriatrics,67.0,Male,10453,9,9,False,0,79.6
PID-01475,2025-03-06,1976-08-11,Emergency,49.0,Male,10002,2,2,True,0,44.0
PID-01476,2025-08-04,2005-11-26,Emergency,20.0,Female,10001,8,6,False,0,89.2
PID-01477,2025-09-27,1980-12-25,Emergency,45.0,Female,10452,8,6,False,1,88.7
PID-01478,2025-02-28,1991-08-12,General Medicine,34.0,Female,10452,5,3,False,0,67.3
PID-01479,2025-02-02,1969-04-20,Emergency,56.0,Female,10452,5,3,False,0,51.9
PID-01480,2025-09-01,1992-01-06,General Medicine,34.0,Male,10452,4,4,False,0,82.4
PID-01481,2025-08-18,1953-06-11,Geriatrics,72.0,Female,10001,5,5,True,0,47.1
PID-01482,2025-07-05,1971-09-26,General Medicine,54.0,Male,10002,2,2,True,0,54.4
PID-01483,2025-09-20,1974-01-28,Cardiology,52.0,Female,10002,2,2,True,0,52.7
PID-01484,2025-10-31,1959-04-14,Cardiology,67.0,Male,10453,5,5,True,0,59.3
PID-01485,2025-02-25,1951-11-06,Emergency,73.0,Male,10451,3,3,True,1,80.1
PID-01486,2025-08-20,1970-03-26,General Medicine,55.0,Male,10001,1,1,True,0,54.0
PID-01487,2025-09-15,1983-08-29,Emergency,42.0,Male,10002,9,9,True,0,65.7
PID-01488,2025-04-24,2000-11-19,Emergency,24.0,Female,10453,2,2,True,0,47.7
PID-01489,2025-11-11,1982-09-03,General Medicine,43.0,Male,10453,10,10,False,0,55.1
PID-01490,2025-01-23,1980-10-26,Emergency,44.0,Male,10453,2,2,False,1,78.7
PID-01491,2025-12-04,1968-07-18,General Medicine,57.0,Male,10002,4,4,True,0,48.3
PID-01492,2025-09-24,1976-03-29,General Medicine,49.0,Male,10452,2,2,False,0,65.9
PID-01493,2025-06-04,1957-02-02,General Medicine,68.0,Male,10002,7,7,True,0,58.5
PID-01494,2025-08-23,1981-10-11,General Medicine,44.0,Male,10001,10,10,True,0,52.6
PID-01495,2025-11-26,1972-04-30,Cardiology,54.0,Female,10001,1,1,True,0,45.6
PID-01496,2025-01-16,1948-01-10,Geriatrics,,Female,10002,2,2,True,0,84.8
PID-01497,2025-02-01,1963-04-10,Emergency,62.0,Female,10452,5,2,False,0,73.4
PID-01498,2025-09-03,1971-04-27,Emergency,54.0,Male,10453,2,2,False,0,78.1
PID-01499,2025-07-25,1980-12-16,General Medicine,45.0,Male,10001,9,9,True,0,48.6
PID-01500,2025-08-07,1982-01-28,Emergency,44.0,Female,10453,4,4,True,0,48.7
PID-01501,2025-12-18,1986-03-02,General Medicine,40.0,Female,10002,9,9,True,0,44.7
PID-01502,2025-02-25,1978-09-24,Emergency,46.0,Male,10451,1,1,True,0,50.7
PID-01503,2025-09-09,1956-06-30,Cardiology,69.0,Male,10002,1,1,True,0,46.3
PID-01504,2025-12-31,1974-05-20,General Medicine,52.0,Male,10451,1,1,False,1,80.5
PID-01505,2025-08-16,1994-06-19,Emergency,31.0,Male,10002,4,4,True,0,44.4
PID-01506,2025-02-07,1937-09-14,General Medicine,87.0,Male,10452,9,9,False,0,71.5
PID-01507,2025-02-11,1964-07-10,Emergency,61.0,Female,10452,8,8,False,0,64.4
PID-01508,2025-06-14,1995-06-11,General Medicine,30.0,Female,10453,7,4,False,0,67.0
PID-01509,2025-11-08,1977-07-26,General Medicine,48.0,Female,10002,1,1,True,0,47.4
PID-01510,2025-03-17,1968-02-14,General Medicine,57.0,Female,10452,3,3,False,0,77.3
PID-01511,2025-02-03,1939-01-27,Cardiology,86.0,Female,10452,9,9,True,0,67.0
PID-01512,2025-03-06,1989-08-04,General Medicine,36.0,Female,10453,9,9,False,0,69.7
PID-01513,2025-05-21,1952-01-07,Cardiology,73.0,Female,10451,5,5,False,1,100.0
PID-01514,2025-11-16,1944-12-30,Geriatrics,81.0,Male,10453,6,6,True,0,55.8
PID-01515,2025-11-21,1981-08-23,Cardiology,44.0,Male,10452,6,6,True,0,57.5
PID-01516,2025-10-27,1975-04-06,Emergency,51.0,Male,10452,10,10,True,0,54.6
PID-01517,2025-10-08,1989-03-01,General Medicine,37.0,Female,10001,4,4,True,0,48.0
PID-01518,2025-12-31,1974-01-25,General Medicine,52.0,Female,10451,1,1,True,0,48.8
PID-01519,2025-06-16,1970-11-05,Cardiology,55.0,Male,10451,5,5,False,0,66.0
PID-01520,2025-07-15,1958-09-24,Emergency,67.0,Female,10001,1,1,True,0,66.8
PID-01521,2025-11-02,1950-08-10,Cardiology,75.0,Male,10002,1,1,True,0,71.2
PID-01522,2025-09-29,1984-02-08,General Medicine,42.0,Female,10453,5,5,False,0,70.3
PID-01523,2025-05-31,2005-10-07,General Medicine,20.0,Male,10451,5,5,False,0,53.2
PID-01524,2025-08-21,1970-10-23,General Medicine,55.0,Male,10001,7,7,True,0,54.9
PID-01525,2025-09-16,1964-06-16,Cardiology,61.0,Female,10451,2,2,True,0,48.4
PID-01526,2025-11-06,1965-10-20,Cardiology,60.0,Male,10001,6,6,False,0,60.5
PID-01527,2025-08-09,1975-11-01,General Medicine,50.0,Male,10451,2,2,False,0,70.7
PID-01528,2025-02-20,1967-05-14,Emergency,58.0,Male,10451,10,10,False,0,66.9
PID-01529,2025-12-26,1942-09-29,Emergency,83.0,Female,10002,5,5,True,0,50.1
PID-01530,2025-02-28,1962-09-26,Emergency,62.0,Female,10452,4,4,False,0,68.0
PID-01531,2025-12-02,1977-01-24,Emergency,49.0,Male,10001,10,10,True,0,62.7
PID-01532,2025-11-30,1979-08-12,Emergency,46.0,Female,10453,5,2,False,1,96.3
PID-01533,2025-10-10,1973-05-23,General Medicine,52.0,Female,10453,2,2,True,0,50.2
PID-01534,2025-04-21,1940-07-19,Emergency,85.0,Male,10001,8,8,True,0,64.0
PID-01535,2025-08-09,1973-04-26,Cardiology,52.0,Male,10453,8,8,False,0,72.1
PID-01536,2025-08-20,1970-05-08,Emergency,55.0,Male,10451,6,6,False,0,67.5
PID-01537,2025-04-27,1978-03-27,Emergency,47.0,Male,10451,3,3,False,0,71.8
PID-01538,2025-07-31,1950-12-05,Emergency,75.0,Female,10002,4,4,True,0,60.8
PID-01539,2025-06-23,1934-01-29,Cardiology,91.0,Male,10451,1,1,True,0,40.7
PID-01540,2025-08-21,1961-04-28,Geriatrics,64.0,Female,10453,9,6,False,0,74.8
PID-01541,2025-07-24,1968-07-21,Emergency,57.0,Female,10002,10,8,True,0,50.4
PID-01542,2025-08-01,1969-02-17,Emergency,56.0,Male,10001,5,5,True,0,54.9
PID-01543,2025-02-18,2006-12-27,Emergency,18.0,Female,10002,8,6,True,0,49.8
PID-01544,2025-06-10,1955-12-14,Cardiology,69.0,Male,10451,3,3,True,0,56.8
PID-01545,2025-08-07,1967-03-01,General Medicine,58.0,Non-Binary,10453,4,4,True,0,41.4
PID-01546,2025-06-10,1962-05-04,General Medicine,63.0,Female,10451,4,4,False,0,71.5
PID-01547,2025-12-07,1983-04-14,Emergency,43.0,Female,10002,8,8,True,0,51.4
PID-01548,2025-05-11,1976-08-14,Emergency,49.0,Female,10451,9,6,False,0,82.1
PID-01549,2025-07-11,1977-10-07,Emergency,48.0,Male,10002,3,3,True,1,70.7
PID-01550,2025-03-20,1950-12-10,Geriatrics,74.0,Female,10001,7,4,True,0,69.7
PID-01551,2025-12-18,1976-11-23,General Medicine,49.0,Female,10451,9,9,False,0,77.2
PID-01552,2025-08-31,1932-06-14,General Medicine,93.0,Female,10001,2,2,True,0,53.1
PID-01553,2025-02-04,1962-02-13,Geriatrics,63.0,Female,10453,4,4,False,0,57.6
PID-01554,2025-02-16,1991-09-14,General Medicine,33.0,Female,10451,3,3,False,0,79.1
PID-01555,2025-02-13,1972-05-24,Emergency,53.0,Male,10453,8,8,False,0,74.1
PID-01556,2025-02-17,1980-11-16,Emergency,44.0,Male,10453,4,4,True,1,82.4
PID-01557,2025-08-10,2007-04-06,Emergency,18.0,Female,10453,9,6,False,0,71.3
PID-01558,2025-02-19,1941-01-04,Emergency,84.0,Male,10001,1,1,True,0,50.8
PID-01559,2025-07-10,1957-07-10,Cardiology,68.0,Female,10453,1,1,False,0,81.6
PID-01560,2025-03-08,1960-03-27,Cardiology,65.0,Female,10452,4,4,True,0,55.9
PID-01561,2025-10-12,1967-07-04,Emergency,58.0,Male,10452,3,3,True,0,30.0
PID-01562,2025-01-31,1994-02-15,Emergency,31.0,Male,10001,3,3,True,0,54.3
PID-01563,2025-10-28,1978-10-19,General Medicine,47.0,Female,10001,10,10,True,0,57.5
PID-01564,2025-10-15,1954-09-15,General Medicine,71.0,Male,10453,2,2,False,0,88.4
PID-01565,2025-10-15,1988-05-24,General Medicine,37.0,Female,10002,10,7,True,0,54.1
PID-01566,2025-06-18,2007-05-10,General Medicine,18.0,Male,10001,10,10,True,0,46.2
PID-01567,2025-12-10,1974-12-26,Geriatrics,51.0,Female,10002,2,2,True,1,74.4
PID-01568,2025-03-04,1971-10-25,Cardiology,53.0,Male,10453,8,8,False,0,56.7
PID-01569,2025-07-30,1967-09-26,Cardiology,58.0,Female,10451,1,1,True,1,84.5
PID-01570,2025-07-01,1956-03-15,Emergency,69.0,Male,10453,8,8,False,0,87.1
PID-01571,2025-12-07,1958-08-31,General Medicine,67.0,Female,10002,10,10,True,0,57.0
PID-01572,2025-08-05,1965-10-15,Geriatrics,60.0,Male,10002,3,3,True,1,80.4
PID-01573,2025-01-27,1948-01-16,Cardiology,77.0,Female,10451,2,2,False,1,100.0
PID-01574,2025-05-28,1997-02-16,General Medicine,28.0,Female,10452,9,6,True,1,65.1
PID-01575,2025-11-04,1960-12-24,Emergency,65.0,Male,10002,5,5,True,0,68.3
PID-01576,2025-06-09,1958-06-06,Cardiology,67.0,Male,10002,5,5,True,0,52.4
PID-01577,2025-06-30,1992-05-10,Emergency,33.0,Male,10002,6,6,True,0,30.9
PID-01578,2025-02-23,1997-01-05,General Medicine,28.0,Female,10002,4,4,True,0,53.6
PID-01579,2025-10-23,1983-10-01,Emergency,42.0,Female,10452,7,7,True,0,53.0
PID-01580,2025-09-17,1982-03-16,General Medicine,44.0,Female,10002,7,5,True,0,46.4
PID-01581,2025-04-19,1956-09-29,General Medicine,69.0,Male,10001,9,9,True,0,61.9
PID-01582,2025-03-21,1981-04-25,Emergency,44.0,Male,10001,6,6,True,0,42.9
PID-01583,2025-12-03,1985-07-31,Emergency,40.0,Female,10002,1,1,True,0,34.6
PID-01584,2025-09-04,1982-02-23,Emergency,44.0,Female,10453,9,7,True,0,58.8
PID-01585,2025-04-25,1949-01-30,Geriatrics,76.0,Unknown,10002,10,10,True,0,62.7
PID-01586,2025-02-25,1969-06-16,Cardiology,56.0,Male,10001,9,9,False,0,66.7
PID-01587,2025-06-29,1973-07-25,Cardiology,52.0,Female,10451,5,5,False,0,85.7
PID-01588,2025-10-12,1972-04-07,Cardiology,54.0,Male,10452,7,7,False,0,67.3
PID-01589,2025-07-08,1946-08-05,Geriatrics,79.0,Male,10451,1,1,True,1,90.3
PID-01590,2025-02-28,1983-05-07,Cardiology,42.0,Female,10002,4,4,True,1,66.2
PID-01591,2025-05-23,1946-08-03,Geriatrics,,Female,10452,10,7,False,0,60.1
PID-01592,2025-10-21,1966-11-10,General Medicine,59.0,Unknown,10452,4,4,False,0,75.5
PID-01593,2025-04-26,1972-10-12,Cardiology,53.0,Male,10001,5,5,True,0,55.3
PID-01594,2025-08-08,1930-02-17,Cardiology,95.0,Male,10001,6,6,True,0,77.2
PID-01595,2025-10-15,1989-11-23,General Medicine,36.0,Female,10451,4,4,True,0,39.9
PID-01596,2025-11-15,1976-08-04,Emergency,49.0,Female,10452,6,6,True,0,34.9
PID-01597,2025-11-11,1992-08-22,General Medicine,33.0,Male,10453,10,10,False,0,64.5
PID-01598,2025-12-12,1952-08-30,Geriatrics,73.0,Male,10451,7,7,False,0,85.0
PID-01599,2025-11-26,1939-08-07,Geriatrics,,Male,10452,3,3,False,0,60.3
PID-01600,2025-10-13,1939-06-24,Emergency,86.0,Female,10001,9,9,True,0,60.7
PID-01601,2025-01-14,1947-04-26,Cardiology,78.0,Male,10453,8,8,False,1,100.0
PID-01602,2025-11-08,1974-03-20,Cardiology,52.0,Male,10452,1,1,False,0,66.4
PID-01603,2025-12-03,1977-05-13,General Medicine,49.0,Male,10452,2,2,True,0,42.1
PID-01604,2025-12-22,2000-10-28,General Medicine,25.0,Male,10001,2,2,True,0,60.0
PID-01605,2025-05-17,1933-05-15,Cardiology,92.0,Male,10001,10,10,True,0,45.7
PID-01606,2025-01-15,1961-04-26,Emergency,64.0,Female,10452,9,7,False,1,100.0
PID-01607,2025-04-03,1978-07-23,Emergency,47.0,Male,10001,9,9,True,0,54.4
PID-01608,2025-05-20,1946-07-05,Geriatrics,79.0,Female,10001,9,9,True,1,80.7
PID-01609,2025-12-26,1987-12-20,Emergency,38.0,Male,10001,1,1,False,1,100.0
PID-01610,2025-06-08,1962-02-11,Cardiology,63.0,Female,10001,7,5,True,0,33.0
PID-01611,2025-06-23,1973-08-15,Emergency,52.0,Female,10452,3,3,False,0,79.0
PID-01612,2025-06-29,1958-08-30,General Medicine,67.0,Female,10451,9,6,True,0,50.1
PID-01613,2025-01-04,1971-02-23,Cardiology,54.0,Female,10002,8,8,True,1,70.9
PID-01614,2025-04-03,1996-04-30,Emergency,29.0,Male,10451,3,3,False,1,97.8
PID-01615,2025-03-15,1968-07-26,Emergency,57.0,Male,10453,1,1,False,0,79.4
PID-01616,2025-10-17,1951-06-28,General Medicine,74.0,Female,10453,9,7,True,0,51.4
PID-01617,2025-12-03,1970-11-10,General Medicine,55.0,Unknown,10451,10,10,False,0,75.1
PID-01618,2025-07-25,1956-04-05,General Medicine,69.0,Female,10451,1,1,False,0,76.1
PID-01619,2025-02-05,1988-04-15,General Medicine,37.0,Female,10002,3,3,False,0,62.3
PID-01620,2025-03-14,1970-08-03,Cardiology,55.0,Female,10451,6,6,False,0,55.2
PID-01621,2025-11-21,1981-12-05,General Medicine,44.0,Male,10452,6,6,False,0,66.6
PID-01622,2025-01-16,1955-11-11,Cardiology,69.0,Male,10451,10,10,False,0,68.5
PID-01623,2025-02-16,1969-05-19,General Medicine,56.0,Female,10002,4,4,True,0,39.0
PID-01624,2025-09-29,1957-07-22,General Medicine,68.0,Female,10451,2,2,True,0,55.6
PID-01625,2025-04-21,1949-10-31,Geriatrics,,Male,10453,10,10,True,0,57.9
PID-01626,2025-07-12,1957-01-14,General Medicine,68.0,Female,10453,6,4,False,0,75.1
PID-01627,2025-08-03,1965-04-10,Cardiology,60.0,Male,10452,10,10,False,0,70.6
PID-01628,2025-08-21,1988-01-01,General Medicine,38.0,Female,10002,5,3,True,0,65.2
PID-01629,2025-06-24,1970-02-21,Emergency,55.0,Male,10002,6,6,True,1,69.0
PID-01630,2025-03-22,1978-10-26,Emergency,46.0,Male,10453,7,7,True,0,42.0
PID-01631,2025-07-09,1976-08-05,Emergency,49.0,Female,10001,9,7,True,0,41.6
PID-01632,2025-06-09,1976-11-17,General Medicine,49.0,Male,10452,7,7,False,0,44.9
PID-01633,2025-06-16,1987-02-22,General Medicine,38.0,Female,10451,4,4,False,0,64.3
PID-01634,2025-10-18,2005-10-03,Emergency,20.0,Female,10451,10,10,False,0,86.0
PID-01635,2025-11-02,1983-03-23,Cardiology,43.0,Female,10451,5,5,True,0,50.6
PID-01636,2025-02-13,1966-07-16,Cardiology,59.0,Male,10453,6,6,False,0,66.4
PID-01637,2025-01-27,1994-02-06,General Medicine,31.0,Male,10001,9,9,True,0,54.7
PID-01638,2025-03-21,1969-03-23,Geriatrics,56.0,Male,10452,5,5,False,0,66.1
PID-01639,2025-03-22,1935-02-09,General Medicine,90.0,Unknown,10453,5,5,True,0,71.1
PID-01640,2025-11-13,1951-10-12,General Medicine,74.0,Female,10453,7,7,True,0,58.9
PID-01641,2025-01-26,1940-05-25,Geriatrics,85.0,Female,10451,2,2,False,1,100.0
PID-01642,2025-12-12,1963-02-15,General Medicine,63.0,Female,10451,3,3,True,0,52.4
PID-01643,2025-02-11,1947-09-11,General Medicine,,Female,10453,2,2,True,0,64.8
PID-01644,2025-05-20,1983-01-13,General Medicine,42.0,Female,10451,10,10,True,0,48.6
PID-01645,2025-08-15,1982-02-06,General Medicine,44.0,Male,10451,10,10,False,0,78.7
PID-01646,2025-12-05,2007-07-15,Emergency,18.0,Female,10002,2,2,True,0,65.3
PID-01647,2025-08-06,1948-03-16,Geriatrics,,Male,10001,3,3,True,0,64.8
PID-01648,2025-09-06,1942-08-23,Emergency,83.0,Female,10451,6,6,False,0,78.4
PID-01649,2025-11-07,1980-04-09,Emergency,46.0,Female,10452,5,3,False,1,100.0
PID-01650,2025-08-15,1974-09-09,Cardiology,51.0,Female,10452,5,5,False,0,65.8
PID-01651,2025-08-01,1983-05-06,Emergency,42.0,Male,10001,2,2,True,0,62.8
PID-01652,2025-05-20,1963-10-27,General Medicine,62.0,Male,10453,2,2,False,0,65.4
PID-01653,2025-04-21,1949-05-08,Geriatrics,76.0,Male,10451,1,1,True,0,59.3
PID-01654,2025-09-20,2001-06-16,Emergency,24.0,Male,10451,3,3,False,0,77.8
PID-01655,2025-02-28,1961-11-12,General Medicine,63.0,Male,10453,7,7,False,0,51.6
PID-01656,2025-06-26,1974-10-09,General Medicine,51.0,Female,10002,5,5,False,1,97.8
PID-01657,2025-08-09,1967-08-23,General Medicine,58.0,Female,10452,7,7,False,0,71.4
PID-01658,2025-02-26,1960-12-11,Cardiology,64.0,Male,10451,9,9,False,0,65.8
PID-01659,2025-05-26,1972-11-30,General Medicine,52.0,Male,10452,6,6,False,0,67.1
PID-01660,2025-12-14,1972-02-20,Emergency,54.0,Male,10451,2,2,False,0,62.4
PID-01661,2025-12-14,1974-03-26,General Medicine,52.0,Female,10002,1,1,True,0,41.3
PID-01662,2025-10-31,1953-04-04,Geriatrics,73.0,Female,10451,1,1,False,0,76.3
PID-01663,2025-09-07,1962-03-28,General Medicine,63.0,Female,10002,10,10,False,0,61.0
PID-01664,2025-09-27,1966-09-07,Cardiology,59.0,Female,10002,9,7,True,0,54.6
PID-01665,2025-12-08,1992-10-21,Cardiology,33.0,Unknown,10453,6,6,False,0,63.5
PID-01666,2025-06-07,1976-02-04,General Medicine,49.0,Female,10451,6,3,True,1,82.2
PID-01667,2025-01-24,1952-10-02,Cardiology,72.0,Male,10453,4,4,True,0,51.5
PID-01668,2025-04-23,1969-02-04,General Medicine,56.0,Female,10451,2,2,True,0,38.4
PID-01669,2025-07-22,1958-12-04,Cardiology,67.0,Male,10451,10,10,True,0,58.0
PID-01670,2025-11-03,1939-01-10,Geriatrics,87.0,Female,10453,3,3,False,0,69.6
PID-01671,2025-01-29,1950-12-20,General Medicine,74.0,Male,10453,3,3,True,1,83.8
PID-01672,2025-01-04,1968-02-06,General Medicine,57.0,Female,10002,8,8,True,0,42.9
PID-01673,2025-04-15,1979-03-26,General Medicine,46.0,Female,10453,6,4,True,0,38.6
PID-01674,2025-06-04,2007-09-18,Cardiology,18.0,Female,10002,7,4,True,0,38.8
PID-01675,2025-04-19,1973-08-10,Cardiology,52.0,Female,10001,9,7,True,0,60.6
PID-01676,2025-03-12,1975-03-21,Cardiology,50.0,Male,10451,1,1,False,0,76.3
PID-01677,2025-05-11,1962-09-27,Emergency,63.0,Male,10453,2,2,False,0,58.2
PID-01678,2025-05-29,1972-03-27,General Medicine,53.0,Male,10453,9,9,False,0,62.9
PID-01679,2025-06-17,1975-02-26,Geriatrics,50.0,Male,10001,5,5,False,0,83.4
PID-01680,2025-03-03,2002-08-06,General Medicine,23.0,Female,10452,4,4,False,1,94.7
PID-01681,2025-01-04,1985-09-27,Cardiology,39.0,Male,10453,1,1,False,0,66.9
PID-01682,2025-09-12,1961-08-19,Emergency,64.0,Unknown,10002,9,9,True,0,51.0
PID-01683,2025-08-09,1939-09-25,General Medicine,86.0,Female,10452,9,7,True,0,62.4
PID-01684,2025-03-31,1971-08-16,Cardiology,54.0,Female,10451,4,4,True,0,49.9
PID-01685,2025-03-08,1964-02-13,Geriatrics,61.0,Male,10002,9,9,True,0,42.8
PID-01686,2025-07-14,1952-04-29,Geriatrics,73.0,Female,10452,10,10,True,0,42.1
PID-01687,2025-09-30,1984-08-19,General Medicine,41.0,Female,10002,1,1,True,0,49.8
PID-01688,2025-12-27,1963-07-04,General Medicine,62.0,Female,10002,5,5,True,0,33.4
PID-01689,2025-04-28,1983-08-21,Emergency,42.0,Female,10001,1,1,True,0,45.6
PID-01690,2025-09-14,1955-01-04,Geriatrics,71.0,Female,10452,4,4,True,0,54.1
PID-01691,2025-10-14,1967-08-10,Cardiology,58.0,Male,10451,5,5,False,0,63.5
PID-01692,2025-12-09,1964-08-25,General Medicine,61.0,Female,10451,3,3,False,0,73.8
PID-01693,2025-07-01,1984-09-18,Cardiology,41.0,Male,10452,2,2,True,0,48.1
PID-01694,2025-02-06,1956-11-29,Emergency,68.0,Male,10001,6,6,True,0,64.3
PID-01695,2025-07-23,1932-07-01,Geriatrics,,Male,10453,3,3,True,1,68.8
PID-01696,2025-01-22,1987-08-23,Emergency,37.0,Male,10451,10,10,True,0,56.8
PID-01697,2025-08-12,1976-04-22,General Medicine,49.0,Male,10002,1,1,True,0,58.3
PID-01698,2025-01-10,1965-03-31,Geriatrics,60.0,Male,10001,5,5,True,0,49.5
PID-01699,2025-08-24,1955-05-10,Geriatrics,70.0,Non-Binary,10001,2,2,True,0,77.4
PID-01700,2025-02-09,1979-09-28,Emergency,45.0,Female,10453,2,2,False,0,76.1
PID-01701,2025-06-10,2007-03-15,Cardiology,18.0,Non-Binary,10451,4,4,False,0,69.7
PID-01702,2025-10-22,1945-12-15,Geriatrics,,Male,10452,4,4,False,0,92.9
PID-01703,2025-08-08,1956-10-03,Emergency,69.0,Male,10001,4,4,True,0,60.8
PID-01704,2025-10-21,2002-03-14,General Medicine,24.0,Female,10452,7,7,False,1,86.7
PID-01705,2025-07-27,1980-09-09,General Medicine,45.0,Male,10453,1,1,False,0,77.3
PID-01706,2025-12-30,1941-11-20,Emergency,84.0,Male,10002,8,8,True,0,73.6
PID-01707,2025-11-24,1943-12-10,Emergency,82.0,Female,10451,10,7,False,0,66.2
PID-01708,2025-08-02,1953-02-13,Emergency,72.0,Male,10453,9,9,False,0,75.8
PID-01709,2025-05-29,1973-02-04,General Medicine,52.0,Female,10452,10,8,True,0,45.4
PID-01710,2025-02-28,1968-07-13,Emergency,57.0,Female,10001,6,3,True,0,38.5
PID-01711,2025-07-27,1972-11-27,Emergency,53.0,Male,10002,4,4,True,0,47.5
PID-01712,2025-01-11,1948-08-01,General Medicine,76.0,Male,10001,6,6,True,0,53.0
PID-01713,2025-06-16,1985-05-16,General Medicine,40.0,Female,10453,10,7,True,0,53.8
PID-01714,2025-03-29,1984-02-22,Emergency,41.0,Male,10452,7,7,True,0,54.4
PID-01715,2025-11-13,1951-11-07,Geriatrics,74.0,Male,10453,6,6,False,0,81.2
PID-01716,2025-08-24,1970-08-27,Emergency,55.0,Unknown,10001,1,1,True,0,51.9
PID-01717,2025-12-20,1946-03-13,Geriatrics,80.0,Male,10451,5,5,True,0,73.5
PID-01718,2025-07-05,1982-07-22,Emergency,43.0,Female,10001,8,8,True,0,68.1
PID-01719,2025-02-15,1970-02-20,Emergency,55.0,Unknown,10002,8,8,True,0,55.5
PID-01720,2025-08-12,1986-04-11,Emergency,39.0,Male,10001,10,10,False,1,90.4
PID-01721,2025-02-24,1968-09-22,Geriatrics,56.0,Male,10002,9,9,True,0,52.5
PID-01722,2025-05-05,1996-10-20,Emergency,29.0,Male,10453,4,4,True,0,50.3
PID-01723,2025-08-12,1978-09-06,General Medicine,47.0,Male,10001,10,10,True,0,56.1
PID-01724,2025-10-29,1996-02-01,Emergency,30.0,Male,10451,6,6,False,0,62.0
PID-01725,2025-07-25,1957-07-26,General Medicine,68.0,Female,10453,7,7,False,0,86.7
PID-01726,2025-09-26,1957-05-14,Emergency,68.0,Male,10453,5,5,False,0,80.7
PID-01727,2025-02-10,2000-12-26,Cardiology,24.0,Female,10002,8,6,True,0,49.2
PID-01728,2025-07-22,1945-03-05,Geriatrics,80.0,Unknown,10453,3,3,True,0,59.6
PID-01729,2025-06-08,1930-09-23,Geriatrics,,Female,10002,8,8,True,0,72.1
PID-01730,2025-06-23,1969-05-09,Emergency,56.0,Female,10451,5,5,False,0,94.6
PID-01731,2025-04-24,1981-09-29,Cardiology,44.0,Male,10453,1,1,False,0,71.1
PID-01732,2025-06-20,1930-08-21,Geriatrics,,Female,10452,6,6,False,0,73.4
PID-01733,2025-03-28,1993-06-14,General Medicine,32.0,Female,10453,2,2,False,0,69.9
PID-01734,2025-02-09,1968-08-23,Emergency,56.0,Male,10453,7,7,False,0,72.8
PID-01735,2025-09-19,1966-09-09,General Medicine,59.0,Male,10002,9,9,True,0,51.5
PID-01736,2025-11-21,1946-03-02,General Medicine,80.0,Female,10451,3,3,True,0,61.5
PID-01737,2025-02-28,1963-07-16,Cardiology,62.0,Male,10002,10,10,False,0,68.4
PID-01738,2025-09-29,1979-01-31,General Medicine,47.0,Male,10451,4,4,False,0,82.1
PID-01739,2025-09-19,1988-02-20,Emergency,38.0,Male,10001,4,4,True,0,47.6
PID-01740,2025-04-10,1976-06-05,General Medicine,49.0,Male,10002,4,4,True,0,57.2
PID-01741,2025-06-28,1988-02-12,General Medicine,37.0,Female,10453,3,3,True,0,36.4
PID-01742,2025-06-29,1969-10-12,Geriatrics,56.0,Female,10453,5,3,True,1,69.9
PID-01743,2025-11-27,1980-12-30,General Medicine,45.0,Female,10452,9,9,False,0,72.6
PID-01744,2025-03-17,1996-09-06,Emergency,29.0,Male,10451,8,8,False,0,69.7
PID-01745,2025-05-01,1947-05-07,Geriatrics,,Male,10452,10,10,False,0,91.0
PID-01746,2025-02-22,1977-09-01,Emergency,47.0,Female,10452,2,2,False,0,72.4
PID-01747,2025-03-16,1992-07-18,Cardiology,33.0,Male,10453,9,9,True,0,61.9
PID-01748,2025-05-12,1973-06-05,Cardiology,52.0,Male,10001,10,10,True,0,54.4
PID-01749,2025-04-12,1968-02-22,Emergency,57.0,Female,10451,2,2,False,0,62.7
PID-01750,2025-03-30,2001-01-28,Emergency,24.0,Male,10453,7,7,True,0,48.3
PID-01751,2025-11-05,1965-04-23,General Medicine,61.0,Female,10453,5,2,False,0,68.8
PID-01752,2025-03-20,1988-03-31,Emergency,37.0,Male,10451,7,7,False,0,81.5
PID-01753,2025-12-02,1940-02-14,Geriatrics,86.0,Male,10001,5,5,True,0,57.8
PID-01754,2025-02-08,1959-11-06,Emergency,65.0,Male,10453,6,6,False,0,68.8
PID-01755,2025-04-01,1977-06-12,Emergency,48.0,Unknown,10451,8,8,False,0,66.4
PID-01756,2025-11-18,1984-02-03,Emergency,42.0,Female,10452,1,1,False,0,71.1
PID-01757,2025-09-10,1971-06-04,Cardiology,54.0,Female,10451,1,1,True,0,55.9
PID-01758,2025-08-26,1958-06-01,Cardiology,67.0,Female,10002,5,2,True,0,66.3
PID-01759,2025-10-16,1970-12-04,General Medicine,55.0,Male,10001,1,1,True,1,72.2
PID-01760,2025-10-24,1973-07-16,General Medicine,52.0,Female,10451,3,3,True,0,32.0
PID-01761,2025-08-18,1968-06-12,Emergency,57.0,Male,10001,10,10,False,0,72.5
PID-01762,2025-12-15,1980-07-30,Emergency,45.0,Female,10001,9,9,True,0,50.9
PID-01763,2025-10-17,1977-02-02,General Medicine,49.0,Male,10451,7,7,True,0,51.4
PID-01764,2025-11-26,2007-06-05,General Medicine,18.0,Female,10451,6,3,True,0,50.1
PID-01765,2025-11-22,1952-05-29,Cardiology,73.0,Male,10002,8,8,True,0,62.7
PID-01766,2025-11-16,1964-06-07,Geriatrics,61.0,Male,10001,8,8,True,0,31.9
PID-01767,2025-06-15,1983-12-04,Emergency,42.0,Female,10453,6,3,False,0,71.3
PID-01768,2025-11-18,1935-11-07,Cardiology,90.0,Male,10001,4,4,True,1,76.1
PID-01769,2025-06-11,1968-02-14,General Medicine,57.0,Male,10002,4,4,True,1,85.7
PID-01770,2025-03-19,1987-10-12,General Medicine,37.0,Male,10002,4,4,True,0,51.1
PID-01771,2025-08-14,1954-05-18,Emergency,71.0,Male,10453,6,6,True,0,53.5
PID-01772,2025-02-04,1962-07-13,General Medicine,63.0,Female,10451,1,1,False,0,59.4
PID-01773,2025-08-29,1962-10-19,Cardiology,63.0,Female,10001,2,2,True,0,42.3
PID-01774,2025-08-15,1977-11-16,Cardiology,48.0,Female,10001,6,4,True,0,44.2
PID-01775,2025-11-20,1962-04-19,General Medicine,64.0,Female,10452,1,1,True,0,50.4
PID-01776,2025-06-05,1974-07-11,General Medicine,51.0,Male,10452,9,9,False,0,59.3
PID-01777,2025-05-21,1959-08-08,General Medicine,66.0,Female,10451,6,4,False,0,82.2
PID-01778,2025-10-30,2004-05-07,Emergency,21.0,Male,10001,7,7,True,0,59.0
PID-01779,2025-01-29,1976-09-15,General Medicine,48.0,Male,10002,1,1,True,0,59.9
PID-01780,2025-06-30,1939-08-12,Cardiology,86.0,Female,10451,8,5,False,1,100.0
PID-01781,2025-09-17,1984-02-18,General Medicine,42.0,Male,10452,5,5,True,0,49.7
PID-01782,2025-02-07,1979-12-12,Emergency,45.0,Female,10001,5,2,True,0,44.0
PID-01783,2025-06-08,1978-01-05,Emergency,47.0,Male,10451,6,6,False,0,59.1
PID-01784,2025-08-25,1992-02-18,Emergency,34.0,Female,10002,7,4,True,0,45.2
PID-01785,2025-08-20,2008-01-14,General Medicine,18.0,Female,10452,7,4,True,0,33.8
PID-01786,2025-01-20,1974-01-03,Cardiology,51.0,Female,10452,5,3,True,0,32.2
PID-01787,2025-01-30,1966-08-26,Geriatrics,58.0,Female,10453,1,1,True,0,52.7
PID-01788,2025-07-08,1970-08-20,General Medicine,55.0,Female,10451,9,6,True,0,52.3
PID-01789,2025-05-27,1971-12-20,General Medicine,53.0,Male,10451,6,6,False,0,81.0
PID-01790,2025-02-09,1968-09-05,Emergency,56.0,Female,10002,9,6,True,0,62.9
PID-01791,2025-11-27,1951-11-24,General Medicine,74.0,Male,10002,4,4,True,0,61.6
PID-01792,2025-02-16,1973-06-21,Emergency,52.0,Female,10001,2,2,True,0,41.5
PID-01793,2025-11-11,1981-05-01,Emergency,45.0,Female,10002,3,3,True,1,66.5
PID-01794,2025-11-01,1975-12-03,Emergency,50.0,Female,10001,4,4,True,0,40.6
PID-01795,2025-09-17,1959-04-19,General Medicine,66.0,Male,10453,10,10,True,0,62.3
PID-01796,2025-07-16,1944-06-29,Geriatrics,81.0,Male,10452,8,8,False,0,73.2
PID-01797,2025-08-25,1981-10-26,Cardiology,44.0,Female,10001,3,3,True,0,37.4
PID-01798,2025-10-25,1968-10-11,General Medicine,57.0,Male,10001,8,8,True,0,53.8
PID-01799,2025-10-11,1963-07-24,Cardiology,62.0,Male,10002,6,6,True,0,57.7
PID-01800,2025-01-22,1987-06-02,General Medicine,38.0,Male,10002,4,4,True,0,43.3
PID-01801,2025-08-19,1969-09-07,General Medicine,56.0,Female,10002,7,7,True,0,49.7
PID-01802,2025-10-20,1996-08-13,Emergency,29.0,Female,10451,5,3,True,0,63.2
PID-01803,2025-11-30,2001-07-28,General Medicine,24.0,Male,10453,5,5,False,0,78.4
PID-01804,2025-04-07,1963-01-06,General Medicine,62.0,Male,10451,9,9,True,1,66.7
PID-01805,2025-06-14,1976-10-27,General Medicine,49.0,Male,10451,3,3,False,0,84.0
PID-01806,2025-11-06,1967-01-31,Emergency,59.0,Female,10453,10,7,True,0,56.5
PID-01807,2025-09-01,1970-11-20,Cardiology,55.0,Female,10001,4,4,True,0,64.6
PID-01808,2025-09-14,1987-07-01,General Medicine,38.0,Male,10001,5,5,True,0,48.4
PID-01809,2025-03-19,1970-01-25,Cardiology,55.0,Male,10451,1,1,True,0,42.3
PID-01810,2025-02-01,1991-10-18,General Medicine,33.0,Male,10452,7,7,False,0,69.6
PID-01811,2025-08-19,1945-02-04,Geriatrics,81.0,Female,10451,8,6,False,0,67.3
PID-01812,2025-02-22,1994-08-02,General Medicine,31.0,Female,10001,6,3,True,0,57.5
PID-01813,2025-06-25,1973-08-18,Cardiology,52.0,Male,10453,9,9,True,0,45.0
PID-01814,2025-02-13,1987-11-15,Cardiology,37.0,Male,10002,3,3,True,0,53.5
PID-01815,2025-09-16,1959-10-11,Cardiology,66.0,Male,10452,2,2,True,0,79.5
PID-01816,2025-11-27,1975-12-08,General Medicine,50.0,Non-Binary,10453,5,5,False,0,65.6
PID-01817,2025-03-30,1979-01-20,Emergency,46.0,Male,10002,9,9,True,0,50.0
PID-01818,2025-01-21,1954-01-01,General Medicine,71.0,Female,10453,1,1,False,0,75.8
PID-01819,2025-05-07,1969-08-15,Geriatrics,56.0,Female,10452,1,1,True,0,48.7
PID-01820,2025-12-29,1961-06-18,General Medicine,65.0,Male,10453,10,10,False,0,67.9
PID-01821,2025-08-13,1987-08-17,General Medicine,38.0,Male,10002,3,3,True,0,59.0
PID-01822,2025-08-13,1995-02-25,General Medicine,30.0,Male,10453,10,10,True,0,58.0
PID-01823,2025-09-26,1968-09-26,General Medicine,57.0,Female,10001,3,3,True,0,48.0
PID-01824,2025-09-25,1975-09-25,Cardiology,50.0,Female,10452,5,2,True,0,51.1
PID-01825,2025-11-09,1958-06-23,Cardiology,67.0,Female,10451,4,4,True,0,57.0
PID-01826,2025-03-23,1971-04-19,Emergency,54.0,Female,10001,6,3,True,0,62.7
PID-01827,2025-07-06,1966-09-05,Cardiology,59.0,Male,10001,8,8,False,1,72.0
PID-01828,2025-07-10,1999-04-26,Emergency,26.0,Non-Binary,10002,8,8,True,0,42.9
PID-01829,2025-05-25,1936-07-03,Emergency,89.0,Female,10002,4,4,True,0,63.8
PID-01830,2025-07-18,1972-12-14,General Medicine,53.0,Male,10002,1,1,True,0,57.6
PID-01831,2025-07-29,1957-03-11,General Medicine,68.0,Unknown,10002,7,7,True,0,71.4
PID-01832,2025-06-23,1985-08-11,General Medicine,40.0,Female,10002,6,6,True,0,50.0
PID-01833,2025-12-14,1964-11-26,General Medicine,61.0,Female,10451,5,3,True,0,44.7
PID-01834,2025-11-03,1994-04-17,General Medicine,32.0,Female,10451,4,4,False,0,69.8
PID-01835,2025-01-27,1960-10-15,General Medicine,64.0,Female,10453,6,6,True,0,58.7
PID-01836,2025-11-20,1976-12-27,General Medicine,49.0,Female,10452,8,8,True,0,44.5
PID-01837,2025-11-28,1970-02-01,Cardiology,56.0,Male,10001,6,6,True,0,49.4
PID-01838,2025-06-21,1957-10-02,General Medicine,68.0,Male,10451,3,3,False,1,100.0
PID-01839,2025-02-03,1992-02-10,Emergency,33.0,Female,10452,9,9,True,0,61.2
PID-01840,2025-06-18,1982-05-29,Emergency,43.0,Male,10001,3,3,True,1,64.5
PID-01841,2025-02-18,1960-09-15,Emergency,64.0,Male,10451,4,4,True,0,27.3
PID-01842,2025-10-13,1933-01-31,General Medicine,93.0,Male,10451,5,5,False,0,78.9
PID-01843,2025-12-14,1973-04-29,General Medicine,53.0,Male,10453,2,2,False,1,100.0
PID-01844,2025-07-17,1959-07-03,General Medicine,66.0,Female,10451,10,7,True,1,80.4
PID-01845,2025-05-26,1971-03-02,Emergency,54.0,Female,10452,10,10,False,0,53.5
PID-01846,2025-05-10,1934-11-25,Emergency,90.0,Male,10002,2,2,True,1,90.8
PID-01847,2025-12-03,2001-07-23,Emergency,24.0,Male,10452,6,6,False,0,66.0
PID-01848,2025-11-05,1968-06-18,Cardiology,57.0,Male,10002,2,2,True,0,52.0
PID-01849,2025-03-18,1998-09-29,Emergency,26.0,Female,10451,10,10,False,0,67.3
PID-01850,2025-06-20,2007-08-24,General Medicine,18.0,Female,10451,1,1,True,0,30.1
PID-01851,2025-02-11,1964-01-10,Emergency,61.0,Male,10453,8,8,False,0,72.9
PID-01852,2025-10-26,1967-12-23,Cardiology,58.0,Female,10001,10,10,True,0,55.1
PID-01853,2025-12-06,1975-08-16,General Medicine,50.0,Female,10001,10,7,False,1,93.2
PID-01854,2025-03-14,1971-06-25,Cardiology,54.0,Female,10452,1,1,False,0,59.9
PID-01855,2025-06-29,1930-05-23,Geriatrics,,Female,10451,10,7,False,1,100.0
PID-01856,2025-06-08,1974-06-30,Emergency,51.0,Male,10002,6,6,True,0,53.5
PID-01857,2025-12-02,1960-07-26,General Medicine,65.0,Female,10002,1,1,True,0,37.7
PID-01858,2025-12-24,1982-01-05,Emergency,44.0,Male,10002,8,8,True,0,70.7
PID-01859,2025-12-06,1964-10-18,General Medicine,61.0,Female,10451,5,3,False,0,64.5
PID-01860,2025-07-20,1974-04-15,General Medicine,51.0,Female,10453,3,3,False,0,82.0
PID-01861,2025-03-08,1977-06-29,General Medicine,48.0,Female,10001,5,5,True,0,55.9
PID-01862,2025-11-01,1938-01-15,Emergency,88.0,Female,10453,1,1,False,0,83.2
PID-01863,2025-12-29,1948-07-28,Geriatrics,77.0,Male,10451,1,1,False,0,92.5
PID-01864,2025-02-13,1967-06-04,Cardiology,58.0,Female,10002,4,4,True,0,33.6
PID-01865,2025-06-08,2007-02-12,General Medicine,18.0,Unknown,10451,9,9,True,0,55.2
PID-01866,2025-10-14,1976-07-09,Cardiology,49.0,Female,10452,9,6,False,0,67.0
PID-01867,2025-07-12,1930-01-24,Geriatrics,95.0,Male,10001,1,1,True,0,81.7
PID-01868,2025-11-26,1975-02-12,Geriatrics,51.0,Male,10452,3,3,True,0,32.6
PID-01869,2025-06-18,1950-10-07,Geriatrics,75.0,Male,10452,4,4,False,0,82.8
PID-01870,2025-03-07,1944-03-29,Cardiology,81.0,Female,10001,2,2,True,1,88.4
PID-01871,2025-12-10,1966-06-22,General Medicine,59.0,Female,10001,7,5,True,0,44.6
PID-01872,2025-12-26,1985-09-29,Emergency,40.0,Male,10002,3,3,True,0,47.7
PID-01873,2025-12-17,2008-04-07,Emergency,18.0,Female,10452,1,1,True,0,45.8
PID-01874,2025-09-27,1957-08-18,Cardiology,68.0,Female,10002,1,1,True,1,76.3
PID-01875,2025-02-17,1984-06-03,Cardiology,41.0,Female,10452,3,3,False,0,61.6
PID-01876,2025-11-27,1966-06-26,Emergency,59.0,Female,10451,6,3,False,0,68.6
PID-01877,2025-12-10,1992-08-23,General Medicine,33.0,Female,10452,4,4,False,0,76.1
PID-01878,2025-08-05,1974-11-14,General Medicine,51.0,Female,10451,1,1,True,0,44.1
PID-01879,2025-09-18,1969-10-06,General Medicine,56.0,Male,10002,7,7,True,0,29.0
PID-01880,2025-07-05,1965-11-28,Emergency,60.0,Female,10453,2,2,True,0,49.2
PID-01881,2025-01-10,1989-09-28,Emergency,35.0,Female,10452,5,3,False,0,72.6
PID-01882,2025-07-05,1948-04-04,Geriatrics,77.0,Female,10451,8,5,False,0,77.8
PID-01883,2025-06-08,1980-10-06,Emergency,45.0,Female,10452,7,5,False,0,70.4
PID-01884,2025-04-03,2000-06-28,Cardiology,25.0,Female,10452,8,8,False,0,78.3
PID-01885,2025-04-20,1971-05-09,Emergency,54.0,Male,10002,10,10,True,0,49.4
PID-01886,2025-06-24,1969-10-08,Cardiology,56.0,Male,10451,6,6,False,0,77.3
PID-01887,2025-09-06,1968-02-19,General Medicine,58.0,Male,10002,7,7,True,1,77.8
PID-01888,2025-04-09,1945-04-26,Geriatrics,80.0,Male,10453,9,9,False,0,71.5
PID-01889,2025-04-26,1974-03-27,Cardiology,51.0,Female,10451,6,4,True,0,60.0
PID-01890,2025-03-12,1972-02-11,General Medicine,53.0,Unknown,10001,9,9,True,1,62.9
PID-01891,2025-03-21,1989-04-15,General Medicine,36.0,Male,10451,2,2,True,0,31.2
PID-01892,2025-02-09,1954-12-26,Geriatrics,70.0,Male,10001,2,2,True,0,60.9
PID-01893,2025-06-01,1966-01-07,General Medicine,59.0,Female,10002,2,2,True,0,55.4
PID-01894,2025-02-21,1977-04-02,Emergency,48.0,Male,10451,6,6,False,0,74.8
PID-01895,2025-09-17,2004-12-29,General Medicine,21.0,Female,10451,2,2,True,0,39.1
PID-01896,2025-10-04,1944-12-27,Geriatrics,81.0,Female,10453,3,3,True,0,61.3
PID-01897,2025-09-27,1993-01-31,Emergency,33.0,Female,10453,8,8,True,0,35.0
PID-01898,2025-01-20,1980-05-13,General Medicine,45.0,Male,10001,8,8,True,0,53.1
PID-01899,2025-12-05,1964-03-01,Emergency,62.0,Male,10451,4,4,True,1,75.8
PID-01900,2025-06-22,1991-12-07,Cardiology,34.0,Female,10453,9,6,True,0,54.9
PID-01901,2025-11-13,1996-07-03,Emergency,29.0,Female,10002,8,8,True,0,57.1
PID-01902,2025-03-09,2006-10-26,Emergency,18.0,Male,10452,1,1,True,0,54.8
PID-01903,2025-11-02,1957-12-16,Emergency,68.0,Female,10453,8,8,False,1,93.0
PID-01904,2025-07-12,1979-03-05,General Medicine,46.0,Male,10452,1,1,False,0,65.4
PID-01905,2025-03-20,1929-12-01,Cardiology,95.0,Female,10002,4,4,False,0,69.7
PID-01906,2025-03-25,1986-11-13,Emergency,38.0,Male,10453,10,10,False,0,47.1
PID-01907,2025-04-03,1986-06-05,General Medicine,39.0,Female,10453,6,6,False,0,76.7
PID-01908,2025-12-21,1980-08-18,General Medicine,45.0,Male,10452,7,7,False,0,75.7
PID-01909,2025-11-16,1966-01-17,General Medicine,60.0,Male,10002,10,10,True,0,41.7
PID-01910,2025-03-26,1978-05-28,General Medicine,47.0,Male,10452,4,4,False,0,62.9
PID-01911,2025-08-13,1958-02-24,Cardiology,67.0,Male,10002,8,8,True,0,59.7
PID-01912,2025-01-23,1987-07-10,General Medicine,38.0,Female,10002,8,5,True,0,45.1
PID-01913,2025-07-30,1994-07-28,Emergency,31.0,Unknown,10451,9,9,False,0,79.9
PID-01914,2025-07-06,2002-11-24,Cardiology,23.0,Male,10453,6,6,False,0,66.5
PID-01915,2025-12-13,2007-06-25,General Medicine,18.0,Male,10453,4,4,False,0,62.4
PID-01916,2025-05-02,1979-02-28,Emergency,46.0,Female,10452,2,2,False,0,73.9
PID-01917,2025-08-16,1975-12-07,Geriatrics,50.0,Female,10451,7,5,False,0,61.8
PID-01918,2025-11-09,1981-08-24,Cardiology,44.0,Female,10002,10,10,True,0,56.4
PID-01919,2025-05-26,1947-01-18,Emergency,78.0,Male,10453,3,3,False,0,79.5
PID-01920,2025-08-18,1947-06-20,General Medicine,78.0,Male,10451,3,3,True,0,68.2
PID-01921,2025-04-30,1975-11-30,General Medicine,49.0,Female,10453,3,3,True,1,84.0
PID-01922,2025-10-01,2002-09-21,Emergency,23.0,Male,10451,4,4,True,0,38.3
PID-01923,2025-05-03,1980-07-28,Emergency,45.0,Female,10452,2,2,False,0,70.6
PID-01924,2025-06-08,1980-05-21,Emergency,45.0,Male,10453,5,5,True,0,49.6
PID-01925,2025-08-29,1981-06-19,General Medicine,44.0,Female,10002,3,3,True,0,49.0
PID-01926,2025-04-10,1982-02-08,General Medicine,43.0,Male,10001,10,10,True,0,60.4
PID-01927,2025-07-08,1981-10-26,Emergency,44.0,Female,10002,5,3,True,0,49.9
PID-01928,2025-12-14,1977-03-21,Emergency,49.0,Female,10453,7,5,False,0,57.5
PID-01929,2025-10-20,1982-01-10,Emergency,44.0,Female,10452,9,7,True,0,45.9
PID-01930,2025-08-14,1966-10-19,Emergency,59.0,Male,10452,2,2,False,0,63.7
PID-01931,2025-08-25,1964-02-06,General Medicine,62.0,Female,10002,9,6,True,1,71.3
PID-01932,2025-05-25,1986-04-27,General Medicine,39.0,Female,10452,10,10,True,0,49.9
PID-01933,2025-07-15,1948-01-05,Emergency,,Female,10452,6,6,False,0,73.7
PID-01934,2025-09-15,1987-10-28,General Medicine,38.0,Female,10001,6,4,False,0,75.5
PID-01935,2025-09-28,1999-08-29,General Medicine,26.0,Female,10453,3,3,False,0,83.7
PID-01936,2025-08-03,1963-10-10,General Medicine,62.0,Female,10002,10,8,True,0,51.6
PID-01937,2025-03-24,1983-10-13,General Medicine,41.0,Male,10002,9,9,False,0,77.1
PID-01938,2025-04-13,1964-06-29,General Medicine,61.0,Female,10002,4,4,True,1,66.0
PID-01939,2025-11-06,2008-01-22,Emergency,18.0,Female,10001,5,2,True,0,57.7
PID-01940,2025-03-12,1944-08-06,Cardiology,81.0,Male,10452,3,3,False,0,92.3
PID-01941,2025-05-09,1957-08-07,Cardiology,68.0,Male,10002,5,5,True,0,71.0
PID-01942,2025-01-27,1996-12-14,Emergency,28.0,Male,10453,8,8,False,0,64.8
PID-01943,2025-11-25,1996-07-13,Emergency,29.0,Female,10002,8,8,True,0,61.1
PID-01944,2025-09-04,1939-06-27,Geriatrics,86.0,Female,10451,8,8,False,0,95.8
PID-01945,2025-07-10,1983-01-20,General Medicine,42.0,Female,10452,6,3,True,0,45.0
PID-01946,2025-10-11,1985-10-25,Emergency,40.0,Female,10452,1,1,False,0,76.3
PID-01947,2025-02-22,2006-12-31,Cardiology,18.0,Male,10002,10,10,True,0,44.8
PID-01948,2025-12-31,1977-02-23,Emergency,49.0,Male,10453,6,6,False,0,57.8
PID-01949,2025-09-22,1974-08-16,General Medicine,51.0,Male,10452,10,10,True,0,48.1
PID-01950,2025-03-05,1957-02-06,General Medicine,68.0,Male,10001,7,7,True,1,79.9
PID-01951,2025-05-26,1995-11-02,General Medicine,30.0,Male,10451,9,9,True,0,48.8
PID-01952,2025-02-12,1996-10-04,Emergency,28.0,Male,10451,8,8,False,0,46.8
PID-01953,2025-03-24,1961-03-10,Cardiology,64.0,Female,10453,8,5,True,0,53.5
PID-01954,2025-05-20,1951-06-10,Cardiology,74.0,Female,10002,7,7,True,0,57.9
PID-01955,2025-08-19,1998-07-30,Emergency,27.0,Unknown,10002,2,2,True,0,56.8
PID-01956,2025-09-20,1950-05-11,Geriatrics,75.0,Female,10001,1,1,False,0,75.9
PID-01957,2025-03-17,1968-11-25,Emergency,56.0,Female,10002,2,2,False,0,85.6
PID-01958,2025-08-12,1950-04-11,Geriatrics,,Male,10452,6,6,False,0,76.1
PID-01959,2025-02-16,1970-11-15,Cardiology,54.0,Female,10452,2,2,False,0,71.0
PID-01960,2025-04-24,2007-01-27,General Medicine,18.0,Female,10001,10,7,True,1,66.2
PID-01961,2025-08-19,1972-03-24,Emergency,53.0,Male,10001,4,4,False,0,70.9
PID-01962,2025-06-28,1949-12-31,Emergency,75.0,Male,10002,10,10,True,0,62.4
PID-01963,2025-01-14,1986-06-25,Emergency,39.0,Female,10452,3,3,False,0,64.9
PID-01964,2025-08-01,1976-05-07,Cardiology,49.0,Male,10453,6,6,True,0,56.8
PID-01965,2025-01-28,1973-06-02,Cardiology,52.0,Female,10001,8,5,False,0,64.9
PID-01966,2025-07-22,2007-06-02,General Medicine,18.0,Female,10002,6,6,True,0,60.2
PID-01967,2025-09-15,1939-07-25,Emergency,86.0,Male,10451,2,2,False,0,67.7
PID-01968,2025-07-11,1986-12-18,General Medicine,39.0,Male,10453,5,5,False,0,69.4
PID-01969,2025-05-01,1960-06-25,Emergency,65.0,Male,10451,6,6,False,1,100.0
PID-01970,2025-07-17,1971-04-24,General Medicine,54.0,Male,10002,9,9,True,0,28.5
PID-01971,2025-02-11,1946-11-09,Geriatrics,,Male,10002,6,6,True,0,68.6
PID-01972,2025-07-11,1962-06-20,General Medicine,63.0,Female,10451,10,8,False,0,72.8
PID-01973,2025-04-25,1974-10-03,General Medicine,51.0,Male,10452,5,5,False,0,67.2
PID-01974,2025-01-15,1985-10-03,General Medicine,39.0,Female,10001,1,1,False,0,79.9
PID-01975,2025-06-13,1955-05-27,Geriatrics,70.0,Male,10002,10,10,True,0,63.8
PID-01976,2025-02-20,2002-11-29,Emergency,22.0,Female,10452,5,3,True,0,47.3
PID-01977,2025-11-29,1958-07-11,General Medicine,67.0,Male,10002,5,5,True,0,53.4
PID-01978,2025-06-21,1989-11-23,General Medicine,36.0,Male,10451,6,6,True,0,46.2
PID-01979,2025-03-16,1947-06-08,Geriatrics,,Female,10002,7,4,True,0,57.8
PID-01980,2025-03-12,1967-04-13,General Medicine,58.0,Female,10452,4,4,False,0,68.4
PID-01981,2025-01-20,1957-12-07,Emergency,67.0,Male,10001,7,7,True,0,52.8
PID-01982,2025-05-27,1968-05-04,Cardiology,57.0,Female,10453,5,2,False,0,71.3
PID-01983,2025-08-30,2001-09-24,Emergency,24.0,Male,10001,6,6,True,1,69.1
PID-01984,2025-12-23,1986-01-26,Emergency,40.0,Female,10001,4,4,True,0,51.2
PID-01985,2025-03-13,1957-01-16,Emergency,68.0,Male,10453,8,8,True,0,77.2
PID-01986,2025-12-28,1968-04-02,Cardiology,58.0,Male,10453,9,9,True,1,82.7
PID-01987,2025-08-29,1948-07-24,Geriatrics,77.0,Female,10001,2,2,True,0,59.7
PID-01988,2025-08-18,1962-09-18,Emergency,63.0,Female,10453,4,4,True,0,39.4
PID-01989,2025-11-12,1987-07-03,General Medicine,38.0,Male,10002,8,8,False,0,71.3
PID-01990,2025-01-03,1984-06-05,Emergency,41.0,Female,10452,8,6,False,1,100.0
PID-01991,2025-02-10,1967-08-22,General Medicine,57.0,Female,10001,9,6,True,0,40.9
PID-01992,2025-01-10,2006-10-19,Emergency,18.0,Male,10002,3,3,True,0,30.2
PID-01993,2025-05-12,1939-08-29,Geriatrics,,Female,10451,1,1,False,0,82.8
PID-01994,2025-04-21,1962-02-24,General Medicine,63.0,Male,10451,9,9,False,0,83.8
PID-01995,2025-03-18,1946-10-20,Emergency,78.0,Female,10451,1,1,False,0,90.9
PID-01996,2025-10-08,1998-08-19,Emergency,27.0,Female,10451,3,3,False,0,84.9
PID-01997,2025-11-08,1948-03-22,Geriatrics,78.0,Female,10453,3,3,False,0,68.4
PID-01998,2025-09-28,1930-07-15,Geriatrics,95.0,Male,10001,9,9,True,0,56.4
PID-01999,2025-08-05,1993-12-06,Emergency,32.0,Male,10001,1,1,True,1,78.3
PID-02000,2025-02-26,1956-05-25,General Medicine,69.0,Male,10452,7,7,False,0,59.2
PID-02001,2025-05-28,1969-01-29,Emergency,56.0,Male,10001,2,2,True,0,49.8
PID-02002,2025-05-02,1996-11-07,General Medicine,28.0,Male,10451,7,7,False,0,65.2
PID-02003,2025-06-04,1961-02-25,Cardiology,64.0,Female,10451,1,1,False,1,92.8
PID-02004,2025-03-04,1954-06-24,General Medicine,71.0,Male,10002,10,10,True,0,62.4
PID-02005,2025-01-25,1980-01-05,Emergency,45.0,Male,10453,10,10,False,0,67.0
PID-02006,2025-05-03,1949-04-02,Emergency,76.0,Female,10002,8,8,True,1,75.2
PID-02007,2025-08-03,2000-08-18,General Medicine,25.0,Male,10002,10,10,True,0,56.3
PID-02008,2025-11-24,1996-10-05,Cardiology,29.0,Female,10002,10,7,True,0,40.1
PID-02009,2025-11-15,1968-05-02,General Medicine,58.0,Male,10001,2,2,True,0,49.0
PID-02010,2025-08-23,1969-11-20,General Medicine,56.0,Female,10002,3,3,True,0,42.5
PID-02011,2025-02-02,1981-12-13,Emergency,43.0,Male,10452,8,8,False,0,76.2
PID-02012,2025-02-26,1954-10-28,Geriatrics,70.0,Male,10452,3,3,True,0,45.8
PID-02013,2025-09-13,1960-11-29,Emergency,65.0,Female,10453,1,1,True,0,49.1
PID-02014,2025-11-02,1954-09-12,Geriatrics,71.0,Male,10001,9,9,True,0,62.8
PID-02015,2025-10-02,1973-02-13,Cardiology,53.0,Female,10001,8,6,True,1,77.5
PID-02016,2025-01-09,1959-03-03,General Medicine,66.0,Male,10453,4,4,True,0,69.7
PID-02017,2025-11-20,1978-12-06,General Medicine,47.0,Male,10001,8,8,False,1,100.0
PID-02018,2025-09-21,1933-03-31,Cardiology,92.0,Female,10453,5,5,False,1,100.0
PID-02019,2025-10-22,1984-05-23,Emergency,41.0,Male,10453,3,3,False,0,52.1
PID-02020,2025-05-04,1932-08-09,General Medicine,93.0,Female,10453,1,1,False,0,85.2
PID-02021,2025-03-15,1969-07-10,General Medicine,56.0,Non-Binary,10002,10,10,True,0,60.9
PID-02022,2025-05-30,1994-10-12,Emergency,31.0,Female,10001,5,5,True,0,43.0
PID-02023,2025-08-08,1945-12-08,Geriatrics,80.0,Female,10452,6,3,False,0,90.5
PID-02024,2025-01-01,1966-11-13,Emergency,58.0,Male,10452,4,4,True,0,58.1
PID-02025,2025-11-11,1954-06-21,Geriatrics,71.0,Male,10001,7,7,True,1,78.7
PID-02026,2025-06-30,1947-06-26,Emergency,78.0,Male,10452,3,3,True,0,55.3
PID-02027,2025-05-04,1963-09-19,Emergency,62.0,Female,10002,7,7,True,1,66.3
PID-02028,2025-10-20,1980-07-24,Emergency,45.0,Unknown,10451,1,1,True,0,59.5
PID-02029,2025-08-02,1952-07-17,Geriatrics,73.0,Male,10453,7,7,False,1,98.8
PID-02030,2025-04-06,1969-01-15,General Medicine,56.0,Female,10001,1,1,True,0,44.0
PID-02031,2025-12-07,1957-07-27,Cardiology,68.0,Male,10002,1,1,True,0,57.9
PID-02032,2025-12-09,2008-03-18,Emergency,18.0,Female,10001,2,2,True,0,39.9
PID-02033,2025-02-13,1961-01-31,General Medicine,64.0,Male,10001,2,2,False,0,74.4
PID-02034,2025-09-26,1981-06-17,Emergency,44.0,Unknown,10001,4,4,True,0,47.3
PID-02035,2025-07-04,1940-06-20,General Medicine,85.0,Female,10002,1,1,True,0,69.9
PID-02036,2025-02-04,1958-07-13,Geriatrics,67.0,Male,10002,4,4,True,0,67.7
PID-02037,2025-09-27,1965-12-29,Cardiology,60.0,Male,10453,2,2,False,0,84.7
PID-02038,2025-10-06,1961-10-15,General Medicine,64.0,Male,10453,4,4,False,0,55.9
PID-02039,2025-09-17,1987-06-01,General Medicine,38.0,Male,10451,4,4,True,0,38.5
PID-02040,2025-09-17,1940-04-13,Cardiology,85.0,Male,10001,9,9,True,0,60.0
PID-02041,2025-10-11,1935-01-24,Cardiology,91.0,Female,10002,9,6,True,0,61.1
PID-02042,2025-01-11,1962-04-19,Emergency,63.0,Female,10452,1,1,True,0,47.4
PID-02043,2025-07-19,1941-11-02,Cardiology,84.0,Female,10452,5,2,False,0,94.8
PID-02044,2025-08-29,1980-11-26,Emergency,45.0,Male,10453,7,7,False,0,66.4
PID-02045,2025-01-23,1984-06-26,General Medicine,41.0,Female,10001,4,4,False,0,74.2
PID-02046,2025-11-22,1969-10-19,Cardiology,56.0,Female,10452,5,2,False,0,73.0
PID-02047,2025-07-18,1962-08-11,Cardiology,63.0,Male,10451,2,2,False,1,89.5
PID-02048,2025-07-11,1977-08-02,Emergency,48.0,Female,10453,3,3,True,0,54.2
PID-02049,2025-05-10,1960-03-23,Cardiology,65.0,Female,10451,7,5,False,1,95.0
PID-02050,2025-01-09,1964-02-12,General Medicine,61.0,Male,10451,10,10,False,0,81.1
PID-02051,2025-07-02,1987-02-13,General Medicine,38.0,Male,10452,7,7,False,0,80.5
PID-02052,2025-02-04,1960-05-03,Emergency,65.0,Female,10453,4,4,False,0,47.3
PID-02053,2025-06-26,1954-10-25,Cardiology,71.0,Male,10002,1,1,True,0,46.2
PID-02054,2025-05-04,1966-08-26,Emergency,59.0,Female,10001,1,1,True,0,48.7
PID-02055,2025-12-03,1950-02-18,Geriatrics,,Female,10451,4,4,False,0,87.8
PID-02056,2025-11-18,1992-05-16,Cardiology,34.0,Female,10002,4,4,True,1,76.1
PID-02057,2025-02-23,1960-10-08,Emergency,64.0,Male,10451,6,6,False,0,73.7
PID-02058,2025-10-25,1991-12-16,Emergency,34.0,Male,10453,7,7,True,0,75.1
PID-02059,2025-06-20,1990-12-12,General Medicine,35.0,Female,10451,9,7,True,0,44.4
PID-02060,2025-03-10,1981-01-15,General Medicine,44.0,Female,10452,9,7,False,0,74.0
PID-02061,2025-01-23,1985-11-11,Emergency,39.0,Male,10452,10,10,False,0,71.5
PID-02062,2025-06-30,1979-04-17,General Medicine,46.0,Female,10453,5,2,True,0,57.7
PID-02063,2025-10-07,1973-07-01,Emergency,52.0,Female,10453,10,10,False,0,78.6
PID-02064,2025-06-23,1954-12-19,Cardiology,71.0,Male,10452,3,3,True,0,65.0
PID-02065,2025-11-26,1975-07-19,Emergency,50.0,Male,10451,3,3,True,0,62.6
PID-02066,2025-03-31,1998-01-19,General Medicine,27.0,Female,10002,6,3,True,0,62.1
PID-02067,2025-12-17,1950-02-14,Geriatrics,76.0,Male,10002,1,1,True,0,63.7
PID-02068,2025-08-26,1985-11-03,General Medicine,40.0,Male,10002,7,7,True,0,49.1
PID-02069,2025-12-23,1971-08-25,General Medicine,54.0,Male,10002,3,3,True,0,52.6
PID-02070,2025-09-03,1961-03-30,General Medicine,64.0,Male,10452,5,5,True,1,60.1
PID-02071,2025-11-20,1966-09-19,General Medicine,59.0,Female,10451,7,4,True,0,45.3
PID-02072,2025-04-04,1950-02-12,Geriatrics,,Female,10002,7,7,True,0,51.3
PID-02073,2025-03-11,1961-02-10,General Medicine,64.0,Male,10453,9,9,False,0,78.0
PID-02074,2025-02-02,1984-12-18,General Medicine,40.0,Female,10451,1,1,True,0,62.2
PID-02075,2025-08-23,1931-01-11,Geriatrics,95.0,Female,10451,3,3,False,0,85.9
PID-02076,2025-01-19,1965-09-15,Emergency,59.0,Female,10452,9,7,False,1,93.8
PID-02077,2025-05-31,1972-01-25,General Medicine,53.0,Male,10452,8,8,False,0,63.3
PID-02078,2025-04-14,1952-10-08,General Medicine,73.0,Male,10002,2,2,False,0,87.9
PID-02079,2025-01-23,1965-03-19,Geriatrics,60.0,Unknown,10452,8,8,True,0,59.4
PID-02080,2025-04-13,1962-01-04,Cardiology,63.0,Female,10001,8,6,True,0,49.1
PID-02081,2025-01-22,1930-03-02,Cardiology,95.0,Male,10451,2,2,False,0,80.5
PID-02082,2025-06-11,1974-01-26,Emergency,51.0,Male,10002,8,8,True,0,46.8
PID-02083,2025-06-08,1975-01-19,General Medicine,50.0,Male,10452,3,3,False,0,73.7
PID-02084,2025-09-21,1967-06-09,General Medicine,58.0,Female,10002,7,4,False,0,66.5
PID-02085,2025-07-23,1950-10-06,Geriatrics,75.0,Female,10452,9,9,False,0,79.3
PID-02086,2025-10-06,1998-03-10,Emergency,28.0,Female,10002,4,4,False,1,84.5
PID-02087,2025-08-31,2005-11-25,General Medicine,20.0,Male,10453,6,6,False,0,72.4
PID-02088,2025-05-10,1980-08-23,Emergency,45.0,Female,10453,9,9,False,0,85.8
PID-02089,2025-01-19,1999-06-21,General Medicine,26.0,Female,10002,5,5,True,0,53.1
PID-02090,2025-11-28,1977-06-27,General Medicine,48.0,Male,10002,1,1,True,1,84.4
PID-02091,2025-04-08,1960-04-10,General Medicine,65.0,Female,10452,3,3,True,0,56.9
PID-02092,2025-05-27,1986-11-06,General Medicine,39.0,Non-Binary,10001,9,9,True,0,48.9
PID-02093,2025-07-02,1995-10-17,Cardiology,30.0,Male,10001,3,3,False,0,69.9
PID-02094,2025-01-25,1968-07-08,Emergency,57.0,Female,10001,10,10,True,1,70.1
PID-02095,2025-12-02,1954-06-25,General Medicine,71.0,Male,10451,2,2,True,0,68.8
PID-02096,2025-06-19,2000-02-25,Cardiology,25.0,Female,10001,4,4,True,0,54.2
PID-02097,2025-05-20,1955-01-13,Geriatrics,70.0,Female,10002,5,2,True,0,69.0
PID-02098,2025-03-05,1955-04-03,Geriatrics,70.0,Female,10452,7,5,False,0,81.0
PID-02099,2025-07-08,1952-07-19,Geriatrics,73.0,Female,10001,7,7,True,0,43.9
PID-02100,2025-08-12,1948-12-26,Emergency,77.0,Male,10001,9,9,True,0,53.5
PID-02101,2025-07-24,1930-12-27,Geriatrics,95.0,Female,10453,8,5,True,0,69.0
PID-02102,2025-08-14,1976-12-17,Emergency,49.0,Female,10452,2,2,False,0,68.2
PID-02103,2025-07-17,1968-06-14,Cardiology,57.0,Male,10002,8,8,True,0,59.6
PID-02104,2025-06-23,1977-09-20,Emergency,48.0,Female,10001,8,6,True,0,62.7
PID-02105,2025-04-06,1969-07-13,General Medicine,56.0,Female,10451,5,2,False,0,78.4
PID-02106,2025-09-12,1942-04-02,Geriatrics,,Male,10002,3,3,True,0,68.0
PID-02107,2025-12-21,1995-01-26,General Medicine,31.0,Female,10453,9,9,False,0,45.8
PID-02108,2025-09-12,1985-05-03,General Medicine,40.0,Female,10452,7,5,False,0,67.9
PID-02109,2025-07-08,1945-01-31,General Medicine,80.0,Male,10453,1,1,False,0,79.9
PID-02110,2025-09-23,1951-04-03,Geriatrics,74.0,Unknown,10453,8,8,True,1,93.1
PID-02111,2025-05-17,1975-11-21,General Medicine,49.0,Male,10451,10,10,False,0,71.0
PID-02112,2025-02-12,1953-10-12,Geriatrics,71.0,Male,10452,5,5,True,0,46.5
PID-02113,2025-08-06,1963-04-16,Emergency,62.0,Male,10453,6,6,False,1,81.7
PID-02114,2025-02-10,1941-10-27,Geriatrics,83.0,Female,10451,9,9,True,0,55.6
PID-02115,2025-08-09,1968-11-07,General Medicine,57.0,Female,10001,10,8,True,0,74.2
PID-02116,2025-11-05,1951-09-14,Geriatrics,74.0,Male,10451,8,8,True,0,62.5
PID-02117,2025-04-03,1929-12-09,Geriatrics,95.0,Male,10001,3,3,True,0,64.6
PID-02118,2025-10-07,1959-10-04,Emergency,66.0,Female,10452,5,5,False,0,66.7
PID-02119,2025-05-31,1969-11-09,Emergency,56.0,Male,10452,4,4,True,1,84.9
PID-02120,2025-06-14,1956-10-25,Cardiology,69.0,Female,10453,1,1,True,0,57.1
PID-02121,2025-02-22,1976-03-21,Cardiology,49.0,Female,10452,5,3,False,0,83.5
PID-02122,2025-02-10,1930-02-26,Geriatrics,95.0,Female,10453,10,7,True,0,48.8
PID-02123,2025-06-17,1966-06-10,General Medicine,59.0,Non-Binary,10002,7,7,True,1,74.2
PID-02124,2025-12-05,1974-11-22,Cardiology,51.0,Male,10002,1,1,True,0,45.4
PID-02125,2025-06-01,1985-10-25,General Medicine,40.0,Unknown,10453,4,4,True,1,80.7
PID-02126,2025-06-06,1950-04-30,Geriatrics,,Female,10452,6,6,False,0,88.8
PID-02127,2025-08-17,1954-05-09,Geriatrics,71.0,Female,10452,9,6,False,0,74.3
PID-02128,2025-11-05,1979-04-02,General Medicine,47.0,Male,10002,8,8,True,0,57.2
PID-02129,2025-08-07,1959-09-08,Cardiology,66.0,Female,10452,2,2,True,1,97.8
PID-02130,2025-03-27,1997-01-25,Emergency,28.0,Male,10453,3,3,False,0,78.8
PID-02131,2025-12-20,1967-04-12,Cardiology,59.0,Male,10002,10,10,True,1,69.8
PID-02132,2025-08-16,1961-12-12,General Medicine,64.0,Male,10452,5,5,True,0,46.2
PID-02133,2025-06-29,1939-01-06,Cardiology,86.0,Female,10002,7,5,True,0,58.1
PID-02134,2025-08-17,1983-09-27,Emergency,42.0,Female,10001,3,3,True,0,58.5
PID-02135,2025-01-22,1993-02-03,General Medicine,32.0,Female,10452,7,5,True,0,53.9
PID-02136,2025-06-30,1986-04-03,General Medicine,39.0,Female,10001,5,5,True,0,38.7
PID-02137,2025-11-11,1994-10-12,Cardiology,31.0,Male,10002,10,10,True,0,49.9
PID-02138,2025-08-11,1945-05-15,Emergency,80.0,Female,10452,6,3,False,0,94.7
PID-02139,2025-05-21,1942-08-03,Geriatrics,,Male,10452,6,6,False,0,88.9
PID-02140,2025-11-24,1964-06-01,General Medicine,61.0,Female,10002,4,4,False,0,64.6
PID-02141,2025-01-30,1948-04-13,Cardiology,77.0,Female,10453,8,5,False,0,66.2
PID-02142,2025-02-08,1966-09-29,Cardiology,58.0,Female,10002,9,7,True,0,45.5
PID-02143,2025-12-10,1972-05-10,Cardiology,54.0,Female,10453,2,2,True,0,50.0
PID-02144,2025-11-23,1976-03-28,Emergency,50.0,Male,10452,9,9,True,1,71.3
PID-02145,2025-07-27,1975-04-07,Emergency,50.0,Male,10002,4,4,True,0,41.2
PID-02146,2025-07-06,1997-02-14,Emergency,28.0,Female,10001,6,3,True,0,55.3
PID-02147,2025-09-20,1965-06-22,General Medicine,60.0,Male,10002,7,7,True,0,28.5
PID-02148,2025-12-14,1971-04-30,Emergency,55.0,Male,10001,4,4,True,0,60.1
PID-02149,2025-03-23,1956-01-16,General Medicine,69.0,Female,10452,8,8,True,0,66.8
PID-02150,2025-01-16,1967-07-29,Emergency,57.0,Female,10002,10,8,True,0,53.8
PID-02151,2025-03-15,1971-11-07,General Medicine,53.0,Male,10002,8,8,True,0,55.4
PID-02152,2025-11-08,1985-12-11,General Medicine,40.0,Male,10452,1,1,False,0,67.4
PID-02153,2025-12-14,1968-11-06,Emergency,57.0,Female,10002,8,5,True,0,49.8
PID-02154,2025-08-13,1956-04-04,General Medicine,69.0,Female,10451,10,8,False,0,93.2
PID-02155,2025-01-18,1990-02-06,General Medicine,35.0,Male,10001,3,3,True,1,73.6
PID-02156,2025-03-06,1968-04-23,Cardiology,57.0,Male,10452,5,5,False,0,73.5
PID-02157,2025-02-04,1964-11-07,Emergency,60.0,Male,10452,10,10,True,0,54.7
PID-02158,2025-05-01,1982-01-08,Emergency,43.0,Male,10452,8,8,False,0,70.9
PID-02159,2025-11-27,1980-07-11,Emergency,45.0,Male,10001,6,6,True,0,48.1
PID-02160,2025-07-07,1965-07-06,General Medicine,60.0,Female,10002,4,4,False,0,54.3
PID-02161,2025-07-05,1990-10-28,Emergency,35.0,Female,10001,4,4,False,0,77.3
PID-02162,2025-07-16,1963-03-05,General Medicine,62.0,Female,10001,4,4,True,0,59.7
PID-02163,2025-10-18,1986-07-03,Emergency,39.0,Male,10001,6,6,True,0,50.7
PID-02164,2025-01-17,1949-11-05,Geriatrics,75.0,Female,10451,7,7,False,0,91.2
PID-02165,2025-11-06,1930-08-13,Geriatrics,95.0,Male,10451,5,5,True,0,63.4
PID-02166,2025-03-20,1984-10-28,Emergency,40.0,Unknown,10453,10,10,True,1,57.4
PID-02167,2025-12-14,1960-10-01,General Medicine,65.0,Female,10451,8,6,True,1,65.5
PID-02168,2025-08-19,1983-06-09,General Medicine,42.0,Male,10451,7,7,False,0,65.6
PID-02169,2025-07-09,1951-10-06,Geriatrics,74.0,Female,10453,8,6,False,0,74.5
PID-02170,2025-07-10,1992-02-29,General Medicine,33.0,Male,10451,4,4,True,1,75.7
PID-02171,2025-08-16,1961-10-16,General Medicine,64.0,Female,10451,8,8,False,0,61.7
PID-02172,2025-02-09,1985-03-13,General Medicine,40.0,Male,10453,6,6,False,0,85.3
PID-02173,2025-10-21,1974-01-10,Cardiology,52.0,Male,10453,3,3,False,1,75.6
PID-02174,2025-03-12,1988-09-08,General Medicine,37.0,Female,10451,8,6,False,0,69.3
PID-02175,2025-09-29,1956-01-28,Geriatrics,70.0,Male,10452,7,7,True,0,53.3
PID-02176,2025-07-07,1985-12-22,General Medicine,40.0,Female,10451,10,8,True,0,38.3
PID-02177,2025-07-23,1960-05-26,Emergency,65.0,Male,10452,5,5,False,0,75.3
PID-02178,2025-06-10,1976-01-22,Emergency,49.0,Female,10453,4,4,True,0,40.9
PID-02179,2025-11-29,1973-03-29,General Medicine,53.0,Female,10002,1,1,True,0,50.4
PID-02180,2025-05-23,1967-08-06,Cardiology,58.0,Female,10453,10,10,False,0,61.4
PID-02181,2025-05-08,1982-12-25,General Medicine,42.0,Male,10452,3,3,False,1,77.9
PID-02182,2025-02-28,1966-01-28,General Medicine,59.0,Male,10002,2,2,True,0,48.0
PID-02183,2025-01-14,1941-12-15,General Medicine,,Male,10452,8,8,False,0,82.8
PID-02184,2025-04-06,1984-09-10,Cardiology,41.0,Male,10451,8,8,True,0,44.6
PID-02185,2025-09-13,1948-09-23,Geriatrics,77.0,Female,10001,5,5,False,1,100.0
PID-02186,2025-09-23,1943-09-25,Geriatrics,,Female,10453,5,5,False,0,82.7
PID-02187,2025-07-18,1984-04-03,General Medicine,41.0,Female,10451,4,4,True,0,56.5
PID-02188,2025-10-15,1996-05-22,Emergency,29.0,Female,10451,1,1,False,1,89.1
PID-02189,2025-03-02,1964-05-13,Emergency,61.0,Female,10453,1,1,True,0,44.3
PID-02190,2025-05-15,1979-11-07,Cardiology,46.0,Female,10453,6,3,True,1,71.9
PID-02191,2025-05-14,1935-12-19,Geriatrics,89.0,Male,10453,4,4,False,1,100.0
PID-02192,2025-12-27,1970-03-14,Cardiology,56.0,Female,10451,4,4,False,1,90.8
PID-02193,2025-08-17,1984-02-26,General Medicine,41.0,Female,10451,3,3,False,0,60.0
PID-02194,2025-04-20,1990-05-27,Emergency,35.0,Female,10002,9,9,True,0,57.1
PID-02195,2025-11-10,1950-12-31,Cardiology,75.0,Male,10451,3,3,False,0,66.8
PID-02196,2025-05-27,1980-10-20,Cardiology,45.0,Male,10453,8,8,False,0,75.6
PID-02197,2025-12-22,1970-01-14,General Medicine,56.0,Male,10452,2,2,True,0,57.5
PID-02198,2025-09-09,1952-10-06,Emergency,73.0,Female,10001,4,4,True,1,82.4
PID-02199,2025-04-13,1978-01-25,General Medicine,47.0,Female,10001,1,1,True,0,72.8
PID-02200,2025-03-04,1969-11-24,General Medicine,55.0,Male,10453,5,5,True,0,50.1
PID-02201,2025-03-11,1970-03-27,General Medicine,55.0,Unknown,10453,2,2,False,0,67.4
PID-02202,2025-02-07,1957-08-03,Cardiology,68.0,Male,10451,1,1,False,0,77.8
PID-02203,2025-08-20,1959-12-21,Emergency,66.0,Male,10452,1,1,True,0,69.8
PID-02204,2025-03-30,1972-10-10,Cardiology,52.0,Male,10002,2,2,True,0,47.6
PID-02205,2025-08-16,1968-08-26,Cardiology,57.0,Female,10452,5,2,False,0,75.7
PID-02206,2025-02-14,1976-02-21,General Medicine,49.0,Female,10452,9,7,True,0,37.8
PID-02207,2025-12-16,1996-11-24,Emergency,29.0,Male,10452,6,6,False,0,71.3
PID-02208,2025-06-13,1965-02-22,General Medicine,60.0,Female,10002,4,4,True,0,58.9
PID-02209,2025-12-08,1935-07-27,Geriatrics,,Male,10451,3,3,False,0,79.6
PID-02210,2025-06-27,1985-12-10,General Medicine,40.0,Female,10002,8,8,False,0,63.2
PID-02211,2025-12-30,1984-03-31,General Medicine,42.0,Female,10453,3,3,False,0,67.4
PID-02212,2025-02-03,1985-04-25,General Medicine,40.0,Female,10453,1,1,False,0,57.2
PID-02213,2025-10-09,1956-10-20,Emergency,69.0,Male,10453,4,4,False,0,88.2
PID-02214,2025-10-05,1961-10-12,General Medicine,64.0,Non-Binary,10453,5,5,False,1,100.0
PID-02215,2025-05-29,1971-12-17,Emergency,53.0,Female,10452,5,2,True,0,48.9
PID-02216,2025-06-03,1986-03-31,Emergency,39.0,Male,10002,5,5,True,0,63.6
PID-02217,2025-03-22,1968-01-20,Cardiology,57.0,Female,10452,8,5,False,0,76.7
PID-02218,2025-12-31,1999-06-12,General Medicine,27.0,Male,10002,8,8,True,1,75.2
PID-02219,2025-12-30,1967-08-03,Emergency,58.0,Female,10451,4,4,True,1,87.1
PID-02220,2025-12-25,1955-04-16,Geriatrics,71.0,Male,10002,9,9,True,0,66.4
PID-02221,2025-11-23,1992-09-18,General Medicine,33.0,Female,10451,1,1,False,0,80.7
PID-02222,2025-03-31,1997-07-10,Emergency,28.0,Female,10452,5,3,False,0,82.5
PID-02223,2025-07-05,1941-02-14,Emergency,84.0,Male,10001,5,5,True,0,57.8
PID-02224,2025-09-18,1981-07-25,Emergency,44.0,Male,10001,5,5,True,0,56.2
PID-02225,2025-04-25,1949-01-21,Geriatrics,,Male,10452,8,8,False,0,62.6
PID-02226,2025-03-04,1972-03-13,Emergency,53.0,Male,10452,9,9,False,0,59.5
PID-02227,2025-04-13,1972-02-17,Cardiology,53.0,Male,10451,3,3,False,0,74.5
PID-02228,2025-03-13,1962-02-11,General Medicine,63.0,Female,10001,9,7,True,1,78.3
PID-02229,2025-05-02,1985-10-01,General Medicine,40.0,Male,10451,8,8,False,0,61.5
PID-02230,2025-09-10,1967-06-17,Emergency,58.0,Male,10452,3,3,False,1,91.6
PID-02231,2025-01-14,1976-02-11,Emergency,49.0,Female,10452,2,2,False,0,73.2
PID-02232,2025-07-04,1993-03-17,General Medicine,32.0,Male,10001,4,4,True,0,50.0
PID-02233,2025-10-11,1963-04-28,Cardiology,62.0,Female,10453,2,2,True,0,47.9
PID-02234,2025-10-21,1974-11-10,Emergency,51.0,Female,10002,4,4,False,0,57.3
PID-02235,2025-07-08,1972-03-26,General Medicine,53.0,Female,10002,5,5,True,0,53.2
PID-02236,2025-08-28,1991-05-27,Emergency,34.0,Female,10451,2,2,False,0,68.3
PID-02237,2025-10-10,1942-03-30,General Medicine,84.0,Female,10002,8,8,True,1,100.0
PID-02238,2025-03-08,1954-05-22,Geriatrics,71.0,Male,10453,1,1,False,0,92.6
PID-02239,2025-11-10,1952-07-18,General Medicine,73.0,Male,10001,3,3,True,0,61.2
PID-02240,2025-02-14,1974-08-29,Emergency,50.0,Male,10002,7,7,True,0,32.5
PID-02241,2025-02-03,2001-02-14,Emergency,24.0,Female,10002,10,10,True,1,96.8
PID-02242,2025-06-08,1934-06-08,Geriatrics,91.0,Male,10451,1,1,True,0,67.4
PID-02243,2025-07-23,1971-12-18,Emergency,54.0,Female,10001,2,2,False,0,65.0
PID-02244,2025-09-03,1983-12-17,General Medicine,42.0,Unknown,10001,3,3,True,0,58.0
PID-02245,2025-09-27,1962-11-04,General Medicine,63.0,Female,10002,2,2,True,0,57.2
PID-02246,2025-07-30,1949-01-11,Cardiology,77.0,Female,10451,2,2,False,0,74.1
PID-02247,2025-07-29,1970-08-06,Geriatrics,55.0,Male,10452,6,6,False,0,61.6
PID-02248,2025-10-22,1946-10-11,Geriatrics,,Female,10452,7,5,False,1,100.0
PID-02249,2025-02-07,1949-09-21,General Medicine,75.0,Female,10451,6,6,False,0,89.7
PID-02250,2025-03-06,1988-12-03,General Medicine,36.0,Male,10002,6,6,True,0,52.9
PID-02251,2025-06-12,1982-09-17,Cardiology,43.0,Male,10453,9,9,True,0,52.3
PID-02252,2025-11-25,1952-08-05,Geriatrics,73.0,Female,10451,8,5,False,0,92.2
PID-02253,2025-02-07,2006-10-01,Emergency,18.0,Female,10002,8,5,True,1,73.6
PID-02254,2025-08-19,1972-07-31,Cardiology,53.0,Female,10452,6,4,True,0,24.0
PID-02255,2025-08-27,1995-11-21,General Medicine,30.0,Female,10452,5,5,False,0,74.8
PID-02256,2025-12-15,1978-08-14,Emergency,47.0,Female,10002,9,7,True,0,60.4
PID-02257,2025-09-22,1976-01-22,Geriatrics,50.0,Female,10001,2,2,True,0,54.3
PID-02258,2025-06-26,1976-07-19,Emergency,49.0,Male,10001,7,7,True,0,38.5
PID-02259,2025-03-07,1979-03-27,General Medicine,46.0,Male,10453,6,6,True,0,44.2
PID-02260,2025-10-10,1990-03-23,General Medicine,36.0,Male,10001,7,7,True,0,48.7
PID-02261,2025-11-24,1931-01-05,Emergency,95.0,Female,10451,4,4,True,1,73.1
PID-02262,2025-10-28,1936-09-27,Geriatrics,89.0,Female,10001,9,9,False,1,99.8
PID-02263,2025-04-04,1990-08-19,General Medicine,35.0,Female,10002,7,5,True,0,62.6
PID-02264,2025-03-08,1940-12-24,General Medicine,84.0,Male,10002,2,2,True,0,51.1
PID-02265,2025-08-10,1977-10-08,Cardiology,48.0,Female,10001,4,4,True,0,47.3
PID-02266,2025-09-15,1967-09-06,General Medicine,58.0,Female,10001,5,3,True,0,56.4
PID-02267,2025-01-29,1970-12-10,General Medicine,54.0,Female,10452,2,2,False,0,55.5
PID-02268,2025-03-05,1981-03-31,General Medicine,44.0,Female,10451,10,7,False,0,82.2
PID-02269,2025-09-23,1952-12-02,Emergency,73.0,Male,10452,8,8,True,1,79.4
PID-02270,2025-03-20,1966-12-23,Emergency,58.0,Female,10001,1,1,True,0,40.5
PID-02271,2025-06-05,1978-07-02,Cardiology,47.0,Male,10453,3,3,False,0,82.5
PID-02272,2025-03-26,1993-06-25,Emergency,32.0,Male,10453,1,1,True,0,57.8
PID-02273,2025-03-24,1986-07-26,Emergency,39.0,Female,10001,5,5,False,0,60.8
PID-02274,2025-06-15,1999-06-05,General Medicine,26.0,Female,10453,8,5,True,0,46.6
PID-02275,2025-12-30,1970-06-09,Emergency,56.0,Female,10002,7,5,True,1,77.6
PID-02276,2025-04-26,1991-07-13,General Medicine,34.0,Female,10452,9,9,True,0,47.1
PID-02277,2025-06-27,1974-11-08,General Medicine,51.0,Female,10002,2,2,True,1,86.6
PID-02278,2025-09-23,1945-08-07,Geriatrics,,Female,10451,8,8,True,0,67.8
PID-02279,2025-05-26,1948-03-08,Emergency,,Female,10451,8,8,False,0,53.0
PID-02280,2025-02-10,1970-07-29,General Medicine,55.0,Male,10002,6,6,True,0,42.6
PID-02281,2025-05-09,1971-03-04,Emergency,54.0,Male,10452,3,3,True,0,45.1
PID-02282,2025-04-11,1936-01-26,Cardiology,89.0,Male,10451,2,2,False,0,75.8
PID-02283,2025-11-22,1961-03-04,General Medicine,65.0,Male,10451,8,8,False,0,74.0
PID-02284,2025-10-10,1976-01-02,General Medicine,50.0,Male,10453,6,6,True,1,85.2
PID-02285,2025-05-21,1995-05-28,General Medicine,30.0,Male,10453,4,4,True,0,44.2
PID-02286,2025-03-06,1961-12-30,Cardiology,63.0,Male,10453,5,5,True,0,39.9
PID-02287,2025-11-17,1955-08-22,Emergency,70.0,Unknown,10453,5,5,True,1,82.1
PID-02288,2025-06-05,1981-06-27,General Medicine,44.0,Male,10002,9,9,True,0,30.5
PID-02289,2025-11-11,1964-11-24,Emergency,61.0,Female,10002,9,7,True,0,56.3
PID-02290,2025-10-01,1977-01-16,Emergency,49.0,Male,10002,8,8,False,1,93.9
PID-02291,2025-02-17,1973-06-27,General Medicine,52.0,Female,10453,8,6,False,1,91.3
PID-02292,2025-09-15,2007-06-24,General Medicine,18.0,Male,10001,2,2,True,0,52.0
PID-02293,2025-11-25,1973-06-12,Emergency,52.0,Male,10002,3,3,True,0,41.7
PID-02294,2025-03-28,1952-07-19,Geriatrics,73.0,Female,10001,8,5,False,1,100.0
PID-02295,2025-10-31,1982-01-14,General Medicine,44.0,Male,10002,5,5,True,0,43.9
PID-02296,2025-10-25,1970-04-05,Emergency,56.0,Male,10002,7,7,True,0,33.0
PID-02297,2025-03-20,1983-01-25,General Medicine,42.0,Male,10452,8,8,True,0,49.9
PID-02298,2025-03-29,1963-03-12,General Medicine,62.0,Male,10001,6,6,True,0,72.7
PID-02299,2025-12-04,1973-09-08,Emergency,52.0,Male,10451,5,5,False,0,70.3
PID-02300,2025-11-16,1987-03-18,General Medicine,39.0,Male,10453,8,8,False,0,63.0
PID-02301,2025-11-06,1947-05-04,Geriatrics,,Female,10452,1,1,True,0,60.5
PID-02302,2025-06-22,1953-07-13,Geriatrics,72.0,Female,10001,1,1,True,1,75.1
PID-02303,2025-10-16,1981-03-23,Emergency,45.0,Female,10453,1,1,False,0,64.6
PID-02304,2025-01-22,1960-08-04,Emergency,64.0,Male,10452,3,3,True,0,46.2
PID-02305,2025-01-15,1959-09-14,Emergency,65.0,Female,10001,10,8,True,0,45.0
PID-02306,2025-02-11,1958-06-28,General Medicine,67.0,Male,10452,6,6,False,0,77.4
PID-02307,2025-01-24,2000-02-04,Emergency,25.0,Male,10452,6,6,True,0,56.2
PID-02308,2025-11-25,1951-09-28,Geriatrics,74.0,Female,10451,5,5,False,0,76.3
PID-02309,2025-10-23,1981-03-29,General Medicine,45.0,Male,10001,7,7,True,1,72.3
PID-02310,2025-05-16,1976-09-21,General Medicine,49.0,Male,10451,5,5,False,1,77.7
PID-02311,2025-11-30,1930-09-06,General Medicine,95.0,Female,10452,2,2,False,0,68.1
PID-02312,2025-04-18,1963-11-13,Cardiology,61.0,Female,10002,4,4,True,0,50.7
PID-02313,2025-10-20,1976-11-10,Emergency,49.0,Female,10452,1,1,False,0,80.3
PID-02314,2025-08-02,2008-01-19,Emergency,18.0,Female,10002,7,7,True,0,48.3
PID-02315,2025-11-13,1944-07-21,Geriatrics,,Unknown,10451,4,4,True,1,84.3
PID-02316,2025-11-24,1994-12-16,General Medicine,31.0,Male,10002,4,4,True,0,37.2
PID-02317,2025-01-16,1987-08-23,Emergency,37.0,Male,10002,4,4,True,0,42.6
PID-02318,2025-09-12,1975-11-25,Cardiology,50.0,Male,10453,3,3,False,0,72.1
PID-02319,2025-11-18,1944-12-04,Geriatrics,81.0,Male,10452,8,8,True,0,70.8
PID-02320,2025-10-07,1956-12-24,Emergency,69.0,Male,10002,4,4,True,0,61.8
PID-02321,2025-05-29,1972-08-19,Emergency,53.0,Female,10451,8,8,False,1,93.8
PID-02322,2025-11-25,1964-12-29,Emergency,61.0,Female,10452,9,7,True,0,52.3
PID-02323,2025-06-04,1980-07-13,Emergency,45.0,Female,10453,1,1,True,0,40.9
PID-02324,2025-09-05,1967-06-06,Emergency,58.0,Male,10452,4,4,True,0,41.6
PID-02325,2025-05-06,1968-05-23,Cardiology,57.0,Female,10451,6,4,True,0,47.9
PID-02326,2025-12-17,1952-11-02,Geriatrics,73.0,Female,10453,8,8,True,0,49.6
PID-02327,2025-07-27,1952-02-15,Geriatrics,73.0,Female,10452,6,6,False,1,100.0
PID-02328,2025-06-02,1961-09-30,Cardiology,64.0,Male,10001,6,6,True,0,58.5
PID-02329,2025-08-21,1976-10-01,General Medicine,49.0,Female,10451,10,8,False,0,67.5
PID-02330,2025-02-07,1956-05-22,General Medicine,69.0,Male,10451,4,4,True,0,66.8
PID-02331,2025-12-19,1972-03-29,General Medicine,54.0,Male,10452,9,9,True,0,63.4
PID-02332,2025-01-31,1989-03-12,Emergency,36.0,Male,10001,7,7,True,0,53.6
PID-02333,2025-03-22,1977-07-22,Emergency,48.0,Female,10451,6,6,True,0,58.1
PID-02334,2025-08-14,1969-02-03,Geriatrics,57.0,Female,10002,1,1,True,0,49.3
PID-02335,2025-08-01,1953-03-16,Cardiology,72.0,Male,10001,2,2,True,0,68.1
PID-02336,2025-09-05,1973-05-22,Emergency,52.0,Male,10002,6,6,True,0,48.9
PID-02337,2025-08-26,1991-06-05,General Medicine,34.0,Male,10452,1,1,True,0,43.7
PID-02338,2025-04-15,1968-08-21,General Medicine,57.0,Male,10002,5,5,True,0,56.2
PID-02339,2025-06-24,1967-09-08,Cardiology,58.0,Male,10451,1,1,True,0,52.0
PID-02340,2025-11-07,1966-08-03,General Medicine,59.0,Male,10451,3,3,True,0,57.0
PID-02341,2025-03-15,1953-03-16,Geriatrics,72.0,Female,10451,7,5,False,0,73.3
PID-02342,2025-06-10,1951-03-02,Geriatrics,74.0,Male,10451,5,5,False,1,100.0
PID-02343,2025-06-13,1980-06-30,Emergency,45.0,Male,10001,10,10,True,0,58.5
PID-02344,2025-06-26,1981-08-07,Emergency,44.0,Male,10002,1,1,True,0,46.0
PID-02345,2025-07-24,1988-11-09,General Medicine,37.0,Female,10453,1,1,False,0,77.2
PID-02346,2025-03-08,1956-09-09,General Medicine,68.0,Female,10451,8,8,False,0,94.2
PID-02347,2025-07-09,1943-08-14,Geriatrics,82.0,Female,10452,9,7,False,0,74.7
PID-02348,2025-09-21,1975-06-01,Cardiology,50.0,Male,10451,7,7,False,0,72.4
PID-02349,2025-10-15,1974-12-10,General Medicine,51.0,Female,10001,3,3,True,0,65.8
PID-02350,2025-02-24,1943-05-29,General Medicine,82.0,Male,10452,6,6,False,0,67.1
PID-02351,2025-06-13,1960-11-04,General Medicine,65.0,Female,10001,3,3,True,1,78.6
PID-02352,2025-05-04,1962-05-26,General Medicine,63.0,Female,10453,10,7,True,0,56.2
PID-02353,2025-08-27,1991-04-17,Cardiology,34.0,Female,10002,4,4,True,0,50.2
PID-02354,2025-03-04,1957-03-11,Emergency,68.0,Female,10451,4,4,True,1,100.0
PID-02355,2025-05-17,1986-02-11,General Medicine,39.0,Female,10001,3,3,False,0,74.4
PID-02356,2025-08-19,1990-07-04,Emergency,35.0,Male,10453,10,10,False,1,100.0
PID-02357,2025-05-07,1976-10-09,Emergency,49.0,Female,10453,6,6,False,0,77.5
PID-02358,2025-03-14,1980-07-06,General Medicine,45.0,Male,10001,5,5,True,0,63.5
PID-02359,2025-02-19,1973-08-04,Cardiology,52.0,Female,10002,9,7,True,0,51.6
PID-02360,2025-01-26,1994-11-27,Emergency,30.0,Male,10001,9,9,True,0,38.3
PID-02361,2025-05-29,1951-12-16,Geriatrics,73.0,Male,10452,3,3,False,0,84.9
PID-02362,2025-07-16,1949-12-18,Geriatrics,,Male,10002,9,9,True,0,44.8
PID-02363,2025-11-12,2006-03-18,Emergency,20.0,Male,10451,3,3,True,0,47.0
PID-02364,2025-08-03,1952-07-18,Emergency,73.0,Female,10001,4,4,True,0,55.8
PID-02365,2025-05-08,1984-10-08,Emergency,41.0,Female,10452,1,1,False,1,91.5
PID-02366,2025-03-23,1954-08-07,Geriatrics,71.0,Male,10451,5,5,True,0,71.4
PID-02367,2025-06-17,1971-05-11,General Medicine,54.0,Male,10452,9,9,True,0,49.8
PID-02368,2025-10-23,1969-10-03,Cardiology,56.0,Female,10452,2,2,True,0,68.5
PID-02369,2025-06-10,1973-09-07,Emergency,52.0,Male,10001,4,4,True,0,49.4
PID-02370,2025-04-08,1947-10-11,General Medicine,77.0,Female,10451,10,7,False,1,85.8
PID-02371,2025-03-23,1991-11-19,Emergency,33.0,Female,10452,2,2,False,0,64.7
PID-02372,2025-09-13,1959-05-14,General Medicine,66.0,Female,10451,8,8,False,0,87.7
PID-02373,2025-09-21,1950-05-03,Geriatrics,75.0,Female,10001,9,6,True,0,47.9
PID-02374,2025-08-28,1957-03-08,General Medicine,68.0,Male,10452,3,3,False,0,76.8
PID-02375,2025-09-13,1930-03-20,Geriatrics,95.0,Female,10453,9,7,False,0,87.3
PID-02376,2025-06-07,1979-04-21,General Medicine,46.0,Male,10453,6,6,False,0,67.2
PID-02377,2025-09-12,1952-04-30,Emergency,73.0,Male,10452,6,6,False,0,75.0
PID-02378,2025-01-12,1971-01-11,General Medicine,54.0,Female,10451,7,4,True,0,61.3
PID-02379,2025-02-16,1947-03-10,Geriatrics,78.0,Male,10002,5,5,True,1,83.0
PID-02380,2025-07-21,1970-08-01,Cardiology,55.0,Female,10001,6,6,True,0,40.6
PID-02381,2025-09-16,1976-12-04,Emergency,49.0,Female,10451,1,1,False,0,77.5
PID-02382,2025-08-23,1946-03-14,Cardiology,79.0,Female,10001,3,3,True,1,95.2
PID-02383,2025-05-04,1978-02-01,Emergency,47.0,Female,10002,9,7,True,1,76.6
PID-02384,2025-04-21,1995-09-09,General Medicine,30.0,Male,10453,5,5,False,0,64.8
PID-02385,2025-10-26,1979-08-30,Emergency,46.0,Male,10453,5,5,False,0,62.0
PID-02386,2025-06-30,1958-03-13,General Medicine,67.0,Female,10453,8,5,True,0,55.0
PID-02387,2025-01-25,1944-05-18,Geriatrics,,Male,10001,2,2,True,0,48.7
PID-02388,2025-01-26,1967-06-09,Cardiology,58.0,Female,10453,7,4,True,0,45.6
PID-02389,2025-05-25,1945-11-30,Cardiology,,Female,10001,9,7,True,0,64.9
PID-02390,2025-09-11,1994-07-15,General Medicine,31.0,Female,10451,7,4,True,0,56.6
PID-02391,2025-11-02,1978-03-13,Emergency,48.0,Male,10452,5,5,True,0,50.2
PID-02392,2025-12-01,1975-10-10,General Medicine,50.0,Male,10451,6,6,True,0,53.4
PID-02393,2025-12-11,1973-01-02,General Medicine,53.0,Male,10453,4,4,False,0,67.9
PID-02394,2025-08-29,1968-03-12,General Medicine,57.0,Male,10002,7,7,True,0,43.4
PID-02395,2025-05-27,1956-12-29,Emergency,68.0,Female,10451,1,1,False,0,76.9
PID-02396,2025-10-02,1978-08-06,Emergency,47.0,Male,10001,4,4,True,0,60.1
PID-02397,2025-01-05,1966-11-07,General Medicine,58.0,Male,10453,3,3,True,0,29.5
PID-02398,2025-02-25,1970-04-29,General Medicine,55.0,Male,10451,4,4,False,0,59.7
PID-02399,2025-08-09,1986-10-15,Emergency,39.0,Female,10452,1,1,False,0,65.7
PID-02400,2025-03-10,1972-06-25,Cardiology,53.0,Female,10452,2,2,False,1,85.0
PID-02401,2025-05-16,1972-01-02,General Medicine,53.0,Male,10452,9,9,False,0,73.9
PID-02402,2025-07-07,1972-08-24,General Medicine,53.0,Male,10451,7,7,False,0,56.2
PID-02403,2025-07-26,1969-07-20,Cardiology,56.0,Male,10002,6,6,False,0,80.8
PID-02404,2025-07-07,1968-06-17,Geriatrics,57.0,Male,10452,2,2,True,0,67.6
PID-02405,2025-01-24,1977-04-21,Cardiology,48.0,Female,10453,1,1,False,0,72.2
PID-02406,2025-07-25,1947-01-29,Geriatrics,78.0,Female,10453,2,2,False,0,74.4
PID-02407,2025-01-27,1990-08-21,General Medicine,34.0,Male,10001,7,7,False,0,78.3
PID-02408,2025-10-19,1982-10-31,General Medicine,43.0,Male,10001,2,2,True,0,47.5
PID-02409,2025-10-15,1930-10-30,Cardiology,95.0,Unknown,10451,3,3,False,0,72.3
PID-02410,2025-04-10,1988-02-18,General Medicine,37.0,Male,10452,8,8,True,0,50.5
PID-02411,2025-07-05,1994-04-28,Cardiology,31.0,Female,10002,7,4,False,0,55.8
PID-02412,2025-10-11,1957-03-25,Cardiology,69.0,Male,10452,9,9,False,1,98.3
PID-02413,2025-05-28,2007-10-23,Emergency,18.0,Female,10453,4,4,False,0,63.1
PID-02414,2025-02-07,1973-12-07,General Medicine,51.0,Male,10451,7,7,False,0,69.1
PID-02415,2025-07-17,1931-11-18,Geriatrics,,Female,10002,1,1,True,0,45.7
PID-02416,2025-09-16,1997-09-17,Emergency,28.0,Non-Binary,10453,2,2,False,0,61.7
PID-02417,2025-08-19,2005-06-15,General Medicine,20.0,Male,10451,7,7,False,0,65.4
PID-02418,2025-10-09,1996-08-14,Emergency,29.0,Male,10451,2,2,False,0,74.3
PID-02419,2025-05-24,1953-08-25,Emergency,72.0,Male,10002,6,6,True,0,60.0
PID-02420,2025-11-16,1949-12-22,General Medicine,76.0,Male,10451,10,10,True,0,74.7
PID-02421,2025-12-15,1979-12-18,Emergency,46.0,Male,10452,9,9,True,0,41.9
PID-02422,2025-11-09,1957-07-03,Cardiology,68.0,Male,10451,5,5,False,1,100.0
PID-02423,2025-03-02,1943-11-09,General Medicine,81.0,Female,10002,10,10,True,0,67.9
PID-02424,2025-03-07,1937-06-30,Cardiology,88.0,Male,10452,7,7,False,0,81.6
PID-02425,2025-02-19,1973-12-02,Geriatrics,51.0,Male,10002,1,1,True,0,51.3
PID-02426,2025-07-21,2007-11-27,Emergency,18.0,Female,10002,8,5,True,0,52.4
PID-02427,2025-07-11,1984-06-14,Emergency,41.0,Male,10452,9,9,True,0,41.5
PID-02428,2025-06-23,1977-10-27,General Medicine,48.0,Female,10453,5,5,False,0,78.6
PID-02429,2025-10-13,1974-10-28,General Medicine,51.0,Male,10002,6,6,True,0,50.7
PID-02430,2025-07-07,1973-03-25,General Medicine,52.0,Female,10001,8,8,True,0,39.2
PID-02431,2025-03-15,1948-10-14,Emergency,76.0,Female,10452,4,4,False,0,90.7
PID-02432,2025-04-12,1947-09-04,Emergency,78.0,Female,10452,2,2,False,0,79.0
PID-02433,2025-11-05,1973-12-01,General Medicine,52.0,Unknown,10451,10,10,False,0,70.5
PID-02434,2025-09-18,1950-06-19,Geriatrics,75.0,Male,10001,8,8,False,0,57.4
PID-02435,2025-07-25,1963-05-31,General Medicine,62.0,Non-Binary,10001,2,2,True,0,49.3
PID-02436,2025-09-14,1968-08-20,Cardiology,57.0,Male,10452,5,5,True,0,61.4
PID-02437,2025-01-21,1952-09-21,Emergency,72.0,Male,10451,6,6,True,0,54.4
PID-02438,2025-01-24,1967-12-25,Emergency,57.0,Male,10453,5,5,True,0,38.4
PID-02439,2025-01-20,1932-03-19,General Medicine,93.0,Female,10451,6,6,True,0,64.1
PID-02440,2025-03-12,1994-10-27,Emergency,30.0,Male,10452,6,6,False,0,54.3
PID-02441,2025-06-20,1979-08-16,General Medicine,46.0,Female,10453,3,3,False,0,75.4
PID-02442,2025-08-31,1972-05-23,Geriatrics,53.0,Female,10001,3,3,True,0,48.2
PID-02443,2025-09-23,1963-01-01,Cardiology,63.0,Female,10451,9,7,False,0,70.7
PID-02444,2025-08-22,1947-06-18,Cardiology,78.0,Female,10001,3,3,True,0,81.3
PID-02445,2025-03-18,1970-03-03,General Medicine,55.0,Male,10002,3,3,True,0,52.3
PID-02446,2025-11-07,1996-04-03,Emergency,30.0,Male,10001,2,2,True,0,38.0
PID-02447,2025-09-21,1954-09-28,Geriatrics,71.0,Male,10001,7,7,True,0,61.0
PID-02448,2025-03-13,1956-05-26,General Medicine,69.0,Male,10453,10,10,False,0,86.7
PID-02449,2025-06-17,2003-12-25,Emergency,21.0,Male,10452,10,10,True,0,31.8
PID-02450,2025-11-10,1970-07-12,Cardiology,55.0,Male,10453,4,4,False,0,69.9
PID-02451,2025-06-13,1998-05-05,Emergency,27.0,Male,10451,1,1,False,0,54.4
PID-02452,2025-03-25,1981-02-11,Emergency,44.0,Non-Binary,10451,6,6,False,0,70.2
PID-02453,2025-07-21,1986-04-03,Emergency,39.0,Female,10001,5,2,True,0,63.9
PID-02454,2025-11-12,1955-11-18,Geriatrics,70.0,Male,10451,2,2,True,1,81.1
PID-02455,2025-06-03,1967-02-26,Emergency,58.0,Female,10451,6,3,True,0,50.7
PID-02456,2025-10-31,1993-05-09,Emergency,32.0,Male,10001,1,1,True,0,52.5
PID-02457,2025-06-22,1954-08-22,Geriatrics,71.0,Male,10452,3,3,True,0,63.1
PID-02458,2025-09-17,1995-12-19,Emergency,30.0,Female,10002,4,4,True,0,51.3
PID-02459,2025-09-18,1964-04-12,Geriatrics,61.0,Female,10451,3,3,False,1,76.9
PID-02460,2025-09-30,1984-04-21,General Medicine,41.0,Male,10451,6,6,True,0,51.7
PID-02461,2025-09-08,1977-01-27,General Medicine,49.0,Unknown,10453,4,4,False,0,64.3
PID-02462,2025-12-29,1960-09-07,General Medicine,65.0,Female,10001,1,1,False,0,59.7
PID-02463,2025-10-16,1960-08-08,General Medicine,65.0,Female,10451,5,3,False,0,71.8
PID-02464,2025-06-03,1945-10-03,Emergency,,Female,10451,5,5,False,1,100.0
PID-02465,2025-09-01,1971-05-02,Cardiology,54.0,Female,10001,9,9,True,0,34.1
PID-02466,2025-01-09,1963-09-07,General Medicine,61.0,Male,10452,8,8,False,0,66.4
PID-02467,2025-07-08,1977-05-12,Emergency,48.0,Male,10002,8,8,True,0,62.1
PID-02468,2025-06-19,1966-07-04,Cardiology,59.0,Male,10001,5,5,True,1,63.7
PID-02469,2025-12-11,1962-08-30,General Medicine,63.0,Male,10001,8,8,True,0,51.5
PID-02470,2025-02-26,1971-07-08,General Medicine,54.0,Female,10453,10,7,True,0,39.2
PID-02471,2025-08-02,2002-06-17,Emergency,23.0,Male,10001,7,7,True,0,64.8
PID-02472,2025-10-26,1965-01-24,Cardiology,61.0,Non-Binary,10451,1,1,True,1,81.3
PID-02473,2025-06-07,1963-07-01,Cardiology,62.0,Female,10001,7,7,False,0,62.5
PID-02474,2025-12-19,1982-11-23,Emergency,43.0,Female,10001,8,8,True,0,51.9
PID-02475,2025-11-19,1994-04-13,Cardiology,32.0,Female,10002,3,3,True,1,62.7
PID-02476,2025-01-14,1942-09-11,Geriatrics,82.0,Female,10451,9,6,True,0,43.7
PID-02477,2025-11-02,1962-03-07,Cardiology,64.0,Male,10002,8,8,True,0,49.1
PID-02478,2025-08-31,1974-03-15,Cardiology,51.0,Female,10001,2,2,True,0,43.2
PID-02479,2025-05-16,1990-01-12,Emergency,35.0,Male,10453,6,6,True,1,76.8
PID-02480,2025-12-02,1984-11-18,General Medicine,41.0,Female,10451,4,4,False,0,54.9
PID-02481,2025-10-24,1946-11-07,Geriatrics,,Male,10001,3,3,True,0,55.0
PID-02482,2025-10-23,1967-08-12,Emergency,58.0,Female,10451,6,6,False,0,83.8
PID-02483,2025-04-27,1978-11-29,Emergency,46.0,Female,10001,10,8,True,0,62.9
PID-02484,2025-01-27,1959-08-23,General Medicine,65.0,Male,10451,9,9,False,1,100.0
PID-02485,2025-10-26,1985-03-24,General Medicine,41.0,Male,10002,2,2,True,1,95.3
PID-02486,2025-09-03,1943-01-16,Emergency,83.0,Unknown,10001,10,10,True,0,56.4
PID-02487,2025-03-29,1945-06-06,Emergency,80.0,Female,10001,10,7,True,0,35.0
PID-02488,2025-09-26,1979-01-14,General Medicine,47.0,Female,10002,10,10,True,0,59.9
PID-02489,2025-11-19,1981-07-25,Emergency,44.0,Female,10453,5,5,True,0,40.0
PID-02490,2025-11-14,2007-06-23,General Medicine,18.0,Male,10001,6,6,True,0,68.5
PID-02491,2025-07-14,1997-01-10,General Medicine,29.0,Male,10001,4,4,True,0,50.7
PID-02492,2025-03-17,1994-07-01,General Medicine,31.0,Male,10451,7,7,False,0,84.7
PID-02493,2025-12-15,1967-07-11,Emergency,58.0,Female,10451,2,2,False,0,68.6
PID-02494,2025-05-05,1975-08-18,General Medicine,50.0,Male,10001,7,7,True,0,43.9
PID-02495,2025-01-17,1993-11-28,General Medicine,31.0,Female,10002,2,2,True,0,56.5
PID-02496,2025-10-21,1975-07-22,Emergency,50.0,Female,10002,1,1,True,0,54.4
PID-02497,2025-12-25,1961-01-25,Cardiology,65.0,Female,10001,5,5,False,0,59.7
PID-02498,2025-02-26,1960-02-08,General Medicine,65.0,Female,10002,2,2,False,0,69.7
PID-02499,2025-04-08,2003-11-25,General Medicine,21.0,Unknown,10001,8,8,False,0,64.8
PID-02500,2025-01-10,1971-09-18,General Medicine,53.0,Male,10452,8,8,False,1,96.8
PID-02501,2025-08-14,1994-06-28,Cardiology,31.0,Female,10453,1,1,True,0,49.7
PID-02502,2025-06-10,1953-08-29,Cardiology,72.0,Female,10452,4,4,False,0,81.2
PID-02503,2025-08-03,1955-10-18,Geriatrics,70.0,Female,10002,9,9,True,0,60.1
PID-02504,2025-03-19,1985-10-03,General Medicine,39.0,Female,10452,5,3,True,0,46.8
PID-02505,2025-07-31,1983-08-19,Emergency,42.0,Male,10451,10,10,True,0,53.2
PID-02506,2025-12-20,1979-01-17,General Medicine,47.0,Male,10453,6,6,False,0,63.2
PID-02507,2025-04-15,2006-12-26,General Medicine,18.0,Female,10452,3,3,True,0,64.8
PID-02508,2025-07-30,1963-02-14,Emergency,62.0,Male,10452,5,5,False,0,69.9
PID-02509,2025-09-14,1974-10-10,Emergency,51.0,Female,10002,1,1,True,0,57.6
PID-02510,2025-11-10,1952-09-29,General Medicine,73.0,Female,10451,8,8,True,1,80.2
PID-02511,2025-08-30,1989-09-03,Emergency,36.0,Male,10002,6,6,True,0,46.2
PID-02512,2025-02-01,1981-06-16,Cardiology,44.0,Female,10001,2,2,True,0,58.3
PID-02513,2025-12-28,1997-09-01,General Medicine,28.0,Male,10002,4,4,False,0,76.8
PID-02514,2025-03-12,1988-09-04,Emergency,37.0,Female,10451,4,4,False,0,68.9
PID-02515,2025-09-23,1991-05-14,Cardiology,34.0,Female,10451,9,9,True,0,33.9
PID-02516,2025-04-17,1952-01-27,Geriatrics,73.0,Female,10453,9,9,False,0,75.3
PID-02517,2025-10-15,1982-09-20,Emergency,43.0,Male,10002,5,5,True,0,49.2
PID-02518,2025-06-16,1967-10-10,Cardiology,58.0,Male,10001,3,3,True,1,68.9
PID-02519,2025-12-06,1977-01-05,General Medicine,49.0,Female,10453,1,1,False,0,58.6
PID-02520,2025-09-02,1993-01-29,Emergency,33.0,Female,10453,6,4,False,0,77.7
PID-02521,2025-09-27,1973-09-18,General Medicine,52.0,Female,10451,8,5,True,0,48.4
PID-02522,2025-07-12,1959-04-03,General Medicine,66.0,Male,10001,1,1,True,0,76.3
PID-02523,2025-06-10,1991-11-11,General Medicine,34.0,Male,10451,1,1,False,1,93.5
PID-02524,2025-03-30,1955-09-27,General Medicine,70.0,Male,10001,7,7,True,0,61.6
PID-02525,2025-08-24,1985-02-25,Emergency,40.0,Female,10453,7,7,True,0,44.7
PID-02526,2025-09-30,1978-06-17,Emergency,47.0,Male,10452,2,2,False,1,100.0
PID-02527,2025-06-25,1960-06-22,Emergency,65.0,Male,10002,3,3,True,0,47.3
PID-02528,2025-10-07,1982-02-08,General Medicine,44.0,Female,10453,2,2,True,0,48.2
PID-02529,2025-07-01,1969-08-06,General Medicine,56.0,Male,10452,6,6,True,1,66.4
PID-02530,2025-12-13,1976-05-27,Emergency,50.0,Unknown,10453,8,8,False,0,73.4
PID-02531,2025-12-15,1968-02-14,Geriatrics,58.0,Female,10453,8,5,True,0,47.0
PID-02532,2025-11-26,2007-10-17,General Medicine,18.0,Female,10001,1,1,True,0,41.3
PID-02533,2025-12-21,2002-06-26,General Medicine,23.0,Male,10001,9,9,False,0,69.6
PID-02534,2025-05-16,1958-01-15,Cardiology,67.0,Male,10451,8,8,False,0,86.5
PID-02535,2025-11-09,1951-10-20,General Medicine,74.0,Female,10453,9,9,False,0,94.8
PID-02536,2025-09-05,1986-04-19,Emergency,39.0,Female,10453,9,7,True,0,52.1
PID-02537,2025-04-09,1974-04-28,Emergency,51.0,Female,10451,6,4,True,0,45.0
PID-02538,2025-05-07,1964-04-22,Emergency,61.0,Male,10001,3,3,True,0,54.1
PID-02539,2025-05-23,1957-04-26,General Medicine,68.0,Female,10001,1,1,False,1,100.0
PID-02540,2025-10-13,2006-09-29,General Medicine,19.0,Female,10452,8,5,True,0,50.5
PID-02541,2025-06-02,1985-04-21,General Medicine,40.0,Female,10451,10,7,True,0,50.0
PID-02542,2025-04-26,1975-01-18,Cardiology,50.0,Female,10451,3,3,False,0,74.2
PID-02543,2025-06-02,1957-08-13,Cardiology,68.0,Female,10451,7,4,True,0,65.4
PID-02544,2025-05-28,1929-12-21,Geriatrics,,Female,10452,10,10,True,0,59.6
PID-02545,2025-12-27,1975-03-30,Cardiology,51.0,Male,10453,6,6,False,0,100.0
PID-02546,2025-04-17,1995-02-14,General Medicine,30.0,Female,10002,3,3,True,0,58.3
PID-02547,2025-12-20,1963-04-09,Emergency,63.0,Male,10002,6,6,True,0,31.3
PID-02548,2025-12-27,1947-03-22,Cardiology,,Male,10452,3,3,False,0,76.9
PID-02549,2025-09-08,1968-05-27,Cardiology,57.0,Male,10453,9,9,False,0,69.8
PID-02550,2025-06-12,1986-05-28,General Medicine,39.0,Male,10002,1,1,True,0,55.5
PID-02551,2025-09-03,1952-08-30,Geriatrics,73.0,Male,10002,8,8,True,0,76.5
PID-02552,2025-06-28,1958-05-27,Cardiology,67.0,Male,10002,5,5,True,0,53.5
PID-02553,2025-10-14,1989-01-24,General Medicine,37.0,Female,10002,4,4,True,0,60.4
PID-02554,2025-05-21,1963-06-24,General Medicine,62.0,Female,10001,1,1,True,0,51.8
PID-02555,2025-05-28,1951-12-17,Geriatrics,73.0,Male,10451,9,9,True,0,63.0
PID-02556,2025-03-04,1948-06-28,Cardiology,,Female,10002,9,9,True,0,70.7
PID-02557,2025-10-21,1972-02-11,Cardiology,54.0,Female,10452,5,3,False,0,55.0
PID-02558,2025-12-13,1977-06-06,Cardiology,49.0,Male,10001,9,9,True,0,54.8
PID-02559,2025-10-06,1948-02-28,Cardiology,78.0,Male,10001,10,10,True,0,74.9
PID-02560,2025-07-14,1991-02-14,Emergency,34.0,Female,10451,9,6,False,0,60.5
PID-02561,2025-07-22,1963-01-11,Cardiology,63.0,Female,10451,7,4,True,0,50.0
PID-02562,2025-06-26,1994-10-12,General Medicine,31.0,Female,10002,8,6,True,0,56.1
PID-02563,2025-03-16,1950-01-07,Emergency,75.0,Male,10453,1,1,False,0,62.4
PID-02564,2025-05-29,1973-12-25,Cardiology,51.0,Male,10001,4,4,True,0,53.0
PID-02565,2025-01-22,1946-12-11,Geriatrics,78.0,Male,10002,10,10,True,0,57.7
PID-02566,2025-05-28,1961-09-16,General Medicine,64.0,Male,10451,10,10,False,0,82.6
PID-02567,2025-02-10,1992-06-27,General Medicine,33.0,Male,10453,4,4,False,0,63.3
PID-02568,2025-06-27,1944-10-15,Geriatrics,,Male,10451,9,9,True,0,59.6
PID-02569,2025-08-15,1942-03-21,Geriatrics,83.0,Female,10002,3,3,True,0,52.8
PID-02570,2025-12-02,1954-11-01,Geriatrics,71.0,Female,10451,10,7,False,0,78.9
PID-02571,2025-05-12,1983-03-21,General Medicine,42.0,Male,10002,10,10,True,0,43.5
PID-02572,2025-09-03,1975-03-12,Cardiology,50.0,Female,10452,1,1,True,0,46.5
PID-02573,2025-04-20,1966-12-13,Emergency,58.0,Male,10002,5,5,True,0,39.7
PID-02574,2025-04-14,1982-03-09,Emergency,43.0,Male,10453,7,7,False,0,63.7
PID-02575,2025-10-03,1939-05-18,Geriatrics,86.0,Male,10002,4,4,True,0,53.2
PID-02576,2025-05-19,1967-08-16,General Medicine,58.0,Female,10453,9,7,False,0,65.9
PID-02577,2025-10-15,2007-08-25,Cardiology,18.0,Unknown,10002,6,6,True,1,74.0
PID-02578,2025-12-23,1963-10-05,General Medicine,62.0,Female,10453,6,6,True,1,48.9
PID-02579,2025-05-20,1976-04-13,General Medicine,49.0,Male,10002,3,3,True,0,51.3
PID-02580,2025-03-12,1970-12-01,Cardiology,54.0,Female,10002,10,8,False,1,100.0
PID-02581,2025-02-25,1976-01-07,Emergency,49.0,Male,10002,10,10,True,0,56.8
PID-02582,2025-11-12,1955-10-28,Geriatrics,70.0,Female,10453,5,3,False,0,72.2
PID-02583,2025-10-28,1949-10-27,Geriatrics,76.0,Female,10002,10,7,True,1,94.2
PID-02584,2025-05-03,1964-07-07,Emergency,61.0,Male,10002,6,6,True,1,67.7
PID-02585,2025-05-05,1976-07-29,Cardiology,49.0,Female,10001,4,4,True,0,52.6
PID-02586,2025-01-26,1969-12-21,General Medicine,55.0,Female,10453,3,3,True,1,53.3
PID-02587,2025-12-09,1969-08-02,Cardiology,56.0,Male,10002,5,5,True,0,55.5
PID-02588,2025-09-29,1985-03-25,General Medicine,41.0,Female,10002,7,7,True,0,50.0
PID-02589,2025-04-26,1959-01-02,Cardiology,66.0,Male,10453,6,6,True,1,86.2
PID-02590,2025-11-23,1961-09-09,General Medicine,64.0,Female,10453,2,2,False,1,95.2
PID-02591,2025-04-30,1942-06-29,Geriatrics,83.0,Female,10002,1,1,False,0,96.8
PID-02592,2025-01-27,1946-11-13,Geriatrics,78.0,Female,10453,5,5,False,0,87.9
PID-02593,2025-02-21,1982-04-06,Emergency,43.0,Female,10002,5,2,True,0,56.4
PID-02594,2025-07-31,1955-07-02,Geriatrics,70.0,Female,10001,6,4,False,0,85.0
PID-02595,2025-06-19,1987-03-13,Emergency,38.0,Male,10453,3,3,False,0,88.1
PID-02596,2025-08-30,1957-05-07,Cardiology,68.0,Female,10452,1,1,False,1,100.0
PID-02597,2025-02-21,1979-02-15,Cardiology,46.0,Male,10002,4,4,True,0,37.5
PID-02598,2025-12-15,1989-05-27,General Medicine,37.0,Female,10001,4,4,False,0,85.5
PID-02599,2025-03-12,1964-08-20,General Medicine,61.0,Male,10002,10,10,True,1,70.7
PID-02600,2025-01-03,2006-09-16,General Medicine,18.0,Male,10452,2,2,False,0,74.5
PID-02601,2025-10-09,2001-08-03,General Medicine,24.0,Female,10453,8,6,False,0,74.7
PID-02602,2025-03-22,1972-09-23,General Medicine,52.0,Male,10002,6,6,True,0,43.4
PID-02603,2025-07-28,1968-07-20,Emergency,57.0,Female,10453,3,3,False,0,57.3
PID-02604,2025-12-01,1977-04-03,General Medicine,49.0,Male,10002,1,1,True,0,59.6
PID-02605,2025-09-01,1998-05-08,General Medicine,27.0,Male,10452,3,3,False,0,81.4
PID-02606,2025-09-02,1984-06-28,General Medicine,41.0,Female,10001,8,8,True,0,55.7
PID-02607,2025-11-30,1962-06-11,Cardiology,63.0,Male,10451,4,4,True,0,53.6
PID-02608,2025-04-13,1959-09-01,Emergency,66.0,Male,10002,3,3,True,0,47.4
PID-02609,2025-05-28,1970-09-14,Emergency,55.0,Female,10453,4,4,False,0,67.0
PID-02610,2025-06-14,1949-03-17,Geriatrics,,Male,10002,4,4,True,0,70.9
PID-02611,2025-05-27,1962-07-04,General Medicine,63.0,Female,10002,2,2,True,0,43.0
PID-02612,2025-11-27,1983-10-01,Cardiology,42.0,Male,10453,4,4,False,0,71.2
PID-02613,2025-01-31,1974-11-09,Emergency,50.0,Male,10451,9,9,False,0,74.2
PID-02614,2025-02-15,1995-07-06,General Medicine,30.0,Female,10002,4,4,True,0,54.6
PID-02615,2025-11-30,1971-09-05,Cardiology,54.0,Male,10451,1,1,False,0,60.8
PID-02616,2025-10-21,1949-06-11,Geriatrics,76.0,Male,10453,1,1,False,0,78.9
PID-02617,2025-04-29,1957-09-11,Emergency,68.0,Male,10451,1,1,False,0,87.6
PID-02618,2025-10-01,1944-11-25,Geriatrics,,Male,10001,5,5,True,0,76.7
PID-02619,2025-01-20,1974-11-21,General Medicine,50.0,Female,10002,6,6,True,1,73.1
PID-02620,2025-03-31,1944-11-09,Emergency,80.0,Male,10453,6,6,False,0,83.7
PID-02621,2025-08-02,1973-02-24,General Medicine,52.0,Female,10001,6,6,True,0,39.6
PID-02622,2025-04-01,1942-10-22,Emergency,82.0,Female,10451,9,7,True,0,57.8
PID-02623,2025-01-19,1970-06-10,General Medicine,55.0,Male,10452,1,1,False,0,65.5
PID-02624,2025-07-23,1957-02-03,Cardiology,68.0,Female,10001,10,10,True,0,77.4
PID-02625,2025-09-11,1943-04-21,General Medicine,,Male,10002,6,6,True,0,66.6
PID-02626,2025-04-06,1972-12-31,Emergency,52.0,Non-Binary,10453,8,8,False,1,95.8
PID-02627,2025-05-29,1966-02-03,Emergency,59.0,Male,10001,8,8,True,0,32.9
PID-02628,2025-01-20,1946-02-11,Geriatrics,79.0,Female,10452,3,3,False,0,82.8
PID-02629,2025-01-05,1971-08-26,Geriatrics,53.0,Female,10453,5,3,False,0,72.9
PID-02630,2025-06-02,1993-11-02,Emergency,32.0,Male,10002,10,10,False,1,93.0
PID-02631,2025-10-18,1931-10-24,Geriatrics,94.0,Female,10002,4,4,True,0,60.4
PID-02632,2025-11-05,1978-08-05,Emergency,47.0,Female,10453,1,1,False,0,86.2
PID-02633,2025-02-24,1967-08-19,Geriatrics,58.0,Male,10452,9,9,True,0,58.5
PID-02634,2025-06-21,1949-04-22,Geriatrics,,Male,10001,5,5,True,0,52.0
PID-02635,2025-05-26,1980-04-04,General Medicine,45.0,Female,10002,2,2,True,0,67.6
PID-02636,2025-08-21,1988-05-31,General Medicine,37.0,Female,10452,2,2,False,0,62.9
PID-02637,2025-11-25,1965-09-26,Emergency,60.0,Non-Binary,10451,7,7,True,0,64.5
PID-02638,2025-10-06,2002-06-16,General Medicine,23.0,Female,10451,4,4,True,0,43.5
PID-02639,2025-09-26,1975-10-08,General Medicine,50.0,Female,10453,1,1,True,0,48.6
PID-02640,2025-09-10,1965-08-06,Emergency,60.0,Female,10451,5,3,True,1,56.0
PID-02641,2025-03-10,1974-03-11,Cardiology,51.0,Male,10453,2,2,False,0,74.7
PID-02642,2025-09-16,1997-10-16,General Medicine,28.0,Male,10452,7,7,False,0,52.3
PID-02643,2025-08-28,1941-09-29,Geriatrics,,Female,10001,9,7,False,0,81.9
PID-02644,2025-05-20,1968-08-23,Cardiology,57.0,Female,10452,1,1,True,0,46.1
PID-02645,2025-04-09,1944-09-18,Geriatrics,81.0,Male,10451,2,2,True,0,56.2
PID-02646,2025-02-27,1973-09-06,Cardiology,51.0,Male,10002,6,6,True,0,53.5
PID-02647,2025-06-19,1985-02-14,Emergency,40.0,Female,10002,8,8,True,0,57.4
PID-02648,2025-03-25,1965-04-19,Emergency,60.0,Female,10451,7,5,False,0,81.8
PID-02649,2025-08-23,1973-05-07,General Medicine,52.0,Male,10452,9,9,False,1,84.5
PID-02650,2025-11-28,1992-01-15,Emergency,34.0,Male,10453,2,2,False,0,67.2
PID-02651,2025-05-12,1943-10-09,Geriatrics,82.0,Male,10453,9,9,True,0,59.6
PID-02652,2025-04-06,1980-11-15,Emergency,44.0,Male,10002,4,4,True,0,55.4
PID-02653,2025-01-08,2002-11-08,Emergency,22.0,Male,10452,3,3,False,0,75.2
PID-02654,2025-06-22,1946-02-27,Emergency,79.0,Male,10001,7,7,True,0,52.4
PID-02655,2025-06-01,1979-09-04,Emergency,46.0,Female,10001,5,5,False,1,100.0
PID-02656,2025-10-18,1980-06-27,General Medicine,45.0,Male,10001,5,5,True,0,53.7
PID-02657,2025-12-12,2002-05-15,General Medicine,24.0,Female,10451,2,2,False,0,86.1
PID-02658,2025-04-09,1937-11-05,Emergency,87.0,Female,10001,6,6,False,0,82.9
PID-02659,2025-03-31,1993-05-01,General Medicine,32.0,Male,10002,6,6,True,0,32.0
PID-02660,2025-11-09,1968-06-23,Cardiology,57.0,Female,10002,4,4,True,0,42.6
PID-02661,2025-11-24,1954-05-10,Emergency,72.0,Male,10002,5,5,True,0,58.6
PID-02662,2025-07-27,1962-08-31,General Medicine,63.0,Female,10453,7,5,False,0,62.4
PID-02663,2025-08-07,1971-06-01,Geriatrics,54.0,Male,10453,8,8,False,0,62.1
PID-02664,2025-09-21,2001-02-06,General Medicine,25.0,Female,10452,6,3,False,1,100.0
PID-02665,2025-06-17,1984-10-11,General Medicine,41.0,Female,10451,5,3,True,0,38.8
PID-02666,2025-02-14,1965-11-29,General Medicine,59.0,Male,10452,3,3,False,0,65.2
PID-02667,2025-07-25,1984-12-13,General Medicine,41.0,Male,10452,7,7,False,0,70.6
PID-02668,2025-12-09,1967-01-17,General Medicine,59.0,Female,10452,8,5,False,1,83.2
PID-02669,2025-02-18,1957-04-10,General Medicine,68.0,Female,10001,3,3,True,0,58.5
PID-02670,2025-04-05,1952-07-27,Geriatrics,73.0,Male,10002,5,5,True,0,38.7
PID-02671,2025-03-13,1991-10-30,General Medicine,33.0,Female,10002,2,2,True,0,45.0
PID-02672,2025-09-02,1930-10-10,Cardiology,95.0,Male,10002,10,10,True,0,49.9
PID-02673,2025-06-15,1956-07-25,Cardiology,69.0,Female,10002,10,8,True,0,57.2
PID-02674,2025-05-08,1970-06-27,Emergency,55.0,Male,10452,4,4,True,0,49.5
PID-02675,2025-01-04,1950-06-27,Geriatrics,75.0,Female,10452,4,4,False,0,92.1
PID-02676,2025-05-14,1930-09-15,Cardiology,95.0,Male,10001,8,8,True,0,54.5
PID-02677,2025-07-16,1995-03-10,General Medicine,30.0,Male,10002,3,3,True,0,69.2
PID-02678,2025-05-01,1974-08-01,Cardiology,51.0,Male,10452,5,5,False,0,71.9
PID-02679,2025-08-17,2007-04-18,General Medicine,18.0,Male,10001,5,5,True,0,41.5
PID-02680,2025-05-17,1966-08-29,General Medicine,59.0,Female,10001,2,2,False,0,71.2
PID-02681,2025-06-18,1963-01-13,Cardiology,62.0,Male,10453,9,9,False,0,81.1
PID-02682,2025-06-04,1970-04-18,Emergency,55.0,Female,10451,4,4,False,0,60.4
PID-02683,2025-10-26,1981-10-17,Emergency,44.0,Male,10453,9,9,True,0,67.5
PID-02684,2025-10-21,2007-01-21,Cardiology,19.0,Male,10453,9,9,False,1,99.8
PID-02685,2025-01-06,1963-02-23,Emergency,62.0,Male,10453,2,2,False,0,59.7
PID-02686,2025-05-14,1942-11-18,Geriatrics,82.0,Male,10001,9,9,True,0,55.3
PID-02687,2025-12-01,1981-01-30,Emergency,45.0,Male,10001,9,9,True,0,46.3
PID-02688,2025-07-04,1962-04-28,Geriatrics,63.0,Male,10002,2,2,True,0,60.0
PID-02689,2025-12-21,1999-03-20,Emergency,27.0,Female,10001,6,4,True,0,39.4
PID-02690,2025-05-01,1961-01-31,Cardiology,64.0,Male,10451,9,9,True,0,63.9
PID-02691,2025-02-01,1977-07-15,General Medicine,48.0,Female,10452,4,4,True,0,60.3
PID-02692,2025-12-08,1983-12-14,Emergency,42.0,Female,10453,2,2,True,0,65.0
PID-02693,2025-03-02,1983-07-18,General Medicine,42.0,Male,10453,7,7,False,0,70.5
PID-02694,2025-08-27,1977-12-11,General Medicine,48.0,Male,10451,9,9,False,0,81.1
PID-02695,2025-06-07,1963-02-04,Cardiology,62.0,Non-Binary,10452,6,6,True,0,47.8
PID-02696,2025-03-23,1993-07-03,General Medicine,32.0,Female,10002,4,4,True,0,59.2
PID-02697,2025-07-27,1977-05-15,Cardiology,48.0,Female,10451,1,1,False,0,70.8
PID-02698,2025-12-18,1970-11-18,General Medicine,55.0,Male,10453,4,4,True,1,91.2
PID-02699,2025-09-15,1989-08-30,Emergency,36.0,Female,10001,3,3,True,1,77.4
PID-02700,2025-12-27,1938-02-24,Emergency,88.0,Female,10451,7,7,False,0,72.4
PID-02701,2025-06-09,1985-01-02,General Medicine,40.0,Female,10453,10,10,False,0,83.6
PID-02702,2025-12-20,1982-11-06,General Medicine,43.0,Unknown,10001,5,5,True,0,51.9
PID-02703,2025-03-02,1986-10-08,Emergency,38.0,Male,10453,3,3,True,1,70.2
PID-02704,2025-11-24,1938-02-27,Cardiology,88.0,Male,10001,2,2,True,0,54.7
PID-02705,2025-06-01,1960-08-13,Cardiology,65.0,Female,10453,2,2,False,0,62.0
PID-02706,2025-07-08,1986-03-16,General Medicine,39.0,Female,10002,5,2,False,0,57.1
PID-02707,2025-11-11,1950-11-16,General Medicine,75.0,Male,10001,8,8,True,1,81.2
PID-02708,2025-04-24,1966-09-25,General Medicine,59.0,Male,10001,8,8,True,0,51.8
PID-02709,2025-04-23,1964-11-26,Emergency,60.0,Male,10452,5,5,False,0,66.6
PID-02710,2025-03-10,1976-04-24,Emergency,49.0,Male,10453,2,2,False,1,61.0
PID-02711,2025-09-02,1984-01-02,Emergency,42.0,Female,10452,4,4,False,0,56.2
PID-02712,2025-03-20,1963-08-22,General Medicine,62.0,Female,10453,7,7,False,1,100.0
PID-02713,2025-08-21,1979-11-25,Emergency,46.0,Male,10453,6,6,True,0,49.0
PID-02714,2025-11-07,1937-09-11,Geriatrics,,Male,10001,10,10,True,0,44.6
PID-02715,2025-07-11,1992-06-17,General Medicine,33.0,Male,10452,7,7,False,0,66.8
PID-02716,2025-08-01,1942-05-31,Cardiology,83.0,Male,10002,5,5,True,0,61.1
PID-02717,2025-12-26,1973-01-21,Emergency,53.0,Female,10451,2,2,False,0,78.6
PID-02718,2025-10-09,1964-08-07,General Medicine,61.0,Unknown,10001,8,8,True,1,68.8
PID-02719,2025-08-30,1955-05-31,General Medicine,70.0,Female,10002,2,2,True,0,65.7
PID-02720,2025-10-03,1981-12-03,General Medicine,44.0,Male,10452,8,8,False,0,69.8
PID-02721,2025-12-07,1954-11-24,Geriatrics,71.0,Female,10002,7,5,True,0,56.7
PID-02722,2025-04-22,2006-11-05,General Medicine,18.0,Female,10452,3,3,False,0,77.9
PID-02723,2025-05-07,1982-04-19,General Medicine,43.0,Female,10453,4,4,False,1,86.5
PID-02724,2025-12-15,1986-10-15,General Medicine,39.0,Male,10001,7,7,True,0,58.5
PID-02725,2025-11-02,1992-12-18,General Medicine,33.0,Male,10452,4,4,False,0,59.7
PID-02726,2025-02-11,1973-05-28,General Medicine,52.0,Male,10452,9,9,True,0,44.8
PID-02727,2025-09-27,1963-06-29,Cardiology,62.0,Male,10001,7,7,True,0,46.5
PID-02728,2025-08-17,1957-07-06,General Medicine,68.0,Male,10452,1,1,False,1,100.0
PID-02729,2025-09-28,1966-03-21,Cardiology,60.0,Male,10002,1,1,True,0,27.1
PID-02730,2025-12-27,1982-01-29,General Medicine,44.0,Female,10002,4,4,True,1,75.9
PID-02731,2025-07-05,1963-05-18,Cardiology,62.0,Female,10001,9,7,True,1,58.6
PID-02732,2025-02-09,1967-01-26,Emergency,58.0,Male,10451,4,4,True,0,51.5
PID-02733,2025-10-16,1953-05-02,Emergency,72.0,Male,10451,5,5,False,1,100.0
PID-02734,2025-02-27,1956-03-18,Cardiology,69.0,Female,10002,1,1,True,0,68.8
PID-02735,2025-02-01,1968-11-02,Emergency,56.0,Female,10001,2,2,True,0,38.0
PID-02736,2025-10-08,1986-04-23,Emergency,39.0,Female,10453,4,4,False,0,72.1
PID-02737,2025-09-16,1982-02-22,General Medicine,44.0,Unknown,10453,4,4,False,1,94.6
PID-02738,2025-04-14,1979-08-24,Cardiology,46.0,Female,10451,10,8,False,0,64.9
PID-02739,2025-10-21,1975-07-22,Cardiology,50.0,Non-Binary,10002,6,6,True,1,65.3
PID-02740,2025-10-02,1965-05-09,Geriatrics,60.0,Male,10001,6,6,True,0,50.7
PID-02741,2025-03-18,1957-03-17,Emergency,68.0,Male,10453,8,8,False,0,92.0
PID-02742,2025-03-26,1970-02-14,Emergency,55.0,Male,10001,9,9,True,0,47.8
PID-02743,2025-06-17,1969-02-05,Cardiology,56.0,Male,10001,1,1,True,0,61.3
PID-02744,2025-09-24,1967-04-25,Cardiology,58.0,Male,10451,1,1,False,0,80.3
PID-02745,2025-08-15,1979-09-26,Cardiology,46.0,Female,10452,6,6,True,1,55.7
PID-02746,2025-03-01,1986-03-11,General Medicine,39.0,Female,10451,4,4,False,0,62.3
PID-02747,2025-12-15,2002-01-26,Emergency,24.0,Female,10001,4,4,True,1,70.1
PID-02748,2025-04-16,1982-05-31,General Medicine,43.0,Male,10452,1,1,False,1,100.0
PID-02749,2025-10-26,1962-03-05,Emergency,64.0,Female,10452,9,7,False,0,69.8
PID-02750,2025-09-08,1982-10-29,General Medicine,43.0,Female,10452,3,3,True,0,61.6
PID-02751,2025-02-16,1973-09-15,General Medicine,51.0,Male,10002,5,5,False,1,93.8
PID-02752,2025-09-19,1961-05-23,Cardiology,64.0,Female,10452,10,7,False,0,81.9
PID-02753,2025-08-17,1960-07-28,General Medicine,65.0,Male,10451,1,1,False,0,74.1
PID-02754,2025-01-29,1988-12-04,Emergency,36.0,Male,10451,8,8,False,0,69.1
PID-02755,2025-08-21,1952-03-09,Geriatrics,73.0,Female,10451,3,3,True,1,95.6
PID-02756,2025-03-09,1949-05-05,General Medicine,76.0,Male,10002,1,1,True,0,55.5
PID-02757,2025-09-20,1990-04-10,General Medicine,35.0,Male,10002,10,10,True,0,68.2
PID-02758,2025-08-01,1984-04-02,Emergency,41.0,Female,10001,6,6,True,0,36.8
PID-02759,2025-08-22,1948-11-11,Emergency,77.0,Female,10002,1,1,True,0,56.1
PID-02760,2025-10-16,1972-07-22,Cardiology,53.0,Male,10451,3,3,False,0,70.9
PID-02761,2025-01-30,2007-02-08,Cardiology,18.0,Male,10452,5,5,True,1,68.3
PID-02762,2025-10-14,1995-05-02,General Medicine,30.0,Male,10001,4,4,True,0,53.5
PID-02763,2025-08-25,1974-03-06,General Medicine,51.0,Female,10453,7,7,True,0,48.9
PID-02764,2025-12-11,1991-03-10,Emergency,35.0,Male,10002,6,6,True,0,53.0
PID-02765,2025-06-07,1977-06-27,Emergency,48.0,Male,10002,3,3,True,0,42.0
PID-02766,2025-01-12,1968-10-04,General Medicine,56.0,Female,10001,8,8,True,0,40.9
PID-02767,2025-07-22,1944-01-14,General Medicine,82.0,Female,10452,8,8,False,0,79.7
PID-02768,2025-05-11,1974-11-29,Emergency,50.0,Male,10452,2,2,True,0,56.6
PID-02769,2025-01-02,1950-06-28,Geriatrics,,Female,10453,7,7,False,0,96.6
PID-02770,2025-04-22,1944-09-15,Cardiology,81.0,Female,10002,1,1,True,0,43.6
PID-02771,2025-10-24,1945-04-16,Cardiology,81.0,Male,10002,2,2,False,0,78.2
PID-02772,2025-02-07,1964-01-09,Geriatrics,61.0,Male,10452,8,8,False,0,74.0
PID-02773,2025-01-24,2005-06-03,Emergency,20.0,Female,10452,1,1,True,0,53.3
PID-02774,2025-08-05,1961-05-09,Cardiology,64.0,Male,10453,2,2,True,0,39.0
PID-02775,2025-06-26,1951-11-01,Geriatrics,74.0,Female,10002,1,1,True,0,53.5
PID-02776,2025-12-25,1971-07-09,Geriatrics,54.0,Male,10452,5,5,False,0,69.9
PID-02777,2025-02-02,1937-12-17,Geriatrics,,Male,10001,7,7,True,0,84.2
PID-02778,2025-10-05,1954-10-07,Geriatrics,71.0,Male,10451,6,6,False,0,88.5
PID-02779,2025-01-31,1959-04-10,Cardiology,66.0,Male,10001,6,6,True,0,63.2
PID-02780,2025-02-05,1950-03-13,Geriatrics,75.0,Male,10452,6,6,True,0,35.8
PID-02781,2025-08-30,1963-10-22,General Medicine,62.0,Male,10452,8,8,False,0,58.1
PID-02782,2025-01-17,2007-04-10,General Medicine,18.0,Female,10001,5,3,False,0,58.9
PID-02783,2025-05-27,1978-11-07,Emergency,47.0,Unknown,10002,10,10,True,0,53.2
PID-02784,2025-07-29,1949-01-13,Emergency,77.0,Female,10002,7,5,True,0,58.8
PID-02785,2025-04-03,1983-11-18,Emergency,41.0,Female,10002,3,3,False,0,64.3
PID-02786,2025-03-11,1974-07-23,General Medicine,51.0,Male,10001,9,9,True,0,53.0
PID-02787,2025-11-25,1989-04-25,Emergency,37.0,Non-Binary,10002,10,10,True,0,36.4
PID-02788,2025-11-27,1937-07-26,General Medicine,88.0,Male,10452,3,3,True,1,77.7
PID-02789,2025-08-04,1939-03-02,Geriatrics,86.0,Female,10002,6,4,True,0,59.4
PID-02790,2025-07-11,1985-09-18,Emergency,40.0,Unknown,10002,3,3,True,0,66.8
PID-02791,2025-07-15,1967-03-12,General Medicine,58.0,Female,10453,1,1,False,0,78.1
PID-02792,2025-08-18,1982-03-26,Emergency,43.0,Unknown,10001,1,1,True,0,53.9
PID-02793,2025-07-13,1958-11-09,General Medicine,67.0,Female,10452,3,3,False,0,76.4
PID-02794,2025-07-12,1960-11-08,General Medicine,65.0,Male,10451,4,4,False,0,69.8
PID-02795,2025-02-11,1955-06-28,Cardiology,70.0,Male,10453,2,2,False,0,90.9
PID-02796,2025-12-16,1964-08-09,General Medicine,61.0,Female,10002,9,7,True,0,66.4
PID-02797,2025-12-05,1931-03-30,Geriatrics,95.0,Male,10452,8,8,True,0,57.8
PID-02798,2025-10-04,1988-09-22,General Medicine,37.0,Female,10001,3,3,True,0,54.1
PID-02799,2025-03-10,1999-10-06,Emergency,25.0,Unknown,10453,7,7,False,0,78.2
PID-02800,2025-12-01,1977-07-03,General Medicine,48.0,Male,10002,4,4,True,1,78.7
PID-02801,2025-06-28,1998-03-12,Emergency,27.0,Female,10451,5,5,True,0,38.2
PID-02802,2025-03-02,1996-05-27,General Medicine,29.0,Female,10001,4,4,True,0,43.3
PID-02803,2025-04-02,1988-08-04,Emergency,37.0,Female,10453,9,7,False,0,76.7
PID-02804,2025-10-03,1986-04-11,Emergency,39.0,Non-Binary,10452,7,7,True,1,69.9
PID-02805,2025-07-21,1987-10-16,Emergency,38.0,Female,10001,4,4,True,0,66.1
PID-02806,2025-09-28,1960-11-18,General Medicine,65.0,Unknown,10001,8,8,True,0,47.2
PID-02807,2025-03-07,1979-04-07,Emergency,46.0,Female,10002,2,2,True,0,38.0
PID-02808,2025-04-25,1973-02-25,General Medicine,52.0,Male,10002,7,7,True,0,59.3
PID-02809,2025-01-02,1952-07-28,General Medicine,72.0,Male,10002,1,1,False,0,76.8
PID-02810,2025-01-12,1983-06-04,General Medicine,42.0,Female,10453,8,6,True,0,47.5
PID-02811,2025-06-02,1974-01-07,Emergency,51.0,Male,10452,6,6,True,0,57.8
PID-02812,2025-08-26,1963-07-06,Emergency,62.0,Female,10453,5,5,False,0,61.1
PID-02813,2025-12-11,2005-01-19,Emergency,21.0,Female,10451,9,9,False,0,70.7
PID-02814,2025-10-06,2007-08-30,General Medicine,18.0,Male,10452,9,9,True,0,39.1
PID-02815,2025-08-06,1963-02-14,General Medicine,62.0,Female,10451,3,3,True,0,50.7
PID-02816,2025-09-30,1961-04-22,General Medicine,64.0,Female,10002,9,9,False,0,55.3
PID-02817,2025-07-14,1932-07-29,Geriatrics,93.0,Female,10451,9,6,False,0,72.4
PID-02818,2025-04-28,1967-06-17,Emergency,58.0,Male,10451,2,2,False,0,78.1
PID-02819,2025-05-07,1955-08-14,Cardiology,70.0,Male,10453,5,5,True,0,71.7
PID-02820,2025-08-24,1974-01-14,Cardiology,52.0,Male,10451,2,2,False,0,62.0
PID-02821,2025-06-27,1964-08-05,Emergency,61.0,Female,10453,1,1,False,0,61.9
PID-02822,2025-03-21,1939-08-18,Cardiology,86.0,Male,10452,7,7,False,0,80.9
PID-02823,2025-05-22,2007-05-08,Emergency,18.0,Female,10451,4,4,False,0,62.7
PID-02824,2025-04-07,1962-03-21,Emergency,63.0,Male,10451,5,5,True,1,83.4
PID-02825,2025-02-27,1931-03-10,Geriatrics,,Male,10002,4,4,True,1,72.5
PID-02826,2025-01-17,1964-06-16,General Medicine,61.0,Female,10001,6,3,True,0,44.4
PID-02827,2025-12-05,1941-01-22,General Medicine,85.0,Female,10452,2,2,False,0,96.3
PID-02828,2025-08-03,1981-09-17,General Medicine,44.0,Male,10453,8,8,False,0,73.4
PID-02829,2025-11-11,1971-02-09,Emergency,55.0,Male,10002,4,4,True,0,55.3
PID-02830,2025-01-09,1968-11-25,Cardiology,56.0,Male,10453,8,8,True,0,48.3
PID-02831,2025-05-04,2007-09-27,General Medicine,18.0,Female,10002,3,3,True,0,36.8
PID-02832,2025-04-16,1991-02-05,General Medicine,34.0,Female,10451,5,5,True,0,63.9
PID-02833,2025-02-04,1989-04-23,Emergency,36.0,Male,10002,3,3,True,0,51.8
PID-02834,2025-02-21,1954-10-13,Geriatrics,70.0,Male,10001,7,7,True,0,68.5
PID-02835,2025-11-01,1954-10-12,Geriatrics,71.0,Male,10001,3,3,False,0,77.5
PID-02836,2025-01-18,1964-04-17,Emergency,61.0,Female,10002,8,5,True,0,49.8
PID-02837,2025-08-17,1955-03-21,Geriatrics,70.0,Unknown,10001,9,9,True,0,56.4
PID-02838,2025-11-03,1972-08-24,General Medicine,53.0,Male,10001,2,2,True,1,76.9
PID-02839,2025-12-11,1949-04-15,General Medicine,77.0,Female,10001,3,3,True,0,55.8
PID-02840,2025-12-27,1970-04-13,General Medicine,56.0,Male,10001,7,7,True,0,42.2
PID-02841,2025-01-25,1967-10-22,Cardiology,57.0,Male,10001,5,5,True,1,73.2
PID-02842,2025-05-06,1974-03-28,General Medicine,51.0,Female,10451,10,10,True,0,54.8
PID-02843,2025-01-23,1957-04-02,Emergency,68.0,Female,10453,7,5,False,1,100.0
PID-02844,2025-07-25,1977-03-13,Emergency,48.0,Female,10001,2,2,True,1,62.9
PID-02845,2025-08-13,1952-03-17,Cardiology,73.0,Female,10001,4,4,True,0,68.0
PID-02846,2025-04-30,1990-09-04,Emergency,35.0,Male,10452,1,1,False,0,63.7
PID-02847,2025-10-04,1989-08-19,General Medicine,36.0,Female,10001,5,2,True,0,40.9
PID-02848,2025-04-22,1957-06-09,Emergency,68.0,Male,10452,8,8,False,0,71.4
PID-02849,2025-01-29,1971-06-07,Cardiology,54.0,Female,10001,1,1,False,1,100.0
PID-02850,2025-03-13,1978-08-24,General Medicine,47.0,Male,10002,7,7,True,0,56.7
PID-02851,2025-09-15,1954-02-05,Geriatrics,72.0,Female,10001,7,7,True,1,74.6
PID-02852,2025-05-29,1980-10-20,Emergency,45.0,Male,10002,7,7,True,0,45.0
PID-02853,2025-04-30,1973-01-08,Cardiology,52.0,Male,10452,1,1,False,1,82.8
PID-02854,2025-10-22,1944-12-13,Geriatrics,,Female,10001,3,3,True,0,48.1
PID-02855,2025-06-13,1942-04-27,Cardiology,83.0,Male,10453,2,2,False,0,67.7
PID-02856,2025-10-23,1942-04-12,Geriatrics,84.0,Female,10002,5,5,True,0,50.6
PID-02857,2025-11-03,1975-08-22,General Medicine,50.0,Male,10453,2,2,False,0,76.9
PID-02858,2025-12-11,1948-03-25,Emergency,78.0,Male,10001,5,5,True,0,69.6
PID-02859,2025-06-14,1987-01-12,General Medicine,38.0,Male,10001,5,5,False,0,61.7
PID-02860,2025-05-02,1985-12-07,General Medicine,39.0,Male,10451,4,4,False,0,66.3
PID-02861,2025-06-04,2007-12-02,Emergency,18.0,Female,10001,7,4,True,0,57.5
PID-02862,2025-03-15,1939-08-24,Cardiology,86.0,Male,10453,10,10,True,0,60.3
PID-02863,2025-12-05,1985-06-28,Emergency,40.0,Female,10451,6,4,True,0,53.1
PID-02864,2025-09-24,1972-09-05,Emergency,53.0,Female,10452,2,2,True,0,45.3
PID-02865,2025-04-24,1986-06-08,Emergency,39.0,Male,10001,4,4,True,0,63.8
PID-02866,2025-07-31,1957-11-11,Geriatrics,68.0,Female,10452,7,5,True,1,100.0
PID-02867,2025-06-03,1975-12-08,General Medicine,49.0,Female,10451,9,9,False,0,76.5
PID-02868,2025-05-21,1993-06-02,Emergency,32.0,Female,10452,9,7,True,0,44.6
PID-02869,2025-02-01,1962-01-13,Emergency,63.0,Male,10002,3,3,True,0,38.1
PID-02870,2025-10-13,1995-06-22,General Medicine,30.0,Male,10453,1,1,False,0,85.7
PID-02871,2025-10-30,1986-04-27,Emergency,40.0,Female,10453,9,9,False,0,72.9
PID-02872,2025-03-31,2007-01-08,Emergency,18.0,Female,10453,8,5,False,0,71.1
PID-02873,2025-11-17,1995-09-08,General Medicine,30.0,Female,10451,7,5,True,0,56.4
PID-02874,2025-12-14,1966-10-12,General Medicine,59.0,Male,10451,6,6,True,0,50.2
PID-02875,2025-08-07,2005-06-25,General Medicine,20.0,Female,10001,10,10,True,0,47.6
PID-02876,2025-10-12,1996-09-16,Emergency,29.0,Male,10453,7,7,False,0,89.9
PID-02877,2025-09-11,1971-02-04,Cardiology,55.0,Female,10453,9,9,True,0,60.6
PID-02878,2025-01-25,1978-10-22,Emergency,46.0,Male,10001,6,6,True,0,65.0
PID-02879,2025-06-26,1934-08-31,Cardiology,,Female,10002,10,7,True,0,74.2
PID-02880,2025-11-26,1937-05-24,Geriatrics,,Male,10453,3,3,True,0,42.2
PID-02881,2025-12-10,1985-11-24,Emergency,40.0,Male,10001,3,3,False,0,77.5
PID-02882,2025-07-15,1959-01-25,Cardiology,66.0,Female,10001,4,4,True,0,64.5
PID-02883,2025-09-26,1956-07-22,Cardiology,69.0,Male,10453,10,10,False,0,74.5
PID-02884,2025-06-13,1980-10-09,Emergency,45.0,Male,10453,10,10,False,0,96.5
PID-02885,2025-12-23,1996-09-04,Emergency,29.0,Male,10453,8,8,True,0,51.4
PID-02886,2025-08-02,1970-05-01,Cardiology,55.0,Female,10001,10,7,False,0,65.4
PID-02887,2025-07-29,1973-07-26,Cardiology,52.0,Female,10002,9,6,True,0,48.8
PID-02888,2025-03-18,1977-03-28,General Medicine,48.0,Male,10452,8,8,True,0,55.6
PID-02889,2025-06-03,1961-12-17,General Medicine,63.0,Female,10451,10,10,False,0,74.0
PID-02890,2025-07-12,1983-08-07,Cardiology,42.0,Female,10002,2,2,False,0,65.3
PID-02891,2025-04-05,1990-03-12,General Medicine,35.0,Male,10453,4,4,False,0,77.6
PID-02892,2025-10-03,1969-03-04,Cardiology,57.0,Female,10453,4,4,True,0,50.3
PID-02893,2025-08-31,1963-04-11,Emergency,62.0,Female,10002,2,2,True,1,72.7
PID-02894,2025-05-04,1990-12-05,General Medicine,34.0,Female,10001,8,8,True,0,48.1
PID-02895,2025-04-26,1953-09-07,General Medicine,72.0,Male,10001,3,3,True,0,49.5
PID-02896,2025-06-03,2001-05-27,General Medicine,24.0,Female,10451,2,2,False,0,61.3
PID-02897,2025-12-29,1980-09-27,General Medicine,45.0,Female,10001,7,4,True,1,65.5
PID-02898,2025-03-15,1974-03-22,Emergency,51.0,Male,10451,1,1,False,1,73.6
PID-02899,2025-08-26,1982-01-12,Emergency,44.0,Male,10451,6,6,False,0,73.1
PID-02900,2025-01-30,1979-12-07,Cardiology,45.0,Male,10453,3,3,False,0,60.8
PID-02901,2025-10-15,1936-11-16,Cardiology,89.0,Male,10002,3,3,True,1,81.3
PID-02902,2025-07-31,1985-03-02,Emergency,40.0,Female,10451,5,5,True,0,47.3
PID-02903,2025-08-02,1930-10-19,Geriatrics,95.0,Male,10452,3,3,False,0,71.1
PID-02904,2025-10-13,1963-01-12,Emergency,63.0,Male,10451,4,4,True,1,71.7
PID-02905,2025-09-29,1968-06-18,Emergency,57.0,Female,10453,3,3,False,0,70.7
PID-02906,2025-03-10,1961-08-17,General Medicine,64.0,Male,10452,7,7,False,0,63.7
PID-02907,2025-07-18,1930-07-03,General Medicine,95.0,Unknown,10453,3,3,False,0,71.8
PID-02908,2025-05-05,1986-11-29,General Medicine,38.0,Male,10002,10,10,True,0,44.5
PID-02909,2025-05-11,1990-08-03,General Medicine,35.0,Male,10451,4,4,False,0,78.6
PID-02910,2025-04-15,1983-05-13,Emergency,42.0,Male,10451,2,2,False,0,64.9
PID-02911,2025-06-19,1968-12-25,General Medicine,56.0,Male,10453,2,2,True,0,51.5
PID-02912,2025-11-28,2001-11-09,Emergency,24.0,Male,10002,9,9,True,0,45.5
PID-02913,2025-02-10,1969-06-16,Cardiology,56.0,Female,10001,1,1,True,0,49.0
PID-02914,2025-08-19,1939-03-31,Geriatrics,86.0,Non-Binary,10452,1,1,True,0,67.6
PID-02915,2025-07-09,1967-01-19,Cardiology,58.0,Male,10002,10,10,True,0,41.9
PID-02916,2025-02-17,1975-02-15,General Medicine,50.0,Female,10452,1,1,True,0,70.1
PID-02917,2025-10-02,1981-07-25,Emergency,44.0,Female,10453,3,3,False,1,98.2
PID-02918,2025-04-08,1953-08-23,Emergency,72.0,Female,10453,2,2,False,0,81.8
PID-02919,2025-01-27,1983-09-07,Emergency,41.0,Male,10002,3,3,True,0,40.6
PID-02920,2025-05-18,1936-04-04,Geriatrics,89.0,Male,10001,5,5,True,1,90.9
PID-02921,2025-07-13,1935-10-05,Geriatrics,90.0,Male,10451,9,9,True,0,75.0
PID-02922,2025-12-11,1966-03-30,Emergency,60.0,Female,10451,2,2,False,0,63.2
PID-02923,2025-11-06,1971-04-18,Cardiology,55.0,Female,10452,1,1,True,0,41.0
PID-02924,2025-11-05,1952-01-27,General Medicine,74.0,Male,10452,6,6,False,0,80.4
PID-02925,2025-01-21,1950-07-09,General Medicine,75.0,Male,10452,3,3,False,0,70.9
PID-02926,2025-02-07,1983-10-08,Emergency,41.0,Female,10001,7,7,True,0,45.9
PID-02927,2025-04-07,1979-06-05,General Medicine,46.0,Female,10452,6,6,False,0,77.5
PID-02928,2025-10-28,1993-08-19,Cardiology,32.0,Unknown,10001,7,7,True,0,65.9
PID-02929,2025-12-10,1962-11-22,General Medicine,63.0,Female,10001,5,5,False,0,77.9
PID-02930,2025-10-14,1959-03-12,Cardiology,67.0,Male,10452,1,1,False,0,72.3
PID-02931,2025-04-22,1994-01-17,Emergency,31.0,Female,10451,3,3,False,0,67.5
PID-02932,2025-09-03,1978-04-08,Emergency,47.0,Female,10452,3,3,False,0,66.9
PID-02933,2025-04-17,1994-05-11,Emergency,31.0,Male,10002,7,7,True,0,50.9
PID-02934,2025-06-20,1986-04-07,Cardiology,39.0,Female,10001,3,3,True,0,58.0
PID-02935,2025-06-05,1960-03-04,General Medicine,65.0,Female,10002,5,2,True,1,67.8
PID-02936,2025-01-08,1982-11-20,Cardiology,42.0,Male,10452,4,4,False,0,89.7
PID-02937,2025-04-19,1975-10-09,General Medicine,50.0,Female,10002,4,4,True,0,40.6
PID-02938,2025-04-08,1999-09-18,General Medicine,26.0,Female,10452,7,7,False,0,62.5
PID-02939,2025-03-02,1966-03-10,Emergency,59.0,Female,10452,1,1,False,0,62.8
PID-02940,2025-09-03,1971-02-03,Cardiology,55.0,Male,10451,7,7,True,0,72.1
PID-02941,2025-05-05,1983-05-14,Emergency,42.0,Male,10453,8,8,False,0,84.7
PID-02942,2025-12-23,1974-05-31,Cardiology,52.0,Female,10453,3,3,True,0,42.7
PID-02943,2025-11-06,1966-10-11,Cardiology,59.0,Male,10453,3,3,False,0,65.9
PID-02944,2025-12-27,1985-04-26,General Medicine,41.0,Female,10452,4,4,False,0,69.1
PID-02945,2025-04-15,1996-06-26,Cardiology,29.0,Female,10002,6,4,True,0,45.7
PID-02946,2025-07-23,1937-02-19,General Medicine,88.0,Male,10451,7,7,True,0,68.1
PID-02947,2025-05-03,1980-11-23,Emergency,44.0,Female,10452,1,1,True,0,54.4
PID-02948,2025-10-10,1971-07-16,General Medicine,54.0,Female,10002,4,4,False,0,71.8
PID-02949,2025-06-14,1951-04-22,Geriatrics,74.0,Male,10452,7,7,True,0,67.4
PID-02950,2025-05-25,1929-12-10,Cardiology,95.0,Female,10451,2,2,True,0,64.0
PID-02951,2025-07-14,1992-04-11,General Medicine,33.0,Female,10001,1,1,True,0,56.1
PID-02952,2025-08-27,1961-12-09,Emergency,64.0,Female,10451,1,1,False,0,71.6
PID-02953,2025-10-01,1982-06-08,General Medicine,43.0,Female,10001,10,7,True,0,65.5
PID-02954,2025-11-29,1980-01-30,General Medicine,46.0,Male,10001,6,6,True,0,51.2
PID-02955,2025-07-03,1982-11-25,General Medicine,43.0,Female,10453,5,3,False,0,68.7
PID-02956,2025-06-07,1990-11-17,Emergency,35.0,Female,10451,1,1,False,1,100.0
PID-02957,2025-05-14,1970-08-31,Cardiology,55.0,Female,10451,10,8,False,1,100.0
PID-02958,2025-07-04,1996-04-25,Emergency,29.0,Female,10002,3,3,True,0,49.8
PID-02959,2025-09-20,1952-04-19,Geriatrics,73.0,Male,10451,7,7,False,0,65.3
PID-02960,2025-09-12,1970-03-02,Emergency,56.0,Female,10001,9,9,True,0,62.7
PID-02961,2025-08-27,1962-06-28,Cardiology,63.0,Male,10452,9,9,False,0,81.2
PID-02962,2025-02-20,1977-10-08,Emergency,47.0,Male,10453,6,6,True,0,42.3
PID-02963,2025-08-29,1977-02-02,General Medicine,49.0,Male,10453,3,3,False,0,73.7
PID-02964,2025-06-13,1964-08-08,Cardiology,61.0,Unknown,10001,1,1,True,0,45.3
PID-02965,2025-04-15,1989-10-19,General Medicine,35.0,Female,10451,3,3,False,0,74.8
PID-02966,2025-07-09,1976-02-08,Emergency,49.0,Female,10453,10,8,False,0,80.0
PID-02967,2025-06-10,1985-10-02,Emergency,40.0,Female,10001,2,2,True,1,73.8
PID-02968,2025-07-31,1987-01-21,General Medicine,39.0,Female,10001,5,5,True,0,56.4
PID-02969,2025-01-24,2007-04-27,Emergency,18.0,Female,10453,8,6,False,0,57.3
PID-02970,2025-10-16,1945-05-26,General Medicine,80.0,Female,10452,5,5,True,0,52.3
PID-02971,2025-04-24,1982-09-27,General Medicine,43.0,Male,10451,1,1,False,0,78.1
PID-02972,2025-03-16,1949-04-08,General Medicine,76.0,Male,10001,3,3,True,0,54.2
PID-02973,2025-01-09,1950-05-21,Geriatrics,75.0,Female,10451,5,5,False,0,72.6
PID-02974,2025-05-14,1993-03-22,Emergency,32.0,Female,10002,7,7,True,0,43.5
PID-02975,2025-10-11,1989-06-01,Emergency,36.0,Male,10451,5,5,True,0,40.3
PID-02976,2025-10-27,1931-01-29,General Medicine,95.0,Male,10451,10,10,False,0,89.0
PID-02977,2025-10-24,1938-06-25,Geriatrics,87.0,Female,10451,5,2,True,0,69.7
PID-02978,2025-08-02,1970-12-29,Cardiology,55.0,Male,10452,7,7,True,0,43.2
PID-02979,2025-06-01,1965-10-05,General Medicine,60.0,Female,10452,8,6,False,0,60.0
PID-02980,2025-03-20,1981-07-20,Emergency,44.0,Unknown,10452,8,8,False,0,69.2
PID-02981,2025-04-11,1962-01-28,General Medicine,63.0,Male,10001,7,7,True,0,39.5
PID-02982,2025-06-18,1982-02-15,General Medicine,43.0,Male,10002,3,3,False,0,76.4
PID-02983,2025-04-28,2005-12-15,Emergency,19.0,Female,10001,2,2,True,0,50.1
PID-02984,2025-07-14,1993-09-20,Emergency,32.0,Female,10451,1,1,True,0,46.7
PID-02985,2025-10-19,1970-03-16,General Medicine,56.0,Female,10453,6,3,False,1,100.0
PID-02986,2025-05-06,1990-07-23,General Medicine,35.0,Non-Binary,10452,9,9,False,0,61.5
PID-02987,2025-09-13,1971-08-07,General Medicine,54.0,Male,10001,3,3,True,0,46.2
PID-02988,2025-10-09,1989-10-17,General Medicine,36.0,Female,10002,5,5,True,0,39.2
PID-02989,2025-12-02,1984-06-18,General Medicine,41.0,Female,10001,9,9,True,0,37.6
PID-02990,2025-12-17,1954-11-23,Cardiology,71.0,Female,10001,9,6,True,0,51.8
PID-02991,2025-06-22,1965-07-06,Cardiology,60.0,Male,10451,7,7,True,0,42.7
PID-02992,2025-05-12,1970-09-09,Emergency,55.0,Female,10002,4,4,False,1,86.9
PID-02993,2025-09-08,1954-03-23,Geriatrics,71.0,Female,10002,2,2,True,0,59.2
PID-02994,2025-11-25,1961-08-03,Cardiology,64.0,Male,10001,2,2,True,0,49.1
PID-02995,2025-09-09,1943-06-03,General Medicine,82.0,Male,10452,4,4,True,0,46.0
PID-02996,2025-08-24,1978-12-13,General Medicine,47.0,Female,10451,1,1,True,1,82.2
PID-02997,2025-03-28,1977-04-13,Emergency,48.0,Male,10453,4,4,False,0,56.4
PID-02998,2025-06-30,1993-09-09,General Medicine,32.0,Male,10001,6,6,True,1,59.5
PID-02999,2025-03-28,1977-09-01,General Medicine,48.0,Male,10453,6,6,True,1,84.3
PID-03000,2025-03-13,1951-11-11,General Medicine,73.0,Female,10451,7,5,False,1,95.1
PID-03001,2025-10-07,1947-01-08,Geriatrics,79.0,Female,10002,5,5,True,0,63.2
PID-03002,2025-09-08,1952-09-17,Geriatrics,73.0,Female,10002,9,9,True,1,79.7
PID-03003,2025-04-05,2002-09-01,Cardiology,23.0,Male,10002,2,2,True,0,41.0
PID-03004,2025-10-05,1951-02-02,Geriatrics,75.0,Female,10451,2,2,True,0,49.3
PID-03005,2025-11-25,2004-01-05,General Medicine,22.0,Female,10001,4,4,True,0,53.4
PID-03006,2025-01-31,1953-05-19,Cardiology,72.0,Female,10453,4,4,False,0,71.6
PID-03007,2025-09-26,1976-08-25,General Medicine,49.0,Female,10001,4,4,True,0,59.9
PID-03008,2025-01-18,1957-04-22,General Medicine,68.0,Male,10451,1,1,False,1,91.3
PID-03009,2025-02-08,1992-08-16,General Medicine,32.0,Female,10002,4,4,False,0,82.7
PID-03010,2025-12-09,1948-11-30,General Medicine,77.0,Male,10451,5,5,True,0,41.3
PID-03011,2025-01-25,1995-10-15,General Medicine,29.0,Female,10453,9,9,True,0,52.6
PID-03012,2025-01-04,1982-04-11,General Medicine,43.0,Male,10453,3,3,False,0,59.4
PID-03013,2025-07-31,1987-06-18,General Medicine,38.0,Male,10001,3,3,True,0,35.7
PID-03014,2025-03-12,2001-05-07,Cardiology,24.0,Male,10002,5,5,True,0,49.1
PID-03015,2025-11-19,1968-07-25,Emergency,57.0,Female,10453,10,8,False,1,100.0
PID-03016,2025-04-29,1937-10-06,Geriatrics,88.0,Male,10002,6,6,False,0,78.2
PID-03017,2025-02-04,1930-05-28,Cardiology,95.0,Female,10452,3,3,True,0,59.6
PID-03018,2025-12-29,1969-05-07,Emergency,57.0,Male,10453,1,1,False,0,71.8
PID-03019,2025-03-19,1948-10-27,Cardiology,76.0,Male,10452,10,10,False,1,100.0
PID-03020,2025-01-05,1964-08-25,General Medicine,60.0,Female,10001,8,5,True,0,64.8
PID-03021,2025-04-22,1961-04-10,General Medicine,64.0,Male,10453,1,1,False,0,63.3
PID-03022,2025-09-16,1976-12-25,Cardiology,49.0,Male,10453,2,2,True,0,54.3
PID-03023,2025-08-22,1967-02-11,Geriatrics,59.0,Female,10452,3,3,True,0,44.8
PID-03024,2025-07-11,1960-05-03,General Medicine,65.0,Male,10451,6,6,True,0,48.4
PID-03025,2025-01-31,1980-06-19,General Medicine,45.0,Male,10453,4,4,True,0,56.1
PID-03026,2025-11-13,1972-05-09,Emergency,54.0,Male,10453,4,4,False,1,96.6
PID-03027,2025-11-23,1972-05-19,General Medicine,54.0,Female,10453,9,7,False,0,63.3
PID-03028,2025-12-08,1956-03-07,Cardiology,70.0,Female,10451,6,3,False,0,80.9
PID-03029,2025-11-12,1990-03-27,General Medicine,36.0,Female,10452,2,2,False,1,98.2
PID-03030,2025-09-05,1970-04-06,Emergency,55.0,Female,10452,7,4,False,0,75.7
PID-03031,2025-12-04,1935-08-04,Emergency,90.0,Male,10001,3,3,False,0,90.3
PID-03032,2025-09-07,1949-10-12,Cardiology,76.0,Male,10451,9,9,False,0,96.1
PID-03033,2025-01-09,1944-12-07,General Medicine,80.0,Female,10452,6,3,True,0,60.0
PID-03034,2025-01-04,1968-07-13,Emergency,56.0,Male,10453,8,8,True,0,40.1
PID-03035,2025-09-30,1964-07-29,Geriatrics,61.0,Male,10453,1,1,True,0,52.8
PID-03036,2025-10-10,1951-04-20,Cardiology,74.0,Male,10001,2,2,True,0,48.0
PID-03037,2025-07-30,1941-11-23,Geriatrics,84.0,Male,10451,6,6,True,1,100.0
PID-03038,2025-01-07,2005-03-23,Emergency,20.0,Unknown,10451,3,3,False,0,65.0
PID-03039,2025-01-09,1993-04-26,Cardiology,32.0,Male,10453,1,1,False,0,78.9
PID-03040,2025-09-29,1946-05-06,Geriatrics,,Female,10001,6,6,True,0,62.8
PID-03041,2025-05-21,1974-07-03,Cardiology,51.0,Male,10452,5,5,False,0,72.2
PID-03042,2025-10-02,1982-07-08,Emergency,43.0,Unknown,10452,9,9,False,0,55.8
PID-03043,2025-05-27,1992-04-07,General Medicine,33.0,Male,10453,6,6,True,0,42.9
PID-03044,2025-01-09,1978-12-11,Emergency,46.0,Male,10451,5,5,False,0,66.5
PID-03045,2025-09-15,1995-11-13,Cardiology,30.0,Female,10452,1,1,True,0,46.6
PID-03046,2025-12-24,1933-03-25,Geriatrics,,Female,10453,1,1,False,1,100.0
PID-03047,2025-12-12,1970-08-03,Geriatrics,55.0,Male,10452,1,1,True,0,44.0
PID-03048,2025-08-09,1971-02-17,Cardiology,54.0,Male,10001,7,7,True,1,79.4
PID-03049,2025-04-02,1959-09-11,Cardiology,66.0,Male,10001,6,6,True,0,59.1
PID-03050,2025-02-24,1951-10-23,Geriatrics,73.0,Male,10453,5,5,False,0,85.9
PID-03051,2025-02-19,1952-05-18,Geriatrics,73.0,Male,10002,4,4,True,0,46.6
PID-03052,2025-09-26,1950-07-14,Geriatrics,,Female,10452,8,6,False,1,100.0
PID-03053,2025-03-18,1980-11-05,Cardiology,44.0,Male,10452,8,8,False,0,84.7
PID-03054,2025-05-04,1975-09-17,Cardiology,50.0,Male,10453,5,5,True,0,48.6
PID-03055,2025-04-09,1955-11-20,Cardiology,69.0,Female,10451,4,4,False,0,90.9
PID-03056,2025-11-14,1979-12-11,Emergency,46.0,Non-Binary,10452,2,2,False,0,69.8
PID-03057,2025-09-27,1970-09-30,General Medicine,55.0,Female,10001,7,4,True,1,71.2
PID-03058,2025-05-10,1962-04-07,General Medicine,63.0,Male,10451,5,5,True,0,51.9
PID-03059,2025-07-01,1955-12-27,Geriatrics,70.0,Male,10001,3,3,True,0,74.1
PID-03060,2025-05-17,2001-02-01,Emergency,24.0,Female,10453,9,6,True,0,63.4
PID-03061,2025-07-23,1957-09-21,General Medicine,68.0,Male,10453,9,9,True,0,46.2
PID-03062,2025-02-10,1974-05-04,General Medicine,51.0,Male,10002,10,10,True,1,65.7
PID-03063,2025-07-11,1957-11-08,Cardiology,68.0,Female,10002,8,8,True,0,59.2
PID-03064,2025-07-27,1956-04-27,Cardiology,69.0,Female,10452,1,1,False,0,73.6
PID-03065,2025-08-24,1942-01-03,Geriatrics,84.0,Female,10452,3,3,True,0,63.4
PID-03066,2025-10-17,1945-06-03,Geriatrics,,Male,10452,2,2,False,0,78.8
PID-03067,2025-05-05,1945-04-30,Cardiology,80.0,Male,10453,4,4,False,0,75.9
PID-03068,2025-12-23,1944-09-18,Cardiology,81.0,Non-Binary,10453,2,2,False,0,97.8
PID-03069,2025-04-26,1964-02-07,General Medicine,61.0,Male,10451,8,8,True,0,57.0
PID-03070,2025-06-03,1969-08-10,Cardiology,56.0,Female,10002,1,1,True,1,81.4
PID-03071,2025-12-17,1954-10-22,General Medicine,71.0,Female,10451,4,4,False,0,72.7
PID-03072,2025-02-11,1955-09-25,Emergency,69.0,Female,10453,5,5,True,0,59.7
PID-03073,2025-12-01,1975-06-28,Emergency,50.0,Male,10451,10,10,False,0,68.8
PID-03074,2025-11-29,1963-02-12,Emergency,63.0,Male,10452,4,4,True,0,50.8
PID-03075,2025-01-17,1970-02-26,Cardiology,55.0,Female,10001,8,6,True,1,71.0
PID-03076,2025-02-17,1985-07-20,General Medicine,40.0,Female,10453,2,2,False,0,78.3
PID-03077,2025-07-27,1946-10-17,Geriatrics,79.0,Female,10452,9,9,True,0,72.0
PID-03078,2025-07-14,1969-11-14,General Medicine,56.0,Male,10002,2,2,True,0,56.9
PID-03079,2025-07-13,1933-10-25,General Medicine,92.0,Male,10002,2,2,True,0,59.1
PID-03080,2025-10-10,1999-04-24,General Medicine,26.0,Female,10001,2,2,False,0,66.4
PID-03081,2025-09-01,1980-07-01,General Medicine,45.0,Female,10453,10,10,True,0,59.7
PID-03082,2025-01-29,1968-11-16,Cardiology,56.0,Female,10452,8,5,True,0,52.9
PID-03083,2025-11-23,1950-02-21,Geriatrics,76.0,Male,10452,3,3,False,0,85.0
PID-03084,2025-01-05,1962-04-15,General Medicine,63.0,Female,10001,10,10,True,0,52.8
PID-03085,2025-12-26,1964-07-16,General Medicine,61.0,Female,10002,10,8,True,0,43.3
PID-03086,2025-03-29,1990-09-04,Emergency,35.0,Female,10451,8,5,False,0,84.1
PID-03087,2025-02-12,1990-07-16,Emergency,35.0,Male,10002,7,7,True,0,72.1
PID-03088,2025-09-13,1964-04-16,Emergency,61.0,Male,10451,10,10,False,0,66.1
PID-03089,2025-08-11,1994-08-06,Emergency,31.0,Female,10002,4,4,True,0,49.6
PID-03090,2025-11-27,1980-01-02,Emergency,46.0,Male,10002,7,7,True,0,46.6
PID-03091,2025-06-19,1960-08-31,Emergency,65.0,Male,10452,8,8,True,0,44.0
PID-03092,2025-10-17,1987-09-06,General Medicine,38.0,Female,10453,6,3,False,0,75.4
PID-03093,2025-02-18,1941-04-11,Geriatrics,,Male,10002,6,6,False,1,99.8
PID-03094,2025-09-28,1947-10-08,Geriatrics,,Female,10452,3,3,False,0,71.4
PID-03095,2025-01-22,1997-09-10,Emergency,27.0,Male,10001,5,5,True,0,54.0
PID-03096,2025-04-28,1986-03-08,Emergency,39.0,Female,10451,10,7,False,0,62.1
PID-03097,2025-04-19,2007-09-25,Cardiology,18.0,Unknown,10453,2,2,False,0,64.5
PID-03098,2025-12-21,1985-04-27,General Medicine,41.0,Male,10001,5,5,True,0,43.9
PID-03099,2025-10-18,1957-03-21,Geriatrics,69.0,Male,10002,5,5,True,0,64.2
PID-03100,2025-09-01,1977-05-29,Emergency,48.0,Male,10001,7,7,True,1,75.7
PID-03101,2025-05-19,1961-08-17,Cardiology,64.0,Male,10451,4,4,True,1,58.2
PID-03102,2025-01-24,1997-05-04,General Medicine,28.0,Female,10452,6,6,True,0,52.6
PID-03103,2025-02-08,1955-07-25,Cardiology,70.0,Female,10001,9,9,True,0,52.6
PID-03104,2025-12-17,1979-10-11,Emergency,46.0,Male,10001,4,4,True,0,63.8
PID-03105,2025-05-24,1969-03-02,Cardiology,56.0,Male,10453,6,6,True,1,56.4
PID-03106,2025-10-06,1972-02-05,General Medicine,54.0,Male,10451,9,9,True,0,53.4
PID-03107,2025-10-16,1993-03-09,Emergency,33.0,Female,10451,10,8,True,0,57.0
PID-03108,2025-12-03,1991-02-02,General Medicine,35.0,Male,10453,1,1,False,0,59.1
PID-03109,2025-01-17,1951-12-02,Geriatrics,73.0,Female,10002,8,8,True,0,57.5
PID-03110,2025-04-02,1961-12-01,Cardiology,63.0,Female,10453,1,1,False,0,70.9
PID-03111,2025-06-11,1951-02-16,General Medicine,74.0,Female,10453,4,4,False,0,78.6
PID-03112,2025-01-09,1964-01-24,Cardiology,61.0,Male,10002,3,3,True,0,54.4
PID-03113,2025-04-17,1967-03-15,Cardiology,58.0,Female,10451,4,4,False,0,71.4
PID-03114,2025-10-28,2002-01-15,General Medicine,24.0,Male,10451,7,7,True,0,57.1
PID-03115,2025-03-15,1973-10-01,Cardiology,51.0,Male,10453,9,9,False,0,73.0
PID-03116,2025-12-31,1971-01-15,Emergency,55.0,Female,10002,9,7,True,0,51.0
PID-03117,2025-07-23,1934-09-25,Geriatrics,,Female,10452,10,8,True,0,57.5
PID-03118,2025-02-09,1957-06-13,General Medicine,68.0,Male,10453,1,1,True,1,87.2
PID-03119,2025-06-03,1942-06-18,Cardiology,83.0,Male,10453,10,10,False,0,95.7
PID-03120,2025-03-25,1959-05-29,Emergency,66.0,Male,10453,1,1,True,0,59.2
PID-03121,2025-10-16,1983-02-24,General Medicine,43.0,Male,10452,9,9,True,0,38.5
PID-03122,2025-05-04,1967-07-03,Cardiology,58.0,Male,10453,4,4,True,0,59.9
PID-03123,2025-10-18,1965-09-17,General Medicine,60.0,Male,10001,3,3,True,1,93.7
PID-03124,2025-07-19,1986-10-06,General Medicine,39.0,Male,10452,9,9,False,0,75.2
PID-03125,2025-12-13,1976-12-01,Emergency,49.0,Female,10452,5,3,False,0,87.7
PID-03126,2025-10-04,1973-12-11,Emergency,52.0,Female,10451,6,6,False,0,71.3
PID-03127,2025-06-19,1941-11-09,Geriatrics,,Female,10001,1,1,True,0,86.5
PID-03128,2025-07-16,2007-05-17,Cardiology,18.0,Male,10452,1,1,True,0,36.8
PID-03129,2025-03-13,1947-11-15,Geriatrics,77.0,Female,10001,7,7,True,0,58.6
PID-03130,2025-12-19,1986-10-13,General Medicine,39.0,Female,10002,10,7,True,0,55.4
PID-03131,2025-02-10,1994-07-14,Emergency,31.0,Female,10002,8,8,True,1,68.1
PID-03132,2025-09-14,1948-08-02,Geriatrics,,Female,10453,8,5,False,0,90.6
PID-03133,2025-06-27,1956-10-11,Emergency,69.0,Female,10002,7,7,True,0,64.9
PID-03134,2025-01-28,1947-04-09,Cardiology,78.0,Female,10453,9,9,False,0,78.1
PID-03135,2025-02-20,1954-10-12,Emergency,70.0,Male,10001,1,1,True,1,88.9
PID-03136,2025-08-12,1932-06-21,General Medicine,93.0,Female,10451,2,2,False,0,81.8
PID-03137,2025-04-29,1959-07-28,Cardiology,66.0,Female,10451,3,3,True,0,65.8
PID-03138,2025-02-08,1972-01-22,Cardiology,53.0,Female,10452,5,3,True,1,72.9
PID-03139,2025-06-24,1963-06-14,Geriatrics,62.0,Female,10453,4,4,False,0,50.1
PID-03140,2025-11-06,1948-02-26,Geriatrics,,Male,10452,4,4,True,0,67.8
PID-03141,2025-11-11,1984-09-18,General Medicine,41.0,Male,10452,8,8,True,0,49.4
PID-03142,2025-11-01,1982-01-21,General Medicine,44.0,Female,10451,8,6,False,0,62.9
PID-03143,2025-07-23,1975-03-03,Geriatrics,50.0,Female,10452,7,7,False,0,66.6
PID-03144,2025-06-17,2007-06-15,General Medicine,18.0,Female,10451,1,1,False,0,68.2
PID-03145,2025-01-16,1967-02-28,General Medicine,58.0,Male,10001,10,10,True,0,36.6
PID-03146,2025-11-21,2004-02-07,Cardiology,22.0,Male,10453,4,4,True,1,67.0
PID-03147,2025-05-20,1969-05-29,Emergency,56.0,Female,10453,1,1,False,0,69.0
PID-03148,2025-08-19,1954-12-13,Emergency,71.0,Female,10002,5,5,True,0,58.5
PID-03149,2025-09-09,1979-02-21,Emergency,47.0,Female,10453,3,3,False,0,61.6
PID-03150,2025-04-27,1938-11-05,Geriatrics,,Male,10452,3,3,False,0,68.4
PID-03151,2025-07-02,1996-03-13,General Medicine,29.0,Female,10451,4,4,True,0,42.3
PID-03152,2025-10-11,1949-03-10,Geriatrics,77.0,Male,10002,2,2,True,1,87.7
PID-03153,2025-07-12,1957-08-18,Emergency,68.0,Female,10453,7,7,False,0,74.2
PID-03154,2025-08-10,2000-11-29,Emergency,25.0,Male,10452,4,4,False,0,77.8
PID-03155,2025-04-06,1930-08-09,Geriatrics,,Male,10002,5,5,True,1,95.5
PID-03156,2025-12-15,1971-10-19,Geriatrics,54.0,Female,10452,2,2,False,0,85.7
PID-03157,2025-10-27,1985-09-03,General Medicine,40.0,Female,10451,6,3,False,0,75.6
PID-03158,2025-12-05,1995-11-02,General Medicine,30.0,Male,10451,9,9,False,1,98.8
PID-03159,2025-07-14,1973-10-15,General Medicine,52.0,Female,10452,8,5,False,0,82.4
PID-03160,2025-02-13,1972-02-19,Emergency,53.0,Male,10451,8,8,False,0,59.0
PID-03161,2025-11-13,1969-01-20,General Medicine,57.0,Male,10452,2,2,False,0,75.6
PID-03162,2025-06-01,1975-07-01,Emergency,50.0,Male,10453,4,4,False,0,78.5
PID-03163,2025-05-07,1957-12-30,General Medicine,67.0,Male,10453,8,8,True,0,59.9
PID-03164,2025-02-07,1976-05-18,General Medicine,49.0,Female,10452,1,1,True,0,57.4
PID-03165,2025-02-12,2003-09-20,General Medicine,21.0,Male,10453,8,8,True,0,47.0
PID-03166,2025-05-18,1972-01-06,Cardiology,53.0,Female,10453,3,3,False,0,70.4
PID-03167,2025-03-20,2007-06-22,General Medicine,18.0,Female,10002,8,8,True,1,78.3
PID-03168,2025-07-14,1963-03-22,General Medicine,62.0,Male,10453,6,6,False,0,73.0
PID-03169,2025-12-31,1987-09-20,Emergency,38.0,Female,10001,7,4,True,0,37.5
PID-03170,2025-11-21,1968-01-24,Cardiology,58.0,Male,10002,2,2,True,0,45.4
PID-03171,2025-03-20,1946-08-04,Emergency,79.0,Female,10452,1,1,True,0,60.4
PID-03172,2025-07-19,1987-06-20,General Medicine,38.0,Male,10451,6,6,True,0,53.5
PID-03173,2025-06-12,1950-03-18,Geriatrics,75.0,Male,10451,3,3,True,0,66.1
PID-03174,2025-07-04,1977-04-25,General Medicine,48.0,Male,10452,4,4,True,1,75.2
PID-03175,2025-02-24,1938-05-06,Geriatrics,,Male,10001,9,9,True,0,70.0
PID-03176,2025-02-16,1975-10-18,General Medicine,49.0,Male,10453,3,3,False,0,67.4
PID-03177,2025-01-03,1984-11-02,General Medicine,40.0,Female,10451,2,2,True,0,57.7
PID-03178,2025-06-07,1957-04-12,Emergency,68.0,Female,10453,2,2,False,0,78.7
PID-03179,2025-08-16,1977-09-23,Emergency,48.0,Female,10002,2,2,True,0,41.7
PID-03180,2025-07-04,1985-12-24,Cardiology,40.0,Female,10452,6,3,True,0,73.6
PID-03181,2025-05-19,1978-04-11,General Medicine,47.0,Male,10451,2,2,False,0,74.5
PID-03182,2025-02-22,1970-04-18,Emergency,55.0,Male,10452,7,7,True,0,33.4
PID-03183,2025-03-09,1945-05-02,General Medicine,80.0,Male,10001,7,7,True,0,68.1
PID-03184,2025-02-14,2004-02-28,Emergency,21.0,Male,10451,7,7,False,0,71.5
PID-03185,2025-04-06,1969-02-23,Cardiology,56.0,Female,10001,2,2,True,0,57.8
PID-03186,2025-08-09,1958-04-16,Emergency,67.0,Female,10451,7,5,False,0,84.9
PID-03187,2025-08-18,1966-10-25,Cardiology,59.0,Male,10453,10,10,False,0,63.1
PID-03188,2025-10-13,1946-06-14,Geriatrics,79.0,Male,10001,8,8,False,0,88.3
PID-03189,2025-10-12,1972-01-25,Cardiology,54.0,Female,10452,8,8,True,0,44.0
PID-03190,2025-09-20,1973-05-30,Cardiology,52.0,Female,10452,2,2,False,0,62.7
PID-03191,2025-07-28,1960-01-23,General Medicine,66.0,Male,10002,5,5,True,0,57.0
PID-03192,2025-02-22,1968-01-21,General Medicine,57.0,Female,10002,6,4,True,0,40.7
PID-03193,2025-01-14,1977-06-21,General Medicine,48.0,Female,10002,9,7,True,1,79.5
PID-03194,2025-02-15,1960-07-25,General Medicine,65.0,Male,10002,6,6,True,0,68.8
PID-03195,2025-07-01,1981-05-02,Emergency,44.0,Male,10001,10,10,True,0,40.1
PID-03196,2025-10-11,1981-07-25,Emergency,44.0,Female,10002,6,6,True,0,62.4
PID-03197,2025-02-17,1979-07-31,Cardiology,46.0,Female,10002,10,10,True,0,44.6
PID-03198,2025-11-02,1945-09-26,Cardiology,80.0,Female,10453,10,7,False,0,74.7
PID-03199,2025-11-03,2007-08-05,Emergency,18.0,Male,10453,6,6,False,0,59.7
PID-03200,2025-06-16,1962-05-27,Cardiology,63.0,Male,10452,9,9,False,0,73.1
PID-03201,2025-07-17,1969-05-13,Cardiology,56.0,Female,10451,10,10,True,0,38.1
PID-03202,2025-01-07,1999-07-16,General Medicine,25.0,Female,10002,7,7,True,0,45.7
PID-03203,2025-05-30,1964-10-07,Emergency,61.0,Male,10451,1,1,False,0,80.0
PID-03204,2025-07-31,1961-06-10,General Medicine,64.0,Female,10002,1,1,True,0,64.1
PID-03205,2025-07-18,1959-05-07,Emergency,66.0,Female,10451,4,4,False,0,71.4
PID-03206,2025-02-13,2007-04-12,General Medicine,18.0,Female,10453,2,2,False,0,67.3
PID-03207,2025-10-14,1946-03-01,Geriatrics,,Female,10002,3,3,True,1,83.7
PID-03208,2025-05-05,1983-01-21,Emergency,42.0,Female,10451,7,5,True,1,61.8
PID-03209,2025-10-20,1958-04-12,Emergency,68.0,Male,10452,7,7,False,1,99.8
PID-03210,2025-09-24,1956-04-03,Geriatrics,69.0,Female,10453,3,3,True,0,54.3
PID-03211,2025-03-28,1985-02-28,General Medicine,40.0,Male,10002,2,2,True,0,54.4
PID-03212,2025-12-17,1959-02-25,Emergency,67.0,Female,10002,1,1,True,1,87.2
PID-03213,2025-07-14,1976-11-04,Emergency,49.0,Male,10453,9,9,True,0,51.1
PID-03214,2025-03-28,2007-03-26,General Medicine,18.0,Female,10001,10,10,True,0,48.1
PID-03215,2025-03-13,1948-04-11,Geriatrics,,Male,10452,3,3,False,0,91.8
PID-03216,2025-05-18,1983-07-16,General Medicine,42.0,Male,10453,9,9,False,0,69.8
PID-03217,2025-06-04,1985-01-04,Emergency,40.0,Male,10453,4,4,True,0,58.9
PID-03218,2025-05-18,1977-09-29,General Medicine,48.0,Male,10001,10,10,True,1,80.3
PID-03219,2025-09-10,1966-03-01,General Medicine,60.0,Female,10002,6,6,False,0,71.4
PID-03220,2025-03-16,1971-01-11,Emergency,54.0,Female,10002,7,7,True,0,58.0
PID-03221,2025-02-02,1959-08-25,General Medicine,65.0,Female,10451,10,8,False,0,67.2
PID-03222,2025-03-27,1994-04-21,General Medicine,31.0,Male,10452,6,6,True,0,41.9
PID-03223,2025-08-11,1983-11-18,General Medicine,42.0,Male,10453,1,1,False,0,69.7
PID-03224,2025-05-22,1971-11-24,Emergency,53.0,Male,10451,6,6,False,0,83.5
PID-03225,2025-08-04,1935-06-11,Geriatrics,90.0,Male,10451,6,6,False,0,81.9
PID-03226,2025-06-03,1972-02-12,Emergency,53.0,Female,10451,5,3,False,0,65.5
PID-03227,2025-09-05,1950-05-11,Geriatrics,75.0,Male,10001,3,3,False,0,72.7
PID-03228,2025-02-09,1969-07-27,Cardiology,56.0,Male,10002,10,10,True,1,61.3
PID-03229,2025-07-04,1978-05-14,General Medicine,47.0,Male,10002,3,3,True,1,67.6
PID-03230,2025-05-09,1974-03-14,General Medicine,51.0,Male,10453,10,10,True,0,52.7
PID-03231,2025-05-07,1973-08-25,Cardiology,52.0,Female,10451,7,5,False,0,67.9
PID-03232,2025-11-17,1959-05-22,Cardiology,66.0,Female,10002,8,5,True,0,62.0
PID-03233,2025-09-11,1945-08-15,Emergency,80.0,Male,10451,3,3,False,1,96.8
PID-03234,2025-11-01,1964-01-27,Emergency,62.0,Male,10002,3,3,True,1,84.2
PID-03235,2025-11-12,1948-11-03,Cardiology,77.0,Male,10001,7,7,True,0,66.8
PID-03236,2025-04-11,1986-11-23,Emergency,38.0,Male,10453,10,10,False,0,64.9
PID-03237,2025-08-23,1977-06-27,Emergency,48.0,Male,10453,7,7,False,0,57.3
PID-03238,2025-02-24,1982-08-29,General Medicine,42.0,Female,10001,9,9,True,0,52.3
PID-03239,2025-03-11,1963-10-19,Cardiology,61.0,Female,10452,6,3,True,0,32.3
PID-03240,2025-06-05,1976-12-02,General Medicine,49.0,Female,10451,7,5,True,0,38.2
PID-03241,2025-01-04,1955-08-17,Emergency,69.0,Male,10002,10,10,True,0,56.4
PID-03242,2025-07-22,1986-12-14,Emergency,39.0,Male,10452,1,1,False,1,87.1
PID-03243,2025-06-20,1969-06-03,Emergency,56.0,Female,10002,7,4,True,0,61.7
PID-03244,2025-11-14,1957-05-25,General Medicine,68.0,Female,10001,2,2,True,0,57.0
PID-03245,2025-07-14,2007-07-25,Cardiology,18.0,Female,10002,7,4,True,0,54.4
PID-03246,2025-06-18,1931-03-20,Geriatrics,94.0,Male,10001,3,3,False,0,60.4
PID-03247,2025-08-14,1976-01-26,Cardiology,50.0,Female,10001,9,6,True,0,33.9
PID-03248,2025-06-21,2006-07-21,General Medicine,19.0,Male,10002,5,5,True,0,43.9
PID-03249,2025-08-09,1967-07-03,General Medicine,58.0,Female,10451,7,7,True,1,76.9
PID-03250,2025-11-30,1970-01-11,Cardiology,56.0,Female,10452,8,6,True,1,63.6
PID-03251,2025-11-01,1971-05-09,Emergency,54.0,Female,10002,2,2,True,1,78.3
PID-03252,2025-03-11,1951-10-30,Geriatrics,73.0,Male,10001,1,1,True,0,72.1
PID-03253,2025-06-03,1956-02-27,General Medicine,69.0,Female,10002,7,7,True,0,52.9
PID-03254,2025-06-14,1964-02-21,General Medicine,61.0,Male,10453,6,6,True,0,49.9
PID-03255,2025-11-05,1962-01-18,Geriatrics,64.0,Male,10002,6,6,True,0,47.5
PID-03256,2025-12-22,1971-07-06,Emergency,54.0,Male,10453,2,2,False,1,91.2
PID-03257,2025-04-13,1938-08-31,General Medicine,87.0,Female,10451,3,3,False,0,82.9
PID-03258,2025-09-03,1996-04-19,General Medicine,29.0,Male,10453,4,4,False,0,70.1
PID-03259,2025-06-10,1967-06-20,Emergency,58.0,Male,10451,3,3,True,1,73.4
PID-03260,2025-04-01,1968-08-31,General Medicine,57.0,Female,10001,2,2,False,1,96.3
PID-03261,2025-07-23,1955-05-02,Cardiology,70.0,Male,10451,3,3,True,0,67.8
PID-03262,2025-06-13,1984-12-30,General Medicine,40.0,Female,10451,6,3,False,0,75.4
PID-03263,2025-05-30,2001-05-24,Emergency,24.0,Male,10452,9,9,False,0,54.2
PID-03264,2025-12-22,1968-05-25,Emergency,58.0,Male,10451,4,4,False,0,62.0
PID-03265,2025-11-21,1965-03-25,Geriatrics,61.0,Female,10001,6,6,True,0,55.3
PID-03266,2025-09-09,1943-08-25,Emergency,82.0,Male,10452,1,1,False,0,100.0
PID-03267,2025-10-22,1992-10-15,Emergency,33.0,Male,10453,6,6,False,0,64.1
PID-03268,2025-05-05,1949-03-08,General Medicine,76.0,Female,10453,3,3,False,0,66.5
PID-03269,2025-06-16,1930-02-01,Geriatrics,,Female,10451,9,9,False,0,100.0
PID-03270,2025-07-12,1976-12-19,Cardiology,49.0,Female,10001,4,4,True,0,61.4
PID-03271,2025-05-24,1993-05-17,Emergency,32.0,Male,10001,7,7,True,1,85.8
PID-03272,2025-07-21,1977-07-14,Emergency,48.0,Male,10453,4,4,True,0,51.0
PID-03273,2025-07-06,1969-10-05,Emergency,56.0,Female,10453,6,6,False,0,69.5
PID-03274,2025-02-28,1958-10-01,Cardiology,66.0,Female,10453,7,5,False,0,78.7
PID-03275,2025-10-16,1980-07-02,Cardiology,45.0,Female,10451,2,2,False,0,76.8
PID-03276,2025-04-13,1941-10-16,Geriatrics,83.0,Female,10453,10,7,False,0,91.3
PID-03277,2025-10-31,1991-03-27,General Medicine,35.0,Female,10453,6,3,True,0,51.5
PID-03278,2025-10-07,2001-06-22,Cardiology,24.0,Female,10451,8,8,True,0,57.0
PID-03279,2025-04-03,1950-06-19,Emergency,75.0,Male,10452,6,6,True,0,72.5
PID-03280,2025-12-16,2008-04-05,General Medicine,18.0,Female,10001,2,2,True,0,58.4
PID-03281,2025-10-09,1973-10-18,General Medicine,52.0,Male,10452,4,4,True,0,55.2
PID-03282,2025-01-14,1930-03-14,Emergency,95.0,Male,10453,1,1,False,0,73.5
PID-03283,2025-08-25,1970-05-22,Cardiology,55.0,Female,10001,7,4,True,0,44.1
PID-03284,2025-12-29,1991-05-01,Emergency,35.0,Female,10452,8,5,True,0,34.5
PID-03285,2025-04-18,1970-11-18,Cardiology,54.0,Male,10002,10,10,True,0,53.5
PID-03286,2025-08-13,1970-06-11,Emergency,55.0,Male,10453,2,2,True,0,51.0
PID-03287,2025-05-30,1967-02-03,Emergency,58.0,Male,10452,10,10,True,0,61.5
PID-03288,2025-12-21,1958-06-26,Cardiology,67.0,Female,10453,5,3,False,0,84.1
PID-03289,2025-02-05,1988-04-19,General Medicine,37.0,Female,10452,8,8,True,0,47.1
PID-03290,2025-07-29,1939-10-03,Geriatrics,,Male,10451,8,8,True,0,55.6
PID-03291,2025-12-11,1965-12-27,Cardiology,60.0,Male,10001,5,5,False,0,73.1
PID-03292,2025-09-13,1956-09-13,Cardiology,69.0,Female,10452,8,8,True,0,62.3
PID-03293,2025-03-13,1981-04-26,Emergency,44.0,Male,10451,6,6,False,0,86.4
PID-03294,2025-11-21,1946-09-06,Geriatrics,79.0,Female,10452,5,5,False,0,79.0
PID-03295,2025-06-05,1973-12-20,General Medicine,51.0,Non-Binary,10001,4,4,True,0,54.4
PID-03296,2025-05-04,1965-03-29,Emergency,60.0,Male,10453,5,5,False,0,84.7
PID-03297,2025-05-10,1986-06-19,Emergency,39.0,Female,10451,4,4,True,0,48.7
PID-03298,2025-12-04,1988-05-06,Emergency,38.0,Male,10453,1,1,False,0,67.0
PID-03299,2025-03-20,1957-08-15,Cardiology,68.0,Male,10452,3,3,False,0,68.0
PID-03300,2025-08-05,1977-07-26,General Medicine,48.0,Female,10001,8,8,True,0,46.8
PID-03301,2025-07-13,1985-07-17,General Medicine,40.0,Male,10451,7,7,True,0,53.4
PID-03302,2025-02-07,1980-12-18,Emergency,44.0,Unknown,10453,7,7,False,0,82.4
PID-03303,2025-08-18,1957-06-11,Emergency,68.0,Female,10452,3,3,True,1,72.6
PID-03304,2025-11-03,1981-08-19,Emergency,44.0,Male,10451,9,9,False,0,61.9
PID-03305,2025-09-03,1972-06-06,General Medicine,53.0,Male,10453,6,6,False,1,78.0
PID-03306,2025-10-26,1970-02-21,General Medicine,56.0,Male,10002,8,8,True,0,66.2
PID-03307,2025-07-25,2004-05-26,Emergency,21.0,Male,10002,8,8,True,0,51.5
PID-03308,2025-10-01,1996-07-01,General Medicine,29.0,Male,10452,3,3,True,0,46.1
PID-03309,2025-09-17,1963-04-04,Cardiology,62.0,Male,10002,4,4,True,0,33.8
PID-03310,2025-12-21,1983-09-21,Emergency,42.0,Male,10451,6,6,True,0,50.0
PID-03311,2025-08-03,1950-09-04,Emergency,75.0,Female,10452,2,2,False,0,76.4
PID-03312,2025-10-06,1952-08-16,Geriatrics,73.0,Female,10452,7,7,False,0,63.9
PID-03313,2025-01-19,1956-09-04,Emergency,68.0,Female,10001,2,2,True,0,57.4
PID-03314,2025-07-04,1937-06-26,Emergency,88.0,Male,10452,5,5,True,0,71.0
PID-03315,2025-12-26,1971-07-16,General Medicine,54.0,Male,10451,4,4,False,0,67.7
PID-03316,2025-10-02,1958-04-12,Emergency,67.0,Female,10451,9,9,True,0,70.6
PID-03317,2025-11-01,1981-03-28,Emergency,45.0,Female,10453,2,2,True,0,64.0
PID-03318,2025-11-23,1931-02-16,Geriatrics,95.0,Male,10001,7,7,True,0,57.6
PID-03319,2025-02-13,1933-12-22,Geriatrics,91.0,Female,10452,7,5,False,0,79.2
PID-03320,2025-02-25,1969-07-11,Cardiology,56.0,Female,10452,7,5,False,0,74.5
PID-03321,2025-05-08,1963-09-25,Cardiology,62.0,Female,10452,1,1,True,1,84.2
PID-03322,2025-12-03,1945-11-13,Geriatrics,,Male,10451,8,8,False,0,92.8
PID-03323,2025-12-07,1973-03-06,Cardiology,53.0,Female,10002,2,2,True,0,63.7
PID-03324,2025-07-01,1981-08-03,General Medicine,44.0,Female,10002,5,5,True,0,43.4
PID-03325,2025-03-27,1954-08-16,Geriatrics,71.0,Female,10452,2,2,True,0,73.1
PID-03326,2025-11-28,1969-04-02,Emergency,57.0,Female,10451,5,3,False,0,74.6
PID-03327,2025-11-10,1967-02-15,Cardiology,59.0,Female,10002,7,7,True,0,45.3
PID-03328,2025-01-23,1985-03-03,Emergency,40.0,Female,10452,6,6,False,0,59.7
PID-03329,2025-10-16,2001-02-16,General Medicine,25.0,Male,10453,5,5,True,0,42.8
PID-03330,2025-11-27,1965-06-04,Emergency,60.0,Female,10001,4,4,True,0,53.3
PID-03331,2025-12-13,1954-03-28,Cardiology,72.0,Female,10453,8,8,False,0,75.6
PID-03332,2025-11-28,1974-09-16,Cardiology,51.0,Female,10001,8,5,True,1,78.3
PID-03333,2025-07-24,1944-11-04,Cardiology,81.0,Male,10451,1,1,True,0,49.9
PID-03334,2025-06-19,1982-09-04,Emergency,43.0,Male,10451,10,10,False,0,63.2
PID-03335,2025-08-09,1988-05-15,Emergency,37.0,Female,10001,2,2,True,0,49.2
PID-03336,2025-02-24,1970-10-07,Cardiology,54.0,Female,10453,3,3,True,0,48.5
PID-03337,2025-01-06,1971-06-25,General Medicine,54.0,Female,10451,1,1,False,0,58.5
PID-03338,2025-02-20,1956-03-22,Geriatrics,69.0,Female,10001,3,3,True,0,54.3
PID-03339,2025-05-13,1983-04-11,Emergency,42.0,Female,10452,10,7,False,1,79.3
PID-03340,2025-04-24,1944-11-06,Geriatrics,,Female,10452,8,6,False,0,80.6
PID-03341,2025-09-19,1934-06-15,Cardiology,91.0,Female,10453,4,4,False,0,93.7
PID-03342,2025-09-23,1971-01-15,Emergency,55.0,Female,10451,7,7,True,0,43.1
PID-03343,2025-10-13,1947-08-13,General Medicine,78.0,Female,10002,7,7,True,1,76.4
PID-03344,2025-10-25,1989-10-28,Emergency,36.0,Male,10001,5,5,True,0,58.8
PID-03345,2025-12-19,1950-11-15,General Medicine,75.0,Male,10452,1,1,False,0,69.5
PID-03346,2025-10-22,1951-09-06,Geriatrics,74.0,Female,10452,10,7,True,1,94.0
PID-03347,2025-04-24,1953-11-26,Geriatrics,71.0,Male,10453,4,4,False,0,69.2
PID-03348,2025-08-17,1971-02-04,Emergency,55.0,Male,10452,7,7,False,0,66.8
PID-03349,2025-07-11,2007-08-12,Emergency,18.0,Male,10453,5,5,True,0,47.8
PID-03350,2025-07-20,1981-10-12,Emergency,44.0,Male,10453,2,2,False,0,76.3
PID-03351,2025-08-26,1982-01-21,General Medicine,44.0,Male,10451,8,8,True,0,66.9
PID-03352,2025-12-14,1988-06-01,Emergency,38.0,Male,10001,2,2,True,0,46.9
PID-03353,2025-10-29,1967-12-31,General Medicine,58.0,Female,10001,8,5,True,0,49.8
PID-03354,2025-12-20,1977-09-25,General Medicine,48.0,Female,10002,2,2,False,0,54.6
PID-03355,2025-09-14,1984-04-17,General Medicine,41.0,Male,10451,5,5,False,0,69.6
PID-03356,2025-03-19,1989-03-28,Emergency,36.0,Male,10001,4,4,True,0,60.4
PID-03357,2025-06-26,1982-05-28,General Medicine,43.0,Female,10002,1,1,True,0,71.3
PID-03358,2025-01-13,1948-09-19,Geriatrics,76.0,Male,10002,8,8,True,0,56.8
PID-03359,2025-09-05,1981-09-10,Emergency,44.0,Female,10001,10,7,True,0,56.5
PID-03360,2025-02-23,1978-09-22,General Medicine,46.0,Female,10002,3,3,True,1,85.4
PID-03361,2025-06-01,1978-01-03,Emergency,47.0,Female,10001,4,4,True,0,37.1
PID-03362,2025-08-01,1963-08-15,General Medicine,62.0,Male,10451,4,4,False,0,82.8
PID-03363,2025-02-13,1960-12-07,Cardiology,64.0,Female,10001,5,3,True,0,42.7
PID-03364,2025-03-01,2006-10-30,General Medicine,18.0,Male,10453,3,3,True,0,52.4
PID-03365,2025-03-14,1950-10-06,Cardiology,74.0,Female,10001,9,6,True,0,48.6
PID-03366,2025-06-28,1944-01-04,Geriatrics,81.0,Female,10453,4,4,False,0,76.7
PID-03367,2025-06-09,1988-03-10,Cardiology,37.0,Male,10451,10,10,False,0,54.8
PID-03368,2025-06-25,1987-03-18,General Medicine,38.0,Male,10451,4,4,False,0,72.4
PID-03369,2025-08-22,1978-07-07,Emergency,47.0,Male,10451,6,6,False,0,83.8
PID-03370,2025-04-16,1983-02-22,General Medicine,42.0,Female,10002,8,6,True,0,50.3
PID-03371,2025-09-24,1965-10-19,Cardiology,60.0,Male,10001,7,7,True,0,37.0
PID-03372,2025-09-05,2005-05-18,Emergency,20.0,Female,10452,4,4,True,0,47.0
PID-03373,2025-06-28,1990-10-20,General Medicine,35.0,Male,10453,4,4,False,0,71.9
PID-03374,2025-09-01,1942-09-26,Cardiology,83.0,Female,10453,5,2,True,0,58.7
PID-03375,2025-02-19,1986-05-24,General Medicine,39.0,Female,10452,10,7,False,0,76.1
PID-03376,2025-08-13,1947-09-30,Cardiology,78.0,Female,10451,5,5,False,0,98.1
PID-03377,2025-12-23,1964-02-26,General Medicine,62.0,Female,10451,1,1,True,1,74.5
PID-03378,2025-08-20,2002-06-15,Emergency,23.0,Male,10452,8,8,True,0,48.8
PID-03379,2025-06-13,1958-06-04,Geriatrics,67.0,Male,10453,10,10,False,0,73.5
PID-03380,2025-02-04,1972-03-09,General Medicine,53.0,Female,10002,5,5,False,0,79.3
PID-03381,2025-06-03,1978-11-07,Emergency,47.0,Male,10453,3,3,False,0,87.2
PID-03382,2025-01-23,1965-05-08,Emergency,60.0,Male,10002,3,3,True,1,73.3
PID-03383,2025-12-30,1961-12-30,Cardiology,64.0,Male,10451,4,4,True,0,52.3
PID-03384,2025-02-28,1957-04-04,Emergency,68.0,Male,10453,7,7,True,0,61.5
PID-03385,2025-01-12,1947-11-21,Geriatrics,77.0,Male,10453,5,5,False,0,73.1
PID-03386,2025-06-25,1962-09-29,Emergency,63.0,Female,10452,1,1,False,0,76.6
PID-03387,2025-11-28,1994-07-16,General Medicine,31.0,Male,10002,5,5,True,1,74.6
PID-03388,2025-02-25,1978-06-04,General Medicine,47.0,Female,10002,5,5,True,0,52.0
PID-03389,2025-12-13,1930-09-11,Cardiology,95.0,Male,10001,6,6,True,0,68.7
PID-03390,2025-03-26,1956-04-29,General Medicine,69.0,Female,10452,7,7,True,1,82.1
PID-03391,2025-05-05,1930-08-01,Geriatrics,95.0,Male,10451,5,5,True,0,60.8
PID-03392,2025-09-22,1944-12-22,Cardiology,81.0,Female,10451,2,2,True,0,53.5
PID-03393,2025-03-31,1964-10-08,Emergency,60.0,Female,10451,2,2,True,0,40.2
PID-03394,2025-10-10,1964-05-02,General Medicine,61.0,Male,10451,4,4,False,0,71.1
PID-03395,2025-03-23,1970-07-04,Cardiology,55.0,Female,10451,1,1,False,0,71.9
PID-03396,2025-06-19,2001-09-25,Emergency,24.0,Unknown,10453,7,7,False,0,78.3
PID-03397,2025-10-14,1969-12-12,General Medicine,56.0,Female,10001,1,1,False,0,63.1
PID-03398,2025-08-07,1948-12-06,Cardiology,77.0,Female,10453,3,3,False,1,95.6
PID-03399,2025-08-25,1981-01-31,Emergency,45.0,Male,10002,10,10,True,0,66.0
PID-03400,2025-04-29,1962-05-18,General Medicine,63.0,Female,10452,7,5,False,0,71.2
PID-03401,2025-07-27,1954-04-05,Cardiology,71.0,Male,10453,6,6,True,0,47.6
PID-03402,2025-11-19,1987-03-16,General Medicine,39.0,Male,10002,7,7,True,0,49.5
PID-03403,2025-04-05,1978-02-20,Cardiology,47.0,Unknown,10001,5,5,True,0,44.1
PID-03404,2025-04-06,1988-05-23,Emergency,37.0,Male,10002,8,8,True,0,53.2
PID-03405,2025-11-24,1984-11-15,Emergency,41.0,Female,10002,6,6,True,0,46.2
PID-03406,2025-12-03,1994-02-27,Emergency,32.0,Female,10452,4,4,False,0,81.1
PID-03407,2025-08-10,1986-10-25,Cardiology,39.0,Female,10001,1,1,True,0,38.3
PID-03408,2025-07-22,1944-04-06,Geriatrics,81.0,Unknown,10001,2,2,True,0,71.5
PID-03409,2025-01-15,1986-06-28,Cardiology,39.0,Male,10452,6,6,False,0,76.7
PID-03410,2025-11-11,1967-06-05,General Medicine,58.0,Male,10451,4,4,False,0,72.9
PID-03411,2025-04-12,1979-05-01,General Medicine,46.0,Male,10451,3,3,False,0,79.3
PID-03412,2025-08-19,1948-08-23,Geriatrics,77.0,Male,10451,7,7,False,0,90.9
PID-03413,2025-10-31,1947-02-14,Geriatrics,,Male,10452,7,7,False,1,100.0
PID-03414,2025-08-08,1954-07-30,General Medicine,71.0,Male,10001,2,2,True,1,99.7
PID-03415,2025-07-19,1964-05-31,General Medicine,61.0,Female,10451,8,6,True,0,55.6
PID-03416,2025-01-03,1973-09-30,Cardiology,51.0,Female,10453,1,1,True,0,45.1
PID-03417,2025-12-27,1992-04-03,Emergency,34.0,Male,10002,10,10,False,0,57.9
PID-03418,2025-04-20,1935-01-18,Cardiology,90.0,Female,10452,7,7,False,0,89.7
PID-03419,2025-04-16,1983-05-13,Emergency,42.0,Male,10453,10,10,True,0,50.0
PID-03420,2025-05-23,1958-09-19,Emergency,67.0,Male,10453,1,1,False,1,88.9
PID-03421,2025-12-27,1951-06-14,Geriatrics,,Female,10452,3,3,False,0,83.0
PID-03422,2025-02-02,1979-01-07,General Medicine,46.0,Female,10452,3,3,True,0,47.7
PID-03423,2025-10-23,1951-08-10,General Medicine,74.0,Female,10452,10,7,False,1,99.0
PID-03424,2025-02-22,1956-06-08,Emergency,69.0,Male,10452,2,2,True,0,69.1
PID-03425,2025-10-02,1938-08-10,Cardiology,87.0,Female,10451,10,10,False,0,72.9
PID-03426,2025-04-06,1978-04-24,Emergency,47.0,Female,10001,5,5,True,0,45.9
PID-03427,2025-07-07,1993-10-16,General Medicine,32.0,Female,10002,4,4,True,0,48.1
PID-03428,2025-06-16,1979-12-12,Cardiology,46.0,Female,10002,6,3,False,0,79.2
PID-03429,2025-04-11,1966-01-03,General Medicine,59.0,Female,10002,2,2,True,0,39.4
PID-03430,2025-08-23,1968-06-05,General Medicine,57.0,Female,10451,4,4,True,0,44.3
PID-03431,2025-02-28,1977-03-11,Emergency,48.0,Female,10453,7,5,False,0,73.8
PID-03432,2025-05-15,2003-12-16,Emergency,21.0,Unknown,10453,1,1,True,0,54.5
PID-03433,2025-12-10,1962-01-08,Emergency,64.0,Female,10452,3,3,True,0,39.9
PID-03434,2025-09-08,1934-07-09,Geriatrics,91.0,Male,10453,1,1,True,0,56.5
PID-03435,2025-09-28,1961-10-30,Emergency,64.0,Female,10453,2,2,False,1,93.9
PID-03436,2025-11-24,1959-08-04,Emergency,66.0,Male,10453,9,9,True,0,62.6
PID-03437,2025-06-10,1959-01-01,Cardiology,66.0,Male,10001,10,10,True,0,58.1
PID-03438,2025-11-02,1963-02-16,General Medicine,63.0,Female,10451,5,5,True,0,63.8
PID-03439,2025-07-18,1953-03-31,Geriatrics,72.0,Female,10451,4,4,True,0,59.1
PID-03440,2025-11-09,1962-09-25,Cardiology,63.0,Female,10001,4,4,True,0,63.6
PID-03441,2025-07-20,1975-07-28,General Medicine,50.0,Male,10453,8,8,True,0,45.8
PID-03442,2025-10-28,1984-05-09,General Medicine,41.0,Female,10001,3,3,True,0,35.6
PID-03443,2025-02-28,1974-07-02,Cardiology,51.0,Male,10002,4,4,True,0,72.6
PID-03444,2025-06-28,1964-04-24,Emergency,61.0,Unknown,10001,2,2,False,0,69.2
PID-03445,2025-06-30,1975-12-08,Emergency,50.0,Unknown,10451,6,6,True,1,78.3
PID-03446,2025-08-23,1964-12-10,Geriatrics,61.0,Female,10451,9,9,False,0,56.9
PID-03447,2025-11-13,1962-05-31,General Medicine,63.0,Female,10452,4,4,True,0,52.4
PID-03448,2025-03-30,1954-12-19,General Medicine,70.0,Female,10002,6,3,True,0,67.4
PID-03449,2025-12-11,1947-04-12,Geriatrics,79.0,Female,10451,4,4,False,0,69.7
PID-03450,2025-12-28,1969-01-20,Cardiology,57.0,Male,10452,2,2,False,0,68.7
PID-03451,2025-06-02,1993-11-17,Emergency,32.0,Male,10452,6,6,True,0,49.5
PID-03452,2025-11-11,1976-10-17,Emergency,49.0,Female,10002,7,7,True,1,63.5
PID-03453,2025-10-30,1969-06-16,Cardiology,56.0,Female,10001,4,4,True,0,64.6
PID-03454,2025-02-13,2003-04-23,Emergency,22.0,Male,10001,7,7,True,1,50.9
PID-03455,2025-12-11,1945-10-24,Emergency,80.0,Female,10452,8,5,False,0,60.8
PID-03456,2025-03-10,1967-03-09,General Medicine,58.0,Male,10002,3,3,True,0,51.0
PID-03457,2025-06-10,1963-10-22,Emergency,62.0,Female,10001,2,2,True,0,41.0
PID-03458,2025-03-02,1945-03-15,Geriatrics,80.0,Female,10001,5,5,False,1,100.0
PID-03459,2025-05-03,1981-10-02,Emergency,44.0,Female,10452,2,2,True,0,46.9
PID-03460,2025-06-06,1959-01-27,Geriatrics,66.0,Female,10451,10,7,False,0,83.6
PID-03461,2025-03-01,1970-10-05,Cardiology,54.0,Male,10451,5,5,True,0,37.7
PID-03462,2025-04-04,1973-06-24,Emergency,52.0,Male,10452,10,10,True,0,46.4
PID-03463,2025-07-11,1983-03-16,General Medicine,42.0,Female,10001,6,3,True,0,46.0
PID-03464,2025-12-22,1940-09-24,Geriatrics,85.0,Female,10002,8,5,True,0,81.1
PID-03465,2025-03-14,1976-05-20,Emergency,49.0,Male,10002,6,6,True,0,45.9
PID-03466,2025-09-19,1957-10-27,Emergency,68.0,Female,10002,4,4,True,0,39.4
PID-03467,2025-07-18,2003-10-07,General Medicine,22.0,Male,10453,3,3,False,0,79.9
PID-03468,2025-08-03,1949-01-19,Geriatrics,77.0,Female,10451,2,2,True,0,57.8
PID-03469,2025-11-02,1952-03-20,Cardiology,74.0,Female,10452,1,1,False,0,82.4
PID-03470,2025-03-12,1967-12-08,Emergency,57.0,Male,10002,2,2,True,0,46.9
PID-03471,2025-10-22,1974-09-05,Emergency,51.0,Male,10002,2,2,True,0,38.5
PID-03472,2025-07-16,1962-02-01,Cardiology,63.0,Female,10002,5,5,True,0,61.8
PID-03473,2025-08-05,1930-02-24,Emergency,95.0,Female,10452,9,6,True,0,51.2
PID-03474,2025-04-06,2001-08-20,Emergency,24.0,Female,10002,1,1,True,0,36.7
PID-03475,2025-09-07,1955-06-18,Emergency,70.0,Female,10451,4,4,False,0,84.2
PID-03476,2025-11-22,1986-11-02,General Medicine,39.0,Female,10452,10,10,True,0,51.4
PID-03477,2025-10-03,1970-12-24,Emergency,55.0,Non-Binary,10453,7,7,False,0,79.6
PID-03478,2025-12-22,1974-10-13,Cardiology,51.0,Female,10001,10,7,True,0,52.5
PID-03479,2025-11-27,1977-12-15,Cardiology,48.0,Female,10001,3,3,True,0,49.3
PID-03480,2025-03-30,1969-11-23,Cardiology,55.0,Male,10001,8,8,True,0,58.2
PID-03481,2025-10-12,1990-06-06,Cardiology,35.0,Male,10452,3,3,False,0,55.2
PID-03482,2025-03-27,1951-01-06,General Medicine,74.0,Female,10001,8,8,True,0,58.4
PID-03483,2025-09-08,2003-02-08,General Medicine,23.0,Male,10451,2,2,True,0,41.5
PID-03484,2025-05-28,1959-12-19,Emergency,65.0,Female,10451,5,2,True,0,52.3
PID-03485,2025-03-13,1975-03-10,General Medicine,50.0,Female,10002,4,4,False,0,77.3
PID-03486,2025-04-06,1991-03-15,Emergency,34.0,Female,10001,9,7,True,0,52.5
PID-03487,2025-06-11,1966-09-25,Cardiology,59.0,Male,10002,3,3,True,0,56.4
PID-03488,2025-08-19,1998-07-13,Cardiology,27.0,Male,10001,5,5,True,0,61.2
PID-03489,2025-11-14,1969-11-05,General Medicine,56.0,Male,10001,10,10,True,0,54.5
PID-03490,2025-01-28,1995-01-12,Emergency,30.0,Male,10451,9,9,True,0,56.7
PID-03491,2025-07-03,1961-06-23,Emergency,64.0,Male,10452,6,6,False,0,86.9
PID-03492,2025-01-05,1986-06-29,General Medicine,39.0,Female,10001,2,2,True,0,73.8
PID-03493,2025-09-06,1978-10-12,Emergency,47.0,Female,10451,1,1,True,0,48.6
PID-03494,2025-03-11,1964-03-15,Emergency,61.0,Female,10002,1,1,True,0,41.5
PID-03495,2025-04-10,1983-04-12,General Medicine,42.0,Female,10452,7,4,False,0,46.8
PID-03496,2025-07-16,1971-08-09,Emergency,54.0,Male,10453,2,2,True,0,67.3
PID-03497,2025-10-15,1997-08-28,General Medicine,28.0,Female,10453,7,7,False,0,64.9
PID-03498,2025-09-16,1958-06-02,Emergency,67.0,Female,10002,1,1,True,0,64.2
PID-03499,2025-12-01,1939-04-17,Cardiology,87.0,Male,10451,4,4,True,0,65.9
PID-03500,2025-09-11,1930-11-21,General Medicine,95.0,Female,10452,10,7,False,0,87.2
PID-03501,2025-07-29,1968-06-12,General Medicine,57.0,Male,10001,4,4,True,0,47.7
PID-03502,2025-12-17,1955-11-16,Emergency,70.0,Female,10452,5,2,False,0,87.2
PID-03503,2025-09-09,2002-07-26,General Medicine,23.0,Unknown,10453,10,10,False,1,99.9
PID-03504,2025-08-01,1942-09-04,General Medicine,83.0,Male,10002,1,1,True,0,53.9
PID-03505,2025-12-30,1957-04-06,Emergency,69.0,Female,10451,7,4,False,0,94.6
PID-03506,2025-08-16,1978-07-11,Emergency,47.0,Female,10452,2,2,False,0,76.1
PID-03507,2025-09-08,1947-08-08,Geriatrics,78.0,Unknown,10001,2,2,True,0,48.4
PID-03508,2025-03-27,1974-07-15,Cardiology,51.0,Male,10002,8,8,True,0,46.7
PID-03509,2025-02-12,1977-10-16,Emergency,47.0,Female,10002,9,6,True,0,46.5
PID-03510,2025-10-17,1961-06-13,Emergency,64.0,Male,10001,6,6,True,0,44.9
PID-03511,2025-01-16,1989-06-01,Emergency,36.0,Male,10001,1,1,True,1,80.5
PID-03512,2025-04-23,1951-08-09,Cardiology,74.0,Male,10002,1,1,True,0,71.6
PID-03513,2025-05-30,1989-08-12,Emergency,36.0,Unknown,10001,7,7,True,0,40.2
PID-03514,2025-01-17,1988-02-12,General Medicine,37.0,Female,10452,8,8,False,1,91.8
PID-03515,2025-05-21,1986-03-20,General Medicine,39.0,Female,10451,3,3,False,0,80.3
PID-03516,2025-04-26,1956-01-29,Cardiology,69.0,Female,10001,9,9,True,0,52.4
PID-03517,2025-10-03,1981-10-12,General Medicine,44.0,Male,10002,4,4,True,1,68.6
PID-03518,2025-05-28,1994-10-23,General Medicine,31.0,Male,10001,4,4,True,1,54.7
PID-03519,2025-03-28,1979-11-27,General Medicine,45.0,Male,10002,3,3,True,1,81.9
PID-03520,2025-08-23,1970-08-12,Emergency,55.0,Male,10002,8,8,True,0,51.8
PID-03521,2025-10-17,1992-03-01,General Medicine,34.0,Male,10452,9,9,True,0,47.0
PID-03522,2025-09-11,1991-03-08,Emergency,35.0,Male,10002,1,1,True,0,35.5
PID-03523,2025-10-09,1931-09-11,Geriatrics,,Male,10002,2,2,True,0,56.9
PID-03524,2025-09-19,1985-04-25,Emergency,40.0,Male,10452,1,1,True,0,32.7
PID-03525,2025-02-27,1975-04-10,Emergency,50.0,Male,10451,4,4,True,0,48.4
PID-03526,2025-10-21,1976-09-19,Cardiology,49.0,Male,10451,10,10,False,0,87.3
PID-03527,2025-02-28,1977-05-30,Emergency,48.0,Unknown,10453,7,7,False,0,71.8
PID-03528,2025-05-18,1958-02-04,Emergency,67.0,Female,10002,7,7,True,0,71.1
PID-03529,2025-10-06,1952-08-11,Geriatrics,73.0,Non-Binary,10453,6,6,False,0,91.7
PID-03530,2025-07-07,1975-03-20,Cardiology,50.0,Male,10453,5,5,True,0,45.2
PID-03531,2025-10-05,1993-01-23,Emergency,33.0,Male,10002,4,4,True,0,55.6
PID-03532,2025-01-22,1947-04-11,Emergency,78.0,Female,10453,8,5,False,0,55.4
PID-03533,2025-08-14,1971-11-08,Emergency,54.0,Male,10452,7,7,False,1,97.5
PID-03534,2025-10-07,1938-09-23,Geriatrics,,Male,10453,10,10,False,0,89.7
PID-03535,2025-04-22,2007-05-25,Emergency,18.0,Male,10452,1,1,False,0,74.7
PID-03536,2025-08-06,1966-04-26,Cardiology,59.0,Male,10452,6,6,False,1,91.8
PID-03537,2025-02-22,1934-12-14,Geriatrics,,Male,10001,2,2,False,0,91.3
PID-03538,2025-12-01,1977-05-09,Emergency,49.0,Male,10451,4,4,False,0,80.2
PID-03539,2025-05-07,1974-06-03,General Medicine,51.0,Female,10002,5,5,True,0,49.6
PID-03540,2025-06-02,1964-02-04,Emergency,61.0,Male,10002,8,8,True,0,63.4
PID-03541,2025-01-17,1980-02-12,General Medicine,45.0,Male,10453,6,6,True,0,54.7
PID-03542,2025-08-19,1975-06-09,Cardiology,50.0,Female,10001,2,2,True,0,35.5
PID-03543,2025-05-15,1976-01-30,Emergency,49.0,Male,10452,5,5,True,0,52.9
PID-03544,2025-06-28,1981-05-02,General Medicine,44.0,Male,10001,5,5,False,0,63.5
PID-03545,2025-02-14,1947-04-22,Geriatrics,,Female,10001,6,3,True,0,64.5
PID-03546,2025-08-13,1962-01-27,Emergency,64.0,Male,10451,1,1,False,0,37.3
PID-03547,2025-03-02,1965-08-28,General Medicine,60.0,Male,10001,8,8,True,0,64.3
PID-03548,2025-05-02,1955-08-13,Cardiology,70.0,Female,10453,3,3,False,0,90.1
PID-03549,2025-04-18,1974-06-04,General Medicine,51.0,Male,10002,5,5,True,0,64.3
PID-03550,2025-10-29,1983-11-26,General Medicine,42.0,Female,10001,7,4,True,0,49.9
PID-03551,2025-12-19,1980-07-25,General Medicine,45.0,Female,10001,3,3,True,0,60.4
PID-03552,2025-06-29,1969-02-04,Cardiology,56.0,Male,10002,10,10,True,1,76.9
PID-03553,2025-12-30,1989-10-30,Emergency,36.0,Female,10001,6,4,True,0,41.1
PID-03554,2025-11-09,1980-03-06,Emergency,46.0,Female,10451,5,2,True,1,67.7
PID-03555,2025-11-20,1979-06-20,General Medicine,46.0,Male,10451,7,7,True,0,46.9
PID-03556,2025-08-08,1931-03-02,Geriatrics,94.0,Female,10001,10,10,True,0,71.3
PID-03557,2025-03-26,2007-04-29,Emergency,18.0,Male,10002,3,3,True,0,60.9
PID-03558,2025-11-12,1973-10-10,General Medicine,52.0,Female,10453,2,2,True,0,44.2
PID-03559,2025-03-13,1938-06-11,Geriatrics,,Male,10451,4,4,False,0,86.5
PID-03560,2025-04-16,1967-02-05,General Medicine,58.0,Male,10451,3,3,False,0,70.1
PID-03561,2025-04-16,1955-10-27,Emergency,69.0,Male,10452,4,4,False,0,71.5
PID-03562,2025-01-31,1967-09-04,Emergency,57.0,Female,10452,7,7,True,0,39.4
PID-03563,2025-10-19,1982-12-14,General Medicine,43.0,Male,10452,5,5,False,0,67.9
PID-03564,2025-06-29,2007-12-13,Emergency,18.0,Male,10453,4,4,False,1,100.0
PID-03565,2025-09-30,1967-01-28,Emergency,59.0,Male,10002,6,6,True,0,45.4
PID-03566,2025-05-24,1983-07-03,General Medicine,42.0,Female,10001,7,5,True,0,57.1
PID-03567,2025-11-02,1984-08-22,Cardiology,41.0,Female,10002,5,5,True,0,52.8
PID-03568,2025-10-03,1979-02-27,Cardiology,47.0,Female,10453,7,5,True,0,35.3
PID-03569,2025-03-28,1937-11-23,Geriatrics,,Female,10001,3,3,True,0,78.1
PID-03570,2025-06-15,1930-06-11,Cardiology,95.0,Female,10451,7,5,False,0,90.8
PID-03571,2025-12-27,1966-09-02,General Medicine,59.0,Male,10452,3,3,True,0,37.3
PID-03572,2025-05-30,1978-03-26,Emergency,47.0,Female,10451,6,6,True,1,78.6
PID-03573,2025-05-29,1991-02-10,General Medicine,34.0,Female,10002,8,8,False,0,83.3
PID-03574,2025-10-21,1961-09-08,General Medicine,64.0,Unknown,10002,6,6,True,0,53.7
PID-03575,2025-05-17,1937-07-04,Geriatrics,,Female,10001,10,8,True,1,81.3
PID-03576,2025-09-21,1974-05-04,General Medicine,51.0,Male,10002,3,3,True,0,48.9
PID-03577,2025-12-14,2007-06-27,General Medicine,18.0,Male,10001,5,5,True,0,47.7
PID-03578,2025-02-18,1956-12-17,Emergency,68.0,Female,10452,9,9,True,0,58.7
PID-03579,2025-03-11,1951-09-18,General Medicine,73.0,Female,10453,8,6,True,0,70.1
PID-03580,2025-07-30,1998-11-27,General Medicine,27.0,Female,10452,6,6,False,0,74.3
PID-03581,2025-01-31,1966-01-21,General Medicine,59.0,Female,10452,9,9,False,0,62.2
PID-03582,2025-05-22,1961-03-01,General Medicine,64.0,Female,10451,2,2,False,1,92.5
PID-03583,2025-12-02,1971-08-11,Cardiology,54.0,Male,10001,9,9,True,0,46.4
PID-03584,2025-03-06,1984-08-25,Emergency,41.0,Female,10001,10,10,True,0,52.6
PID-03585,2025-12-26,1952-02-13,Cardiology,74.0,Male,10002,10,10,True,0,49.9
PID-03586,2025-03-09,1977-06-14,Emergency,48.0,Male,10452,6,6,False,0,56.4
PID-03587,2025-05-08,1996-01-12,General Medicine,29.0,Male,10453,9,9,True,0,41.6
PID-03588,2025-03-16,2006-08-15,General Medicine,19.0,Female,10451,4,4,True,1,61.0
PID-03589,2025-12-31,1948-04-16,Emergency,78.0,Male,10002,5,5,True,0,46.3
PID-03590,2025-06-14,1958-07-02,Emergency,67.0,Male,10451,2,2,False,0,91.0
PID-03591,2025-05-07,1968-03-12,Cardiology,57.0,Female,10451,3,3,True,0,48.8
PID-03592,2025-12-13,1977-06-22,Emergency,48.0,Male,10452,1,1,False,0,73.3
PID-03593,2025-07-21,1979-11-10,General Medicine,46.0,Female,10452,4,4,False,0,70.5
PID-03594,2025-09-08,1989-09-06,General Medicine,36.0,Female,10452,2,2,False,0,71.1
PID-03595,2025-03-14,1977-06-19,Emergency,48.0,Female,10452,2,2,True,0,52.7
PID-03596,2025-10-23,2008-03-25,General Medicine,18.0,Female,10451,1,1,True,0,55.3
PID-03597,2025-11-20,1984-01-01,Emergency,42.0,Male,10453,10,10,False,0,73.3
PID-03598,2025-05-18,1975-05-15,Emergency,50.0,Female,10452,2,2,False,0,95.1
PID-03599,2025-11-18,1959-10-16,Cardiology,66.0,Male,10451,4,4,False,0,70.8
PID-03600,2025-08-01,1970-03-10,Cardiology,55.0,Female,10451,6,4,False,0,60.5
PID-03601,2025-07-12,1955-07-11,Geriatrics,70.0,Male,10453,7,7,False,0,75.1
PID-03602,2025-08-20,1946-01-23,Geriatrics,,Female,10451,7,5,False,0,68.1
PID-03603,2025-02-08,1950-03-13,Geriatrics,,Male,10451,7,7,False,0,77.4
PID-03604,2025-11-21,1961-12-22,General Medicine,64.0,Male,10002,4,4,True,0,41.4
PID-03605,2025-02-17,1968-11-18,Cardiology,56.0,Male,10453,5,5,False,0,70.7
PID-03606,2025-07-26,1987-03-02,Emergency,38.0,Male,10451,3,3,True,0,50.7
PID-03607,2025-09-21,1957-02-09,General Medicine,69.0,Female,10451,1,1,False,0,68.3
PID-03608,2025-05-23,1939-03-02,Cardiology,86.0,Male,10453,8,8,False,0,86.9
PID-03609,2025-12-22,1964-03-13,General Medicine,62.0,Female,10453,10,10,True,0,42.8
PID-03610,2025-07-08,1935-02-18,Geriatrics,,Non-Binary,10453,7,7,False,0,71.6
PID-03611,2025-08-21,1997-11-16,Emergency,28.0,Female,10001,9,9,True,1,79.0
PID-03612,2025-09-07,1991-01-18,General Medicine,35.0,Male,10451,10,10,True,0,50.0
PID-03613,2025-06-17,1954-02-12,General Medicine,71.0,Male,10002,4,4,False,0,80.0
PID-03614,2025-10-25,1966-01-28,Cardiology,60.0,Female,10002,5,2,True,0,41.1
PID-03615,2025-01-02,1945-09-27,Geriatrics,79.0,Male,10453,5,5,False,0,70.0
PID-03616,2025-02-17,1970-03-05,Cardiology,55.0,Male,10453,7,7,True,0,57.2
PID-03617,2025-08-23,1985-09-11,General Medicine,40.0,Female,10451,9,9,False,0,69.3
PID-03618,2025-11-22,1973-06-05,Cardiology,52.0,Female,10001,8,6,True,1,77.1
PID-03619,2025-12-07,1998-01-02,Emergency,28.0,Female,10001,7,7,True,0,51.4
PID-03620,2025-12-24,1991-02-05,General Medicine,35.0,Male,10451,1,1,False,0,76.1
PID-03621,2025-07-03,1952-01-15,General Medicine,73.0,Female,10001,10,10,True,0,59.5
PID-03622,2025-02-02,1953-08-10,Cardiology,71.0,Male,10452,6,6,True,0,57.9
PID-03623,2025-10-01,1963-04-13,General Medicine,62.0,Male,10452,10,10,False,0,76.5
PID-03624,2025-07-23,2000-07-18,Cardiology,25.0,Female,10453,9,9,True,0,70.1
PID-03625,2025-04-22,1976-08-31,General Medicine,49.0,Male,10001,7,7,True,0,38.8
PID-03626,2025-08-08,1992-05-07,General Medicine,33.0,Male,10002,1,1,True,0,45.1
PID-03627,2025-04-19,1947-12-25,Cardiology,77.0,Male,10453,9,9,False,1,100.0
PID-03628,2025-09-11,1980-09-11,General Medicine,45.0,Female,10451,3,3,False,0,50.4
PID-03629,2025-05-18,1989-09-02,Emergency,36.0,Female,10001,9,6,True,0,60.0
PID-03630,2025-06-15,1969-12-06,General Medicine,56.0,Female,10001,4,4,True,0,57.2
PID-03631,2025-05-26,1981-09-13,Emergency,44.0,Female,10453,9,9,True,0,50.3
PID-03632,2025-06-22,1943-03-30,Cardiology,82.0,Male,10452,8,8,False,0,84.2
PID-03633,2025-10-08,1983-11-14,Emergency,42.0,Male,10453,7,7,True,0,63.6
PID-03634,2025-10-23,1995-10-14,Emergency,30.0,Male,10001,4,4,False,1,97.6
PID-03635,2025-03-08,2006-12-31,Emergency,18.0,Male,10452,9,9,True,0,38.6
PID-03636,2025-10-17,1970-09-18,Cardiology,55.0,Female,10452,4,4,False,0,78.6
PID-03637,2025-09-06,1980-09-12,Emergency,45.0,Female,10002,1,1,True,0,58.3
PID-03638,2025-06-25,1995-10-01,General Medicine,30.0,Male,10453,6,6,True,0,51.9
PID-03639,2025-12-16,1949-04-23,Geriatrics,77.0,Male,10451,4,4,False,0,100.0
PID-03640,2025-01-25,1957-04-04,Cardiology,68.0,Male,10453,10,10,True,0,59.1
PID-03641,2025-01-24,1970-05-06,Cardiology,55.0,Male,10453,3,3,False,0,53.9
PID-03642,2025-02-20,1944-12-05,General Medicine,80.0,Female,10002,5,3,True,1,87.3
PID-03643,2025-11-17,1959-01-24,Emergency,67.0,Male,10451,3,3,True,0,61.3
PID-03644,2025-08-24,1984-11-16,Emergency,41.0,Male,10451,9,9,True,0,70.0
PID-03645,2025-01-09,1987-09-26,General Medicine,37.0,Female,10452,6,4,False,0,73.2
PID-03646,2025-03-05,1954-10-23,Cardiology,70.0,Male,10451,3,3,False,0,77.8
PID-03647,2025-03-22,1961-10-01,Emergency,63.0,Female,10452,5,2,False,0,58.7
PID-03648,2025-08-14,1966-05-18,Emergency,59.0,Male,10001,8,8,True,0,66.3
PID-03649,2025-08-22,1985-05-22,Cardiology,40.0,Female,10452,8,8,True,0,29.5
PID-03650,2025-01-01,1958-09-22,Emergency,66.0,Unknown,10002,6,6,True,1,89.2
PID-03651,2025-08-08,1983-02-11,General Medicine,42.0,Female,10002,5,5,False,0,51.9
PID-03652,2025-04-14,1971-08-15,General Medicine,54.0,Male,10453,5,5,True,0,47.4
PID-03653,2025-12-19,1943-11-17,General Medicine,,Female,10001,1,1,True,1,81.8
PID-03654,2025-03-09,1981-01-13,Emergency,44.0,Male,10002,2,2,True,0,43.8
PID-03655,2025-11-29,1999-04-20,Emergency,27.0,Male,10002,4,4,True,0,46.7
PID-03656,2025-06-04,1988-10-03,General Medicine,37.0,Male,10451,6,6,True,0,51.3
PID-03657,2025-03-23,1952-07-14,Geriatrics,73.0,Male,10002,7,7,True,0,55.9
PID-03658,2025-05-21,1965-11-09,Cardiology,60.0,Female,10452,1,1,False,0,68.9
PID-03659,2025-02-17,1971-12-15,General Medicine,53.0,Female,10452,8,6,True,1,68.7
PID-03660,2025-12-02,1979-12-05,General Medicine,46.0,Female,10002,1,1,True,0,47.8
PID-03661,2025-07-04,1961-07-25,Geriatrics,64.0,Female,10451,9,7,True,0,58.8
PID-03662,2025-05-09,1984-11-17,General Medicine,40.0,Female,10002,4,4,True,0,45.8
PID-03663,2025-02-12,1964-02-08,Cardiology,61.0,Male,10452,7,7,False,0,84.1
PID-03664,2025-07-10,1983-10-28,Emergency,42.0,Male,10002,6,6,True,0,58.7
PID-03665,2025-12-07,1986-10-23,Emergency,39.0,Female,10001,9,6,True,0,57.4
PID-03666,2025-11-29,1981-07-27,Emergency,44.0,Male,10001,2,2,False,0,70.1
PID-03667,2025-03-26,1975-12-30,Emergency,49.0,Female,10002,7,7,True,0,41.4
PID-03668,2025-01-27,1970-02-02,Cardiology,55.0,Male,10452,5,5,False,0,70.9
PID-03669,2025-07-22,1965-10-22,Cardiology,60.0,Male,10001,7,7,True,0,65.8
PID-03670,2025-11-17,2007-12-13,Emergency,18.0,Male,10002,1,1,True,0,42.6
PID-03671,2025-06-06,1984-11-19,General Medicine,41.0,Male,10001,10,10,True,0,52.6
PID-03672,2025-12-25,1978-04-24,General Medicine,48.0,Male,10453,9,9,False,0,61.8
PID-03673,2025-04-30,1942-07-07,Geriatrics,,Female,10452,1,1,False,1,100.0
PID-03674,2025-08-08,1989-12-01,Emergency,36.0,Male,10002,5,5,True,0,52.7
PID-03675,2025-12-02,1967-06-11,General Medicine,58.0,Female,10002,8,5,True,0,53.3
PID-03676,2025-02-16,1943-06-05,General Medicine,82.0,Male,10453,1,1,False,0,81.1
PID-03677,2025-12-27,1993-07-08,Emergency,32.0,Male,10001,7,7,True,0,55.5
PID-03678,2025-02-18,1962-04-24,General Medicine,63.0,Male,10453,2,2,False,0,74.1
PID-03679,2025-01-01,1984-01-25,Emergency,41.0,Female,10002,7,4,True,0,47.0
PID-03680,2025-04-20,1979-08-15,Emergency,46.0,Male,10001,7,7,True,1,81.5
PID-03681,2025-09-02,1984-11-14,Emergency,41.0,Female,10452,9,9,False,0,61.3
PID-03682,2025-02-09,1983-06-04,General Medicine,42.0,Male,10452,6,6,True,0,47.7
PID-03683,2025-03-09,1930-07-28,Emergency,,Female,10453,4,4,False,0,75.8
PID-03684,2025-10-31,1954-09-25,Emergency,71.0,Male,10453,7,7,False,0,83.4
PID-03685,2025-04-26,1949-11-05,Emergency,75.0,Female,10451,7,5,True,0,38.6
PID-03686,2025-09-23,1962-01-24,Emergency,64.0,Female,10452,4,4,True,1,71.4
PID-03687,2025-12-15,1999-05-06,Emergency,27.0,Female,10453,2,2,False,0,74.1
PID-03688,2025-08-16,1963-02-04,General Medicine,63.0,Male,10451,9,9,True,0,72.2
PID-03689,2025-01-05,1949-10-31,General Medicine,75.0,Male,10002,8,8,True,0,60.4
PID-03690,2025-01-05,1984-11-26,General Medicine,40.0,Male,10002,5,5,True,0,40.3
PID-03691,2025-12-23,1953-05-31,Geriatrics,73.0,Female,10002,5,3,True,0,66.1
PID-03692,2025-06-25,1957-09-13,Emergency,68.0,Female,10453,1,1,True,0,53.9
PID-03693,2025-03-03,1936-07-06,Geriatrics,89.0,Female,10002,9,9,True,1,72.8
PID-03694,2025-08-05,1978-01-16,Emergency,48.0,Male,10002,10,10,True,0,51.6
PID-03695,2025-12-22,1989-07-18,Emergency,36.0,Male,10453,8,8,False,1,100.0
PID-03696,2025-03-09,1975-12-18,Emergency,49.0,Male,10001,5,5,True,0,42.8
PID-03697,2025-09-02,1944-05-02,Emergency,81.0,Non-Binary,10451,10,10,False,1,100.0
PID-03698,2025-02-06,2002-07-07,Emergency,23.0,Female,10453,6,6,False,1,100.0
PID-03699,2025-04-28,2007-02-28,General Medicine,18.0,Female,10451,10,10,True,0,59.2
PID-03700,2025-07-16,1968-11-13,Cardiology,57.0,Male,10002,10,10,True,0,62.8
PID-03701,2025-02-15,1977-04-07,General Medicine,48.0,Female,10451,8,8,True,1,68.7
PID-03702,2025-02-22,1969-07-30,Cardiology,56.0,Female,10452,6,3,False,0,68.9
PID-03703,2025-02-22,1952-07-19,General Medicine,73.0,Male,10451,10,10,False,0,60.5
PID-03704,2025-06-10,1979-07-07,Emergency,46.0,Female,10001,4,4,True,0,46.4
PID-03705,2025-07-08,2003-01-29,General Medicine,22.0,Female,10001,3,3,True,0,40.6
PID-03706,2025-06-03,1933-11-25,Geriatrics,,Female,10452,7,7,True,0,61.3
PID-03707,2025-03-12,1987-07-22,Emergency,38.0,Female,10002,2,2,True,0,58.0
PID-03708,2025-07-15,1989-11-09,General Medicine,36.0,Male,10452,7,7,False,0,76.2
PID-03709,2025-03-10,1949-11-03,Geriatrics,,Male,10452,1,1,True,0,49.6
PID-03710,2025-11-25,1977-02-08,Cardiology,49.0,Non-Binary,10451,10,10,False,0,66.4
PID-03711,2025-12-13,1971-08-16,General Medicine,54.0,Male,10453,5,5,False,1,99.2
PID-03712,2025-03-15,1961-06-01,Cardiology,64.0,Female,10001,9,7,True,0,51.1
PID-03713,2025-02-05,1950-05-03,Geriatrics,,Female,10001,1,1,False,0,73.7
PID-03714,2025-09-29,1976-04-19,Emergency,49.0,Female,10452,8,5,False,0,73.4
PID-03715,2025-10-16,1942-10-18,Cardiology,83.0,Unknown,10001,9,9,True,0,66.9
PID-03716,2025-01-05,2007-06-21,Emergency,18.0,Male,10452,9,9,False,1,93.3
PID-03717,2025-11-09,1957-03-23,Cardiology,69.0,Male,10453,8,8,True,0,51.1
PID-03718,2025-11-29,1986-03-15,General Medicine,40.0,Male,10453,4,4,True,0,53.4
PID-03719,2025-03-26,1945-05-03,Geriatrics,,Male,10451,7,7,True,0,52.2
PID-03720,2025-08-14,1967-04-21,General Medicine,58.0,Male,10453,1,1,True,1,86.9
PID-03721,2025-06-29,1982-07-02,General Medicine,43.0,Male,10001,7,7,False,0,46.3
PID-03722,2025-04-20,1958-04-21,Emergency,67.0,Female,10451,6,6,False,0,77.1
PID-03723,2025-11-18,1954-02-24,Geriatrics,72.0,Female,10451,5,3,False,0,72.0
PID-03724,2025-03-19,1958-01-03,Emergency,67.0,Male,10002,1,1,True,0,66.4
PID-03725,2025-07-30,1988-03-19,General Medicine,37.0,Male,10001,8,8,True,0,62.9
PID-03726,2025-11-12,1979-01-09,General Medicine,47.0,Female,10453,10,8,True,0,44.1
PID-03727,2025-12-18,1970-10-02,Emergency,55.0,Male,10452,1,1,False,0,61.6
PID-03728,2025-08-15,1970-04-27,Emergency,55.0,Male,10452,1,1,True,0,55.8
PID-03729,2025-04-22,1956-09-15,Cardiology,69.0,Male,10001,3,3,False,0,63.9
PID-03730,2025-02-14,2006-06-25,Emergency,19.0,Female,10002,8,5,True,0,52.2
PID-03731,2025-02-21,1962-10-29,General Medicine,62.0,Male,10453,8,8,True,0,49.7
PID-03732,2025-03-13,1975-09-03,Cardiology,50.0,Non-Binary,10452,7,7,True,0,48.0
PID-03733,2025-03-05,1984-12-05,Emergency,40.0,Male,10452,5,5,False,0,62.5
PID-03734,2025-10-29,1984-01-07,Emergency,42.0,Female,10453,8,6,True,1,56.0
PID-03735,2025-07-16,1973-10-06,General Medicine,52.0,Male,10451,2,2,False,0,78.8
PID-03736,2025-06-29,2007-08-05,Emergency,18.0,Male,10451,8,8,False,0,75.7
PID-03737,2025-08-08,1982-11-10,General Medicine,43.0,Female,10002,2,2,True,0,49.5
PID-03738,2025-06-11,1985-03-08,General Medicine,40.0,Female,10002,10,8,True,1,77.1
PID-03739,2025-03-13,1960-09-07,General Medicine,65.0,Female,10452,5,3,False,0,68.6
PID-03740,2025-05-07,1984-09-14,General Medicine,41.0,Female,10002,4,4,True,0,58.8
PID-03741,2025-05-22,1973-08-01,General Medicine,52.0,Female,10451,1,1,False,0,68.2
PID-03742,2025-11-27,1942-09-11,Emergency,83.0,Female,10002,5,2,True,0,59.7
PID-03743,2025-02-13,1951-12-13,General Medicine,73.0,Female,10001,7,5,True,0,61.3
PID-03744,2025-05-08,1953-05-01,Geriatrics,72.0,Male,10451,1,1,True,0,56.5
PID-03745,2025-10-11,1978-04-18,General Medicine,47.0,Male,10002,2,2,True,0,49.2
PID-03746,2025-11-04,1960-07-06,Emergency,65.0,Male,10453,9,9,False,0,68.8
PID-03747,2025-11-04,1975-01-30,General Medicine,51.0,Female,10002,5,2,True,0,43.8
PID-03748,2025-11-08,1973-09-24,Cardiology,52.0,Male,10451,7,7,False,0,61.4
PID-03749,2025-05-26,1961-12-14,Cardiology,63.0,Male,10002,2,2,True,0,48.2
PID-03750,2025-12-20,1981-04-25,General Medicine,45.0,Female,10002,7,4,True,1,72.3
PID-03751,2025-01-14,1943-04-13,Geriatrics,,Female,10002,7,4,True,0,69.5
PID-03752,2025-12-04,1972-12-03,General Medicine,53.0,Female,10453,7,7,True,0,41.3
PID-03753,2025-06-04,1958-05-22,Cardiology,67.0,Male,10002,5,5,True,0,55.0
PID-03754,2025-04-16,1943-03-11,Geriatrics,82.0,Female,10453,9,7,True,0,61.7
PID-03755,2025-09-23,1951-12-04,General Medicine,74.0,Male,10001,2,2,True,0,63.6
PID-03756,2025-11-07,1995-08-17,General Medicine,30.0,Male,10001,4,4,True,0,48.7
PID-03757,2025-09-18,1961-11-21,General Medicine,64.0,Male,10452,2,2,True,1,82.4
PID-03758,2025-04-07,1954-03-11,Cardiology,71.0,Male,10451,8,8,False,0,79.1
PID-03759,2025-07-20,1953-11-20,Geriatrics,72.0,Male,10451,1,1,True,0,52.2
PID-03760,2025-06-01,1990-06-22,Emergency,35.0,Female,10002,9,9,True,0,49.6
PID-03761,2025-11-27,1982-03-24,General Medicine,44.0,Male,10001,5,5,True,0,56.7
PID-03762,2025-01-28,1951-12-02,General Medicine,73.0,Female,10451,3,3,False,0,88.8
PID-03763,2025-05-03,1983-09-05,General Medicine,42.0,Female,10453,4,4,False,0,78.5
PID-03764,2025-09-11,1975-06-18,General Medicine,50.0,Male,10001,1,1,True,0,51.7
PID-03765,2025-07-17,1941-11-05,Geriatrics,,Female,10453,3,3,True,1,87.4
PID-03766,2025-02-27,1969-12-17,General Medicine,55.0,Male,10002,8,8,True,0,55.3
PID-03767,2025-05-04,1983-05-01,Emergency,42.0,Female,10451,2,2,False,0,55.3
PID-03768,2025-09-13,1985-03-17,General Medicine,40.0,Male,10001,2,2,True,1,68.5
PID-03769,2025-11-23,1964-12-26,General Medicine,61.0,Male,10451,9,9,True,0,52.7
PID-03770,2025-11-01,1993-07-19,Emergency,32.0,Male,10001,5,5,True,0,41.1
PID-03771,2025-02-06,1974-07-17,Emergency,51.0,Female,10001,5,5,True,0,60.4
PID-03772,2025-09-28,1965-02-13,Emergency,61.0,Female,10453,1,1,True,0,59.6
PID-03773,2025-01-07,1946-01-21,Geriatrics,79.0,Male,10452,6,6,False,0,75.1
PID-03774,2025-07-04,1957-04-23,Emergency,68.0,Female,10452,8,5,False,0,71.8
PID-03775,2025-06-12,1982-10-12,General Medicine,43.0,Female,10001,6,3,True,1,78.9
PID-03776,2025-03-09,1948-02-21,Geriatrics,77.0,Female,10453,7,5,False,0,68.5
PID-03777,2025-07-18,1975-08-23,Cardiology,50.0,Female,10451,4,4,False,0,71.3
PID-03778,2025-10-19,1992-08-27,General Medicine,33.0,Female,10453,2,2,False,0,95.5
PID-03779,2025-08-04,1973-03-30,Emergency,52.0,Female,10001,1,1,True,0,40.9
PID-03780,2025-07-07,1944-07-28,General Medicine,81.0,Female,10002,6,6,False,0,73.0
PID-03781,2025-10-07,1967-04-20,General Medicine,58.0,Male,10453,9,9,True,0,44.4
PID-03782,2025-12-16,1969-10-30,Emergency,56.0,Male,10451,10,10,False,0,61.9
PID-03783,2025-03-30,1940-06-03,Geriatrics,,Male,10453,5,5,True,0,52.4
PID-03784,2025-08-30,1995-05-20,Emergency,30.0,Female,10002,2,2,True,0,65.5
PID-03785,2025-02-07,1993-01-10,General Medicine,32.0,Female,10451,1,1,False,0,70.6
PID-03786,2025-01-09,1999-02-11,General Medicine,26.0,Male,10453,3,3,False,0,78.2
PID-03787,2025-10-28,1963-09-20,Emergency,62.0,Female,10452,4,4,True,0,60.8
PID-03788,2025-02-04,1967-04-30,General Medicine,58.0,Male,10452,7,7,True,0,33.8
PID-03789,2025-01-08,1942-06-03,Geriatrics,83.0,Male,10002,9,9,True,0,53.1
PID-03790,2025-05-15,1965-03-13,Cardiology,60.0,Unknown,10001,8,8,True,0,41.8
PID-03791,2025-04-21,1976-11-05,Cardiology,48.0,Male,10002,9,9,True,0,26.3
PID-03792,2025-01-21,1969-01-13,General Medicine,56.0,Male,10451,7,7,True,0,53.8
PID-03793,2025-01-31,1967-05-01,General Medicine,58.0,Female,10453,10,7,True,0,52.7
PID-03794,2025-07-23,2001-01-13,Emergency,25.0,Female,10002,8,5,True,0,61.9
PID-03795,2025-09-17,1930-04-06,Geriatrics,,Male,10451,8,8,False,0,84.3
PID-03796,2025-05-27,1960-03-17,Cardiology,65.0,Female,10453,1,1,True,0,26.5
PID-03797,2025-11-18,1966-06-08,General Medicine,59.0,Female,10002,9,9,True,0,43.7
PID-03798,2025-12-31,1959-05-08,Emergency,67.0,Male,10453,2,2,False,0,74.3
PID-03799,2025-09-14,1957-08-23,Emergency,68.0,Male,10453,7,7,True,0,64.6
PID-03800,2025-08-01,1972-06-18,General Medicine,53.0,Female,10001,10,10,True,0,26.1
PID-03801,2025-08-05,1981-05-10,Emergency,44.0,Male,10001,10,10,False,0,74.9
PID-03802,2025-12-26,1959-07-23,Emergency,66.0,Female,10001,5,5,True,0,67.1
PID-03803,2025-07-25,1963-02-10,General Medicine,62.0,Female,10452,4,4,False,0,67.7
PID-03804,2025-02-12,1984-06-29,General Medicine,41.0,Unknown,10001,1,1,True,0,42.8
PID-03805,2025-11-24,1945-03-23,Geriatrics,81.0,Male,10452,1,1,True,0,70.6
PID-03806,2025-10-02,1965-01-17,Emergency,61.0,Non-Binary,10451,3,3,False,0,57.5
PID-03807,2025-10-03,1956-09-11,Cardiology,69.0,Male,10453,1,1,False,0,90.3
PID-03808,2025-11-12,1944-10-18,Cardiology,81.0,Male,10453,8,8,False,0,88.2
PID-03809,2025-03-20,1968-09-26,General Medicine,56.0,Male,10453,3,3,False,1,100.0
PID-03810,2025-05-23,1964-01-22,Geriatrics,61.0,Male,10002,10,10,True,0,66.4
PID-03811,2025-02-12,1955-06-21,Geriatrics,70.0,Female,10002,2,2,True,0,60.2
PID-03812,2025-06-08,1983-09-11,General Medicine,42.0,Male,10001,6,6,True,0,55.6
PID-03813,2025-02-10,1969-07-07,Cardiology,56.0,Male,10451,4,4,False,0,69.6
PID-03814,2025-09-19,1967-09-14,General Medicine,58.0,Female,10451,4,4,True,0,47.1
PID-03815,2025-04-15,1987-07-04,General Medicine,38.0,Male,10453,2,2,True,1,79.8
PID-03816,2025-03-21,1930-03-29,Emergency,95.0,Female,10453,2,2,False,0,77.3
PID-03817,2025-10-02,1995-12-20,General Medicine,30.0,Male,10001,6,6,True,0,50.6
PID-03818,2025-06-17,1993-02-13,Emergency,32.0,Female,10452,5,2,False,0,70.6
PID-03819,2025-07-20,1946-06-25,Geriatrics,,Female,10001,9,7,True,0,56.4
PID-03820,2025-10-28,1958-02-23,Geriatrics,68.0,Male,10001,4,4,True,0,66.6
PID-03821,2025-11-21,1989-01-21,Emergency,37.0,Male,10453,5,5,True,0,34.1
PID-03822,2025-11-29,1959-10-24,Emergency,66.0,Male,10453,1,1,False,0,73.7
PID-03823,2025-12-15,1943-10-02,Geriatrics,82.0,Female,10001,2,2,True,1,76.2
PID-03824,2025-11-26,1971-01-04,Geriatrics,55.0,Male,10453,3,3,False,1,97.8
PID-03825,2025-02-03,1929-10-10,Geriatrics,,Male,10453,5,5,False,0,77.9
PID-03826,2025-06-08,2001-02-05,Emergency,24.0,Male,10001,5,5,True,0,37.2
PID-03827,2025-12-24,1958-02-03,Cardiology,68.0,Male,10002,4,4,True,0,64.2
PID-03828,2025-08-12,1949-03-16,General Medicine,76.0,Female,10452,10,8,False,1,100.0
PID-03829,2025-05-03,1953-04-09,Geriatrics,72.0,Female,10453,3,3,True,0,60.3
PID-03830,2025-01-30,1973-01-28,Cardiology,52.0,Male,10002,9,9,True,0,57.0
PID-03831,2025-05-06,1975-03-05,Geriatrics,50.0,Male,10001,1,1,True,0,54.7
PID-03832,2025-02-14,1961-09-07,General Medicine,63.0,Female,10452,6,6,True,1,72.9
PID-03833,2025-08-11,1955-04-06,Geriatrics,70.0,Female,10452,7,4,False,0,83.7
PID-03834,2025-03-01,1959-02-03,Cardiology,66.0,Male,10451,10,10,True,1,97.3
PID-03835,2025-08-21,1951-06-15,Emergency,74.0,Male,10001,4,4,True,0,58.6
PID-03836,2025-11-10,1988-08-21,Emergency,37.0,Male,10453,10,10,False,0,81.2
PID-03837,2025-11-08,1974-12-17,General Medicine,51.0,Female,10452,3,3,True,0,67.1
PID-03838,2025-01-29,1986-05-15,General Medicine,39.0,Male,10453,8,8,False,0,73.0
PID-03839,2025-06-08,1976-04-17,General Medicine,49.0,Female,10453,9,6,False,0,61.0
PID-03840,2025-12-08,1952-04-12,Geriatrics,74.0,Female,10453,1,1,True,0,57.3
PID-03841,2025-12-03,1969-03-31,Emergency,57.0,Female,10453,10,8,True,0,51.5
PID-03842,2025-03-31,1930-05-23,Cardiology,95.0,Male,10453,9,9,True,0,60.2
PID-03843,2025-03-03,1965-12-24,General Medicine,59.0,Male,10452,7,7,False,0,71.2
PID-03844,2025-01-07,1967-10-26,General Medicine,57.0,Male,10452,1,1,True,0,60.9
PID-03845,2025-12-29,1969-03-01,General Medicine,57.0,Male,10452,7,7,False,0,62.3
PID-03846,2025-03-12,1980-10-22,General Medicine,44.0,Female,10452,5,2,False,0,73.3
PID-03847,2025-12-26,1972-04-17,Emergency,54.0,Unknown,10001,10,10,True,0,58.3
PID-03848,2025-01-06,1949-06-20,Geriatrics,76.0,Female,10002,7,5,True,0,57.7
PID-03849,2025-03-25,1967-08-03,General Medicine,58.0,Female,10001,9,7,True,0,40.8
PID-03850,2025-09-12,1985-02-12,General Medicine,41.0,Male,10002,8,8,True,0,48.2
PID-03851,2025-06-27,1986-11-21,Emergency,39.0,Male,10001,6,6,True,0,40.6
PID-03852,2025-09-25,1978-07-13,General Medicine,47.0,Male,10453,2,2,True,0,43.6
PID-03853,2025-09-22,1968-04-08,Geriatrics,57.0,Female,10451,8,5,False,1,100.0
PID-03854,2025-05-13,1948-10-27,Geriatrics,77.0,Female,10001,4,4,True,0,62.4
PID-03855,2025-03-27,1994-06-25,General Medicine,31.0,Female,10451,8,5,True,0,56.4
PID-03856,2025-07-10,1975-06-26,General Medicine,50.0,Male,10001,7,7,False,0,74.4
PID-03857,2025-03-06,1966-10-29,Emergency,58.0,Male,10453,4,4,False,0,68.1
PID-03858,2025-05-18,2002-12-03,General Medicine,22.0,Female,10002,8,5,True,0,40.9
PID-03859,2025-03-02,1985-03-15,General Medicine,40.0,Male,10002,2,2,True,1,77.9
PID-03860,2025-01-16,1982-04-29,General Medicine,43.0,Female,10453,9,9,False,1,90.2
PID-03861,2025-06-21,1984-07-16,Emergency,41.0,Female,10451,6,6,False,0,68.7
PID-03862,2025-08-08,1966-03-24,Emergency,59.0,Female,10453,7,4,False,0,63.6
PID-03863,2025-05-20,1972-01-02,General Medicine,53.0,Male,10451,10,10,False,0,78.1
PID-03864,2025-09-26,1980-02-05,Emergency,46.0,Male,10002,1,1,True,0,29.8
PID-03865,2025-02-02,1962-06-24,Emergency,63.0,Male,10451,3,3,True,0,54.6
PID-03866,2025-05-15,1937-12-09,Geriatrics,87.0,Male,10001,10,10,True,1,86.3
PID-03867,2025-12-31,1940-10-06,Emergency,,Male,10001,5,5,True,1,93.0
PID-03868,2025-10-23,2004-08-12,Emergency,21.0,Female,10002,7,7,True,0,39.0
PID-03869,2025-11-18,1959-09-22,Geriatrics,66.0,Female,10453,1,1,False,1,100.0
PID-03870,2025-02-09,1973-04-27,General Medicine,52.0,Male,10452,9,9,False,0,66.1
PID-03871,2025-09-12,1967-10-13,General Medicine,58.0,Male,10001,5,5,True,1,73.6
PID-03872,2025-08-22,1977-03-17,General Medicine,48.0,Male,10002,3,3,True,1,75.2
PID-03873,2025-09-19,1967-07-08,General Medicine,58.0,Male,10453,7,7,True,0,45.7
PID-03874,2025-07-04,1967-04-25,Emergency,58.0,Female,10001,10,10,True,0,49.0
PID-03875,2025-01-29,1979-11-13,Emergency,45.0,Male,10451,8,8,False,0,81.2
PID-03876,2025-09-13,1986-10-31,Cardiology,39.0,Male,10451,10,10,False,0,83.0
PID-03877,2025-10-18,1978-07-14,General Medicine,47.0,Male,10452,10,10,True,0,52.1
PID-03878,2025-03-27,1965-04-01,Emergency,60.0,Female,10002,3,3,True,0,63.2
PID-03879,2025-07-08,1959-04-04,Emergency,66.0,Female,10453,7,5,False,0,67.0
PID-03880,2025-03-22,1953-12-14,Geriatrics,71.0,Male,10451,7,7,True,0,67.2
PID-03881,2025-05-11,1978-10-30,General Medicine,47.0,Female,10002,4,4,True,1,76.9
PID-03882,2025-02-22,1964-08-05,General Medicine,61.0,Female,10002,10,8,True,0,46.7
PID-03883,2025-10-21,1952-09-11,Cardiology,73.0,Female,10002,9,9,True,0,65.5
PID-03884,2025-12-12,1950-04-11,Cardiology,76.0,Male,10001,1,1,True,0,61.4
PID-03885,2025-03-01,1971-02-14,Cardiology,54.0,Female,10453,1,1,False,0,64.6
PID-03886,2025-04-27,1973-03-08,Cardiology,52.0,Female,10001,5,5,True,0,56.3
PID-03887,2025-09-18,1966-10-08,General Medicine,59.0,Female,10453,3,3,False,0,69.6
PID-03888,2025-01-02,1989-12-22,General Medicine,35.0,Female,10451,10,10,False,0,63.6
PID-03889,2025-01-23,1972-12-08,Cardiology,52.0,Female,10002,9,9,True,0,57.3
PID-03890,2025-01-07,1955-11-14,Emergency,69.0,Male,10001,5,5,True,0,44.7
PID-03891,2025-05-06,1958-10-16,Cardiology,67.0,Female,10451,7,7,False,1,100.0
PID-03892,2025-01-24,1974-07-08,General Medicine,51.0,Female,10452,1,1,False,1,100.0
PID-03893,2025-08-30,1966-11-29,Emergency,59.0,Female,10453,2,2,False,0,53.0
PID-03894,2025-07-06,1984-03-23,Emergency,41.0,Male,10452,4,4,False,0,80.9
PID-03895,2025-07-16,1957-02-09,Cardiology,68.0,Female,10451,9,9,False,0,80.8
PID-03896,2025-03-18,1971-04-13,General Medicine,54.0,Female,10001,5,5,True,0,31.5
PID-03897,2025-04-02,1974-07-08,General Medicine,51.0,Male,10453,5,5,True,0,33.2
PID-03898,2025-01-19,1975-11-10,General Medicine,49.0,Female,10453,9,9,False,0,75.2
PID-03899,2025-10-11,1971-09-02,Cardiology,54.0,Female,10002,8,5,False,0,60.2
PID-03900,2025-12-02,1979-03-25,Cardiology,47.0,Female,10001,2,2,True,0,42.1
PID-03901,2025-08-03,1958-08-25,Geriatrics,67.0,Male,10452,7,7,False,0,80.9
PID-03902,2025-04-25,1977-04-06,Cardiology,48.0,Male,10452,1,1,False,1,99.6
PID-03903,2025-06-14,1941-04-06,General Medicine,84.0,Female,10451,10,8,False,0,81.9
PID-03904,2025-05-08,1943-09-10,General Medicine,82.0,Male,10451,9,9,False,0,71.8
PID-03905,2025-08-02,1986-04-14,General Medicine,39.0,Female,10453,3,3,True,0,43.3
PID-03906,2025-06-13,1967-12-31,General Medicine,57.0,Female,10001,2,2,True,1,65.5
PID-03907,2025-05-19,1981-03-09,Emergency,44.0,Female,10451,4,4,True,0,52.1
PID-03908,2025-02-09,1974-09-06,Cardiology,50.0,Male,10001,4,4,True,0,51.6
PID-03909,2025-10-20,1933-07-09,Emergency,92.0,Female,10001,3,3,True,0,63.6
PID-03910,2025-07-10,1975-01-22,Emergency,50.0,Male,10453,2,2,False,0,71.7
PID-03911,2025-03-03,1962-11-28,Cardiology,62.0,Male,10451,5,5,False,0,71.0
PID-03912,2025-09-15,1960-05-26,Emergency,65.0,Male,10453,4,4,False,0,78.0
PID-03913,2025-12-11,1988-10-12,General Medicine,37.0,Male,10451,5,5,False,0,70.9
PID-03914,2025-01-27,1984-11-25,Emergency,40.0,Unknown,10453,8,8,False,0,78.0
PID-03915,2025-04-02,1990-12-17,General Medicine,34.0,Non-Binary,10451,2,2,True,0,46.5
PID-03916,2025-04-25,1985-08-03,Emergency,40.0,Male,10001,9,9,False,0,62.9
PID-03917,2025-09-22,2007-07-06,General Medicine,18.0,Female,10453,10,10,True,0,60.8
PID-03918,2025-01-24,1960-06-25,General Medicine,65.0,Male,10001,1,1,True,0,45.8
PID-03919,2025-07-25,1933-07-05,Geriatrics,,Female,10451,8,5,True,0,59.0
PID-03920,2025-02-05,1967-03-24,Emergency,58.0,Female,10451,5,3,False,1,87.6
PID-03921,2025-08-27,1995-06-16,Emergency,30.0,Female,10001,2,2,True,0,67.9
PID-03922,2025-05-25,1981-01-23,Cardiology,44.0,Male,10001,8,8,False,0,56.2
PID-03923,2025-06-09,1978-05-28,General Medicine,47.0,Female,10452,5,2,True,0,58.8
PID-03924,2025-06-17,1988-02-03,General Medicine,37.0,Male,10002,10,10,True,0,33.3
PID-03925,2025-02-14,1953-09-02,Geriatrics,71.0,Unknown,10451,10,10,False,1,100.0
PID-03926,2025-10-11,1955-10-12,Emergency,70.0,Male,10451,3,3,True,0,66.7
PID-03927,2025-08-22,1990-09-27,Emergency,35.0,Female,10002,7,7,True,0,65.1
PID-03928,2025-01-05,1956-01-22,General Medicine,69.0,Female,10452,4,4,False,0,77.9
PID-03929,2025-07-08,1942-12-05,General Medicine,83.0,Female,10453,10,8,False,0,75.1
PID-03930,2025-04-13,1935-09-27,Geriatrics,,Male,10001,6,6,True,0,61.8
PID-03931,2025-05-30,1930-01-29,Emergency,95.0,Female,10452,10,8,True,0,74.9
PID-03932,2025-10-16,1987-03-23,Emergency,39.0,Male,10002,8,8,True,0,51.5
PID-03933,2025-06-05,1930-09-29,Geriatrics,95.0,Female,10451,1,1,True,0,64.6
PID-03934,2025-11-15,1976-11-08,Cardiology,49.0,Male,10451,2,2,True,0,44.2
PID-03935,2025-05-05,1980-05-07,Emergency,45.0,Male,10002,8,8,True,0,58.2
PID-03936,2025-08-26,1964-04-30,General Medicine,61.0,Female,10001,7,7,True,0,35.9
PID-03937,2025-07-08,1980-12-22,Emergency,45.0,Male,10451,10,10,True,0,61.3
PID-03938,2025-10-30,1962-06-13,Emergency,63.0,Male,10001,9,9,True,0,62.0
PID-03939,2025-09-10,1993-09-16,Emergency,32.0,Male,10001,2,2,True,0,68.2
PID-03940,2025-04-11,1974-03-29,Cardiology,51.0,Male,10453,8,8,True,0,61.9
PID-03941,2025-10-07,1947-02-16,Geriatrics,79.0,Female,10002,6,3,True,0,55.1
PID-03942,2025-05-06,1971-03-29,Emergency,54.0,Female,10451,1,1,True,0,63.2
PID-03943,2025-03-19,1967-03-24,Emergency,58.0,Male,10002,4,4,True,0,60.2
PID-03944,2025-01-04,1961-01-02,General Medicine,64.0,Male,10453,2,2,False,0,63.5
PID-03945,2025-07-29,1948-06-29,Emergency,77.0,Male,10002,7,7,False,0,81.9
PID-03946,2025-01-13,1999-01-15,Emergency,26.0,Male,10002,9,9,True,0,23.8
PID-03947,2025-04-30,1959-09-30,General Medicine,66.0,Female,10452,6,4,True,0,47.6
PID-03948,2025-10-05,1974-05-01,General Medicine,51.0,Female,10453,4,4,False,0,77.4
PID-03949,2025-06-27,1967-08-22,General Medicine,58.0,Male,10453,5,5,False,0,84.7
PID-03950,2025-11-22,1951-01-16,Geriatrics,75.0,Male,10002,1,1,True,0,67.4
PID-03951,2025-12-22,1992-02-21,General Medicine,34.0,Male,10453,4,4,False,0,70.5
PID-03952,2025-01-05,1987-08-08,Emergency,37.0,Female,10452,10,8,True,0,40.7
PID-03953,2025-06-21,2004-07-12,General Medicine,21.0,Unknown,10453,3,3,True,0,55.8
PID-03954,2025-01-01,1978-09-01,Emergency,46.0,Male,10453,9,9,True,0,32.8
PID-03955,2025-12-03,1947-04-20,Cardiology,79.0,Male,10451,6,6,False,0,84.6
PID-03956,2025-07-12,1972-01-22,Cardiology,53.0,Female,10452,4,4,True,0,41.9
PID-03957,2025-06-07,1994-11-02,General Medicine,31.0,Female,10451,3,3,True,0,56.8
PID-03958,2025-02-23,1978-03-20,Cardiology,47.0,Male,10451,4,4,False,0,77.2
PID-03959,2025-04-16,1996-08-16,Cardiology,29.0,Male,10001,8,8,False,0,64.9
PID-03960,2025-09-29,1990-10-08,Emergency,35.0,Male,10001,5,5,True,0,58.4
PID-03961,2025-05-02,1963-08-05,Cardiology,62.0,Female,10001,1,1,True,1,59.2
PID-03962,2025-08-03,1992-01-21,General Medicine,34.0,Male,10453,5,5,False,0,68.7
PID-03963,2025-09-09,1949-06-06,Geriatrics,,Male,10001,8,8,True,0,67.1
PID-03964,2025-01-31,1971-02-15,Cardiology,54.0,Female,10001,4,4,True,0,55.6
PID-03965,2025-03-14,1968-08-22,Cardiology,57.0,Male,10002,2,2,True,0,45.0
PID-03966,2025-12-31,1975-11-07,Cardiology,50.0,Female,10451,3,3,False,1,100.0
PID-03967,2025-05-24,1955-12-20,Cardiology,69.0,Male,10453,9,9,False,0,88.3
PID-03968,2025-02-17,1955-01-13,Geriatrics,70.0,Male,10452,7,7,True,0,49.4
PID-03969,2025-01-23,1962-10-06,General Medicine,62.0,Female,10002,3,3,True,1,74.0
PID-03970,2025-04-29,1959-02-06,Cardiology,66.0,Male,10453,5,5,False,0,81.8
PID-03971,2025-09-24,1973-08-20,Cardiology,52.0,Unknown,10001,3,3,True,0,51.6
PID-03972,2025-07-31,1960-09-13,Cardiology,65.0,Female,10453,10,8,False,0,77.3
PID-03973,2025-12-25,1977-06-13,General Medicine,49.0,Male,10001,4,4,True,1,71.3
PID-03974,2025-07-10,1969-01-15,Cardiology,56.0,Female,10452,8,8,False,1,100.0
PID-03975,2025-08-23,1974-06-25,Cardiology,51.0,Male,10001,3,3,False,0,66.5
PID-03976,2025-02-13,1977-10-16,General Medicine,47.0,Female,10453,3,3,False,0,59.8
PID-03977,2025-10-25,1983-04-13,Emergency,43.0,Male,10001,8,8,False,0,68.0
PID-03978,2025-02-18,1961-03-08,Emergency,64.0,Female,10001,10,7,True,0,52.3
PID-03979,2025-09-16,1946-09-04,Geriatrics,79.0,Male,10453,10,10,False,0,69.4
PID-03980,2025-03-10,1947-11-19,Cardiology,77.0,Male,10001,7,7,True,0,57.2
PID-03981,2025-11-23,1992-11-04,General Medicine,33.0,Female,10452,7,4,False,0,58.8
PID-03982,2025-07-21,1946-08-06,Cardiology,79.0,Female,10452,10,7,True,0,66.3
PID-03983,2025-02-08,1974-10-19,Cardiology,50.0,Male,10451,2,2,False,0,68.4
PID-03984,2025-10-31,1960-03-10,General Medicine,66.0,Male,10002,7,7,True,0,38.5
PID-03985,2025-10-18,1986-08-10,Emergency,39.0,Female,10453,10,8,True,1,84.3
PID-03986,2025-02-01,1967-06-11,Cardiology,58.0,Female,10453,10,7,False,0,59.5
PID-03987,2025-08-11,1964-02-20,Cardiology,61.0,Male,10451,3,3,False,0,94.0
PID-03988,2025-12-06,1996-06-24,General Medicine,29.0,Male,10002,7,7,True,0,43.8
PID-03989,2025-03-08,1959-05-23,Geriatrics,66.0,Male,10002,4,4,True,0,54.8
PID-03990,2025-05-02,1945-05-10,Geriatrics,,Female,10002,8,6,True,0,61.4
PID-03991,2025-05-30,1973-03-17,General Medicine,52.0,Male,10451,8,8,False,0,48.3
PID-03992,2025-05-14,1945-02-26,General Medicine,80.0,Male,10453,6,6,True,0,64.0
PID-03993,2025-06-11,1973-01-01,General Medicine,52.0,Female,10452,3,3,False,0,76.3
PID-03994,2025-07-21,1954-07-29,Geriatrics,71.0,Male,10452,6,6,False,0,88.2
PID-03995,2025-12-25,2008-03-30,General Medicine,18.0,Female,10451,6,6,False,0,72.5
PID-03996,2025-06-17,1930-02-04,Emergency,95.0,Male,10002,3,3,True,0,60.8
PID-03997,2025-06-12,1943-07-10,Geriatrics,,Male,10452,4,4,False,0,66.3
PID-03998,2025-08-20,1975-08-15,Emergency,50.0,Male,10452,2,2,False,0,74.4
PID-03999,2025-05-20,2005-04-07,Emergency,20.0,Female,10452,1,1,True,1,74.6
PID-04000,2025-04-30,1964-07-16,Cardiology,61.0,Male,10001,2,2,True,0,46.2
PID-04001,2025-02-08,1994-11-27,General Medicine,30.0,Female,10451,7,7,False,0,60.7
PID-04002,2025-04-14,1960-11-20,Cardiology,64.0,Female,10002,10,8,True,0,54.3
PID-04003,2025-03-11,1962-08-01,General Medicine,63.0,Female,10001,5,3,True,0,47.1
PID-04004,2025-10-27,1986-07-26,Emergency,39.0,Male,10452,9,9,True,0,33.1
PID-04005,2025-02-25,1949-05-07,Geriatrics,,Male,10002,3,3,True,0,58.0
PID-04006,2025-03-21,1955-04-24,Emergency,70.0,Male,10453,2,2,False,0,73.1
PID-04007,2025-02-24,1952-04-10,Geriatrics,73.0,Male,10002,4,4,True,0,67.9
PID-04008,2025-03-26,1969-08-29,Emergency,56.0,Male,10451,2,2,False,0,68.5
PID-04009,2025-08-19,1995-09-17,General Medicine,30.0,Female,10453,7,4,True,0,47.6
PID-04010,2025-08-27,1952-05-06,Geriatrics,73.0,Male,10451,10,10,True,0,62.8
PID-04011,2025-06-10,1974-05-17,Emergency,51.0,Male,10453,6,6,False,0,85.1
PID-04012,2025-07-28,1995-10-02,Emergency,30.0,Male,10452,8,8,False,0,73.7
PID-04013,2025-03-03,1944-10-15,Geriatrics,80.0,Female,10453,5,5,False,0,72.9
PID-04014,2025-10-02,1933-02-12,Geriatrics,,Male,10002,2,2,True,0,46.0
PID-04015,2025-07-03,1970-03-10,General Medicine,55.0,Female,10001,4,4,False,0,82.0
PID-04016,2025-04-17,1931-08-28,Emergency,94.0,Male,10451,1,1,False,0,57.9
PID-04017,2025-08-20,1968-04-19,Emergency,57.0,Female,10452,2,2,False,1,94.8
PID-04018,2025-06-07,1976-06-15,General Medicine,49.0,Female,10451,4,4,True,0,71.1
PID-04019,2025-08-26,1981-10-06,Emergency,44.0,Male,10002,6,6,True,1,59.0
PID-04020,2025-05-16,1940-10-09,Cardiology,85.0,Male,10001,4,4,True,0,49.9
PID-04021,2025-03-03,1983-11-14,General Medicine,41.0,Male,10002,4,4,True,0,51.8
PID-04022,2025-02-16,1955-11-18,General Medicine,69.0,Male,10452,10,10,False,0,72.7
PID-04023,2025-03-22,1980-01-19,Emergency,45.0,Female,10001,10,10,True,0,49.0
PID-04024,2025-12-18,1978-11-11,Emergency,47.0,Female,10002,2,2,False,0,73.8
PID-04025,2025-06-05,1951-08-18,Cardiology,74.0,Female,10001,9,7,True,0,65.1
PID-04026,2025-12-27,1976-12-30,Emergency,49.0,Female,10452,10,7,False,0,80.0
PID-04027,2025-12-23,1978-05-13,General Medicine,48.0,Male,10453,8,8,False,0,55.8
PID-04028,2025-11-05,1949-06-05,Geriatrics,76.0,Male,10451,8,8,False,0,91.4
PID-04029,2025-01-21,1941-02-16,General Medicine,84.0,Female,10001,5,5,True,0,72.1
PID-04030,2025-04-21,1958-02-03,Emergency,67.0,Male,10002,3,3,True,0,67.6
PID-04031,2025-06-17,1981-07-14,Emergency,44.0,Female,10451,6,4,False,1,84.8
PID-04032,2025-03-17,1979-02-05,Cardiology,46.0,Male,10451,9,9,True,0,39.4
PID-04033,2025-02-16,1967-09-11,Emergency,57.0,Male,10451,8,8,False,0,72.7
PID-04034,2025-12-31,1964-09-26,Cardiology,61.0,Unknown,10453,7,7,False,0,75.8
PID-04035,2025-05-08,1987-05-29,Emergency,38.0,Male,10453,8,8,False,0,80.6
PID-04036,2025-07-02,1956-09-18,Cardiology,69.0,Unknown,10001,4,4,False,0,75.7
PID-04037,2025-07-22,1968-06-20,Emergency,57.0,Unknown,10001,6,6,True,0,55.6
PID-04038,2025-09-20,2000-08-26,General Medicine,25.0,Female,10002,5,5,True,0,55.1
PID-04039,2025-01-26,1986-03-20,Emergency,39.0,Female,10451,2,2,True,0,44.1
PID-04040,2025-12-13,1979-07-28,General Medicine,46.0,Female,10451,8,8,False,0,66.0
PID-04041,2025-06-03,1971-03-13,General Medicine,54.0,Female,10452,3,3,False,0,55.6
PID-04042,2025-05-14,1935-03-24,General Medicine,90.0,Male,10001,5,5,True,0,50.4
PID-04043,2025-03-31,1964-10-19,Cardiology,60.0,Male,10453,8,8,True,1,69.3
PID-04044,2025-01-16,1984-10-08,General Medicine,40.0,Female,10452,9,7,True,0,54.7
PID-04045,2025-07-27,1966-10-24,Cardiology,59.0,Male,10453,9,9,False,0,90.4
PID-04046,2025-08-20,1977-02-07,Emergency,49.0,Male,10452,5,5,False,1,99.4
PID-04047,2025-10-12,1964-05-24,General Medicine,61.0,Male,10452,2,2,False,0,58.8
PID-04048,2025-10-09,1959-04-13,Emergency,66.0,Female,10001,7,4,True,0,55.7
PID-04049,2025-05-08,1948-02-14,Emergency,77.0,Female,10452,7,4,False,0,89.5
PID-04050,2025-02-18,1970-05-15,Emergency,55.0,Male,10001,8,8,True,1,67.8
PID-04051,2025-08-25,1940-05-02,Geriatrics,85.0,Female,10452,8,8,True,0,73.5
PID-04052,2025-02-22,1952-12-09,Cardiology,72.0,Female,10001,5,5,True,0,66.2
PID-04053,2025-03-13,1982-05-24,General Medicine,43.0,Female,10001,1,1,True,1,72.7
PID-04054,2025-03-04,1929-09-28,Geriatrics,95.0,Female,10001,4,4,True,0,42.8
PID-04055,2025-01-07,1963-11-10,Cardiology,61.0,Female,10001,4,4,True,0,59.1
PID-04056,2025-02-01,1985-03-16,Emergency,40.0,Male,10002,3,3,True,0,55.8
PID-04057,2025-04-24,1939-11-30,Geriatrics,85.0,Female,10453,8,6,True,0,64.3
PID-04058,2025-03-08,1931-12-07,Emergency,93.0,Male,10002,3,3,True,0,84.1
PID-04059,2025-04-12,1969-11-30,Cardiology,55.0,Female,10452,5,5,False,0,61.6
PID-04060,2025-07-25,1979-06-14,General Medicine,46.0,Unknown,10001,2,2,True,0,63.7
PID-04061,2025-07-10,1973-03-23,General Medicine,52.0,Male,10451,6,6,False,0,68.3
PID-04062,2025-12-18,1957-07-31,Cardiology,68.0,Male,10001,6,6,True,0,62.3
PID-04063,2025-11-19,1947-04-19,Geriatrics,79.0,Female,10001,8,8,True,0,62.8
PID-04064,2025-11-27,1959-09-02,Cardiology,66.0,Male,10001,8,8,True,0,67.5
PID-04065,2025-02-13,1968-05-02,General Medicine,57.0,Female,10451,1,1,False,1,88.6
PID-04066,2025-10-26,1943-10-21,Emergency,82.0,Male,10001,5,5,True,0,81.5
PID-04067,2025-10-28,1975-09-03,Emergency,50.0,Male,10453,2,2,True,0,40.0
PID-04068,2025-05-13,1951-08-27,Geriatrics,74.0,Unknown,10451,10,10,False,0,76.8
PID-04069,2025-02-08,1975-04-07,General Medicine,50.0,Female,10453,5,2,True,0,66.6
PID-04070,2025-01-12,1962-04-26,Cardiology,63.0,Female,10453,10,10,False,0,80.6
PID-04071,2025-02-03,1971-08-18,General Medicine,53.0,Male,10452,9,9,False,1,91.8
PID-04072,2025-04-12,1971-05-10,Cardiology,54.0,Female,10453,4,4,False,0,76.1
PID-04073,2025-11-27,1976-10-16,Cardiology,49.0,Female,10001,8,8,True,1,65.3
PID-04074,2025-08-16,1945-07-17,Cardiology,,Female,10453,1,1,True,0,52.7
PID-04075,2025-03-07,1983-03-25,General Medicine,42.0,Female,10002,8,8,True,1,71.7
PID-04076,2025-02-17,1983-07-16,Emergency,42.0,Female,10451,6,6,True,0,62.8
PID-04077,2025-06-19,1931-01-27,Geriatrics,,Male,10452,8,8,False,0,61.0
PID-04078,2025-03-04,1952-05-19,Geriatrics,73.0,Male,10453,6,6,True,0,67.9
PID-04079,2025-01-22,2006-12-23,Emergency,18.0,Female,10453,3,3,False,0,66.4
PID-04080,2025-08-25,1980-10-08,General Medicine,45.0,Male,10001,8,8,True,0,55.6
PID-04081,2025-01-26,2002-03-02,Emergency,23.0,Female,10002,5,2,True,0,55.3
PID-04082,2025-03-28,1986-10-30,General Medicine,38.0,Male,10452,10,10,False,0,69.8
PID-04083,2025-10-21,2008-01-28,Cardiology,18.0,Female,10452,5,5,False,0,63.2
PID-04084,2025-08-10,1972-09-28,General Medicine,53.0,Female,10001,7,5,True,0,44.0
PID-04085,2025-07-22,1990-02-02,Emergency,35.0,Male,10451,6,6,False,0,67.2
PID-04086,2025-09-12,1968-05-08,General Medicine,57.0,Male,10453,9,9,True,0,35.4
PID-04087,2025-01-16,1999-03-18,General Medicine,26.0,Male,10452,7,7,False,0,70.8
PID-04088,2025-07-15,1968-06-18,General Medicine,57.0,Female,10451,3,3,False,0,63.6
PID-04089,2025-12-16,1978-02-12,Emergency,48.0,Female,10452,5,5,True,0,45.8
PID-04090,2025-08-07,1942-12-08,Geriatrics,83.0,Male,10451,9,9,False,0,78.1
PID-04091,2025-03-30,1944-07-12,Geriatrics,81.0,Female,10453,10,10,True,0,66.8
PID-04092,2025-07-01,1955-09-22,Cardiology,70.0,Male,10451,2,2,False,0,91.1
PID-04093,2025-04-20,1975-10-04,Cardiology,50.0,Male,10451,1,1,False,0,82.4
PID-04094,2025-04-06,1934-06-01,Geriatrics,91.0,Female,10453,8,8,True,0,63.7
PID-04095,2025-05-21,1997-06-12,General Medicine,28.0,Male,10001,8,8,True,1,71.5
PID-04096,2025-05-24,1995-03-29,General Medicine,30.0,Male,10453,2,2,False,0,58.2
PID-04097,2025-08-17,1971-06-11,Emergency,54.0,Male,10452,8,8,True,0,72.0
PID-04098,2025-03-18,1929-12-03,Cardiology,95.0,Male,10453,5,5,True,1,100.0
PID-04099,2025-01-18,1972-12-06,General Medicine,52.0,Male,10002,2,2,True,0,58.0
PID-04100,2025-11-11,1973-10-06,Cardiology,52.0,Male,10452,7,7,False,0,75.9
PID-04101,2025-11-14,1995-06-17,General Medicine,30.0,Female,10453,7,4,True,0,46.8
PID-04102,2025-11-12,1953-04-23,Geriatrics,73.0,Male,10452,3,3,True,0,61.2
PID-04103,2025-05-06,1952-07-22,Geriatrics,73.0,Female,10002,1,1,True,1,93.3
PID-04104,2025-11-28,1956-03-07,Geriatrics,70.0,Male,10002,4,4,True,0,43.0
PID-04105,2025-06-01,1981-07-12,Emergency,44.0,Male,10451,2,2,False,0,64.5
PID-04106,2025-09-13,1983-01-03,General Medicine,43.0,Female,10451,4,4,False,1,95.1
PID-04107,2025-07-30,1994-01-12,Emergency,32.0,Non-Binary,10452,8,8,True,0,32.7
PID-04108,2025-10-09,1968-11-26,General Medicine,57.0,Male,10002,2,2,True,0,36.6
PID-04109,2025-09-03,1989-10-11,Emergency,36.0,Female,10453,1,1,False,1,89.1
PID-04110,2025-02-01,1990-08-29,Cardiology,34.0,Female,10451,3,3,False,0,70.8
PID-04111,2025-02-14,1976-11-05,Emergency,48.0,Female,10001,10,7,True,0,63.6
PID-04112,2025-05-24,1978-08-23,Emergency,47.0,Female,10001,7,7,True,0,46.0
PID-04113,2025-07-16,1979-02-18,General Medicine,46.0,Male,10452,6,6,False,1,100.0
PID-04114,2025-03-12,1961-08-18,General Medicine,64.0,Male,10451,6,6,True,0,43.5
PID-04115,2025-08-03,1968-05-27,Cardiology,57.0,Female,10451,7,7,True,0,48.9
PID-04116,2025-04-13,1975-10-01,General Medicine,50.0,Male,10452,8,8,True,0,36.7
PID-04117,2025-11-26,1967-04-28,Cardiology,59.0,Female,10002,3,3,False,0,66.1
PID-04118,2025-09-27,1988-02-13,General Medicine,38.0,Male,10453,3,3,False,0,52.9
PID-04119,2025-05-08,1968-05-28,Cardiology,57.0,Male,10453,10,10,True,1,100.0
PID-04120,2025-11-19,1967-07-15,General Medicine,58.0,Female,10001,8,6,True,0,40.6
PID-04121,2025-10-06,1997-11-03,Emergency,28.0,Male,10453,7,7,True,1,78.2
PID-04122,2025-01-10,1952-06-07,Geriatrics,73.0,Female,10452,10,10,False,0,75.7
PID-04123,2025-07-15,1985-06-17,Emergency,40.0,Female,10451,5,5,True,0,47.9
PID-04124,2025-07-03,1968-06-27,General Medicine,57.0,Female,10451,4,4,False,0,69.3
PID-04125,2025-09-03,1949-03-24,Cardiology,76.0,Female,10453,6,4,True,1,93.5
PID-04126,2025-10-06,1953-05-03,Cardiology,72.0,Female,10453,9,6,True,1,89.6
PID-04127,2025-09-06,1970-01-18,Emergency,56.0,Female,10451,6,4,True,1,77.2
PID-04128,2025-06-26,1976-06-03,General Medicine,49.0,Female,10001,8,8,True,0,55.2
PID-04129,2025-10-17,1953-02-03,Geriatrics,73.0,Male,10452,1,1,False,0,83.3
PID-04130,2025-09-15,1957-11-14,General Medicine,68.0,Male,10001,6,6,True,0,48.5
PID-04131,2025-06-14,1981-10-15,Cardiology,44.0,Male,10452,2,2,True,0,47.8
PID-04132,2025-07-18,1984-03-28,Emergency,41.0,Male,10453,3,3,False,0,76.2
PID-04133,2025-05-19,2007-03-05,General Medicine,18.0,Female,10002,6,3,True,0,44.6
PID-04134,2025-04-03,1967-08-01,Emergency,58.0,Female,10001,2,2,True,0,53.2
PID-04135,2025-01-14,1970-10-20,Cardiology,54.0,Female,10452,4,4,False,0,79.9
PID-04136,2025-06-13,1949-01-04,General Medicine,76.0,Male,10002,6,6,True,0,53.8
PID-04137,2025-11-02,1963-07-09,Cardiology,62.0,Female,10002,5,3,True,0,59.2
PID-04138,2025-04-23,1945-01-25,Geriatrics,,Male,10452,6,6,False,0,79.0
PID-04139,2025-01-16,1982-03-10,General Medicine,43.0,Female,10453,6,3,True,0,50.7
PID-04140,2025-05-24,1949-03-11,Geriatrics,,Female,10452,8,8,False,0,87.6
PID-04141,2025-01-30,1979-06-14,General Medicine,46.0,Male,10451,9,9,True,0,55.3
PID-04142,2025-08-30,1956-10-28,General Medicine,69.0,Male,10452,5,5,True,0,35.5
PID-04143,2025-09-29,1996-05-25,Emergency,29.0,Male,10001,6,6,True,0,33.5
PID-04144,2025-07-03,1965-10-29,Emergency,60.0,Female,10453,6,3,True,0,54.8
PID-04145,2025-10-27,2005-11-16,Emergency,20.0,Female,10452,6,6,True,0,48.7
PID-04146,2025-04-30,1974-05-13,Emergency,51.0,Female,10453,2,2,False,0,55.6
PID-04147,2025-03-23,1961-11-25,Cardiology,63.0,Male,10453,4,4,False,0,64.1
PID-04148,2025-02-21,1979-02-03,Emergency,46.0,Male,10002,1,1,True,0,34.7
PID-04149,2025-05-07,1988-07-06,General Medicine,37.0,Female,10453,1,1,True,0,49.1
PID-04150,2025-12-03,1954-10-29,Geriatrics,71.0,Female,10453,1,1,True,0,71.3
PID-04151,2025-05-04,1971-07-13,Emergency,54.0,Male,10452,7,7,False,0,63.6
PID-04152,2025-05-17,1978-09-02,General Medicine,47.0,Male,10002,1,1,True,0,52.2
PID-04153,2025-10-01,1970-02-04,Emergency,56.0,Female,10452,6,6,False,0,69.1
PID-04154,2025-01-29,1930-05-01,General Medicine,95.0,Male,10002,2,2,True,0,74.4
PID-04155,2025-04-23,1949-07-03,Geriatrics,,Male,10452,6,6,False,0,91.4
PID-04156,2025-10-22,1949-12-01,Geriatrics,,Male,10001,6,6,True,0,45.7
PID-04157,2025-07-18,1962-06-04,Geriatrics,63.0,Female,10452,3,3,False,0,68.3
PID-04158,2025-07-01,1967-06-03,General Medicine,58.0,Female,10453,8,6,True,0,42.0
PID-04159,2025-03-30,2007-05-20,Emergency,18.0,Female,10002,4,4,True,0,44.6
PID-04160,2025-04-01,1981-12-02,General Medicine,43.0,Female,10452,7,4,False,1,100.0
PID-04161,2025-05-02,1978-10-02,Emergency,47.0,Female,10002,4,4,True,0,51.7
PID-04162,2025-10-31,2003-08-22,Emergency,22.0,Male,10452,1,1,False,0,76.9
PID-04163,2025-06-12,1990-03-12,Emergency,35.0,Female,10452,6,3,True,0,29.4
PID-04164,2025-12-24,2005-12-13,Emergency,20.0,Male,10001,5,5,True,0,58.4
PID-04165,2025-07-03,1970-01-07,Cardiology,55.0,Female,10451,9,9,False,0,73.9
PID-04166,2025-10-30,1956-03-02,General Medicine,70.0,Male,10453,9,9,True,1,99.5
PID-04167,2025-01-15,1950-02-03,Cardiology,75.0,Male,10002,8,8,True,1,79.5
PID-04168,2025-12-27,1962-09-20,Cardiology,63.0,Male,10452,7,7,False,0,79.7
PID-04169,2025-12-25,1987-11-20,Emergency,38.0,Male,10452,2,2,False,0,72.6
PID-04170,2025-06-30,2004-04-28,General Medicine,21.0,Male,10002,8,8,False,0,71.2
PID-04171,2025-10-18,2001-05-02,Emergency,24.0,Male,10453,3,3,False,0,65.6
PID-04172,2025-10-16,1992-12-09,General Medicine,33.0,Unknown,10451,6,6,False,0,69.1
PID-04173,2025-03-14,1985-04-21,General Medicine,40.0,Male,10002,10,10,True,0,41.2
PID-04174,2025-10-16,1973-01-30,Cardiology,53.0,Female,10001,7,4,True,0,46.4
PID-04175,2025-04-07,1988-04-02,General Medicine,37.0,Female,10451,6,3,False,0,64.7
PID-04176,2025-09-10,1963-07-10,General Medicine,62.0,Unknown,10452,5,5,True,0,47.4
PID-04177,2025-10-05,1974-09-28,General Medicine,51.0,Female,10452,4,4,False,0,68.4
PID-04178,2025-06-08,1969-07-01,Cardiology,56.0,Female,10452,2,2,True,0,48.6
PID-04179,2025-03-31,1949-09-17,Geriatrics,,Male,10452,9,9,False,0,79.9
PID-04180,2025-09-09,1991-04-13,Emergency,34.0,Male,10451,7,7,False,1,94.8
PID-04181,2025-01-20,1961-09-13,Emergency,63.0,Male,10451,7,7,False,0,71.0
PID-04182,2025-02-16,1970-07-30,Cardiology,55.0,Female,10453,4,4,False,1,94.7
PID-04183,2025-01-29,1975-08-24,Emergency,49.0,Female,10453,5,2,False,0,67.6
PID-04184,2025-04-30,1954-10-01,Geriatrics,71.0,Male,10451,6,6,False,0,83.9
PID-04185,2025-11-05,1954-05-17,Geriatrics,71.0,Male,10452,2,2,False,0,90.9
PID-04186,2025-04-23,1986-11-12,General Medicine,38.0,Female,10002,4,4,True,0,47.0
PID-04187,2025-01-11,1973-03-10,Emergency,52.0,Male,10001,4,4,True,1,70.2
PID-04188,2025-09-27,1964-11-17,General Medicine,61.0,Female,10452,4,4,False,0,73.4
PID-04189,2025-09-02,1974-05-24,General Medicine,51.0,Female,10451,7,7,False,0,71.0
PID-04190,2025-01-01,1958-12-17,Cardiology,66.0,Female,10001,7,7,True,0,51.3
PID-04191,2025-06-19,1964-07-11,Cardiology,61.0,Female,10452,7,4,True,0,43.2
PID-04192,2025-11-11,1937-06-17,Geriatrics,88.0,Female,10453,7,7,True,0,54.6
PID-04193,2025-04-14,1996-10-18,Emergency,28.0,Female,10453,2,2,True,0,40.7
PID-04194,2025-03-08,1972-03-03,General Medicine,53.0,Female,10451,5,5,True,0,53.9
PID-04195,2025-06-24,1986-01-06,General Medicine,39.0,Female,10451,10,7,True,0,56.9
PID-04196,2025-04-01,1959-07-29,Emergency,66.0,Male,10001,2,2,True,0,52.7
PID-04197,2025-06-15,1999-03-15,Emergency,26.0,Male,10452,5,5,False,0,57.8
PID-04198,2025-01-31,1963-04-01,Emergency,62.0,Male,10453,6,6,True,0,51.6
PID-04199,2025-01-12,1980-11-27,General Medicine,44.0,Male,10453,3,3,False,0,70.3
PID-04200,2025-03-17,1983-02-28,Cardiology,42.0,Female,10452,6,4,False,1,100.0
PID-04201,2025-10-28,1997-04-22,General Medicine,29.0,Female,10001,5,2,True,0,56.0
PID-04202,2025-12-27,1978-12-07,Emergency,47.0,Male,10451,4,4,True,0,39.9
PID-04203,2025-03-14,1950-05-04,Geriatrics,75.0,Male,10451,10,10,False,0,71.4
PID-04204,2025-02-26,1970-03-25,General Medicine,55.0,Non-Binary,10453,9,9,True,0,52.8
PID-04205,2025-09-27,1959-02-09,Cardiology,67.0,Male,10001,8,8,False,0,79.5
PID-04206,2025-07-06,1940-09-04,Geriatrics,,Male,10451,7,7,False,1,100.0
PID-04207,2025-02-07,1965-03-07,Emergency,60.0,Female,10001,1,1,True,0,50.6
PID-04208,2025-07-11,1980-09-22,Emergency,45.0,Female,10452,9,7,False,0,77.0
PID-04209,2025-12-27,1962-04-04,General Medicine,64.0,Male,10452,9,9,False,0,86.7
PID-04210,2025-12-06,1979-10-24,Emergency,46.0,Male,10452,6,6,False,0,82.0
PID-04211,2025-07-22,1979-03-02,Cardiology,46.0,Male,10452,7,7,False,0,60.9
PID-04212,2025-10-28,1997-11-15,General Medicine,28.0,Female,10452,3,3,False,0,65.2
PID-04213,2025-02-21,1952-09-25,Emergency,72.0,Female,10001,5,5,True,0,38.8
PID-04214,2025-06-22,1976-05-25,Cardiology,49.0,Male,10002,7,7,True,0,51.9
PID-04215,2025-06-04,1966-11-15,General Medicine,59.0,Female,10453,1,1,True,1,70.3
PID-04216,2025-06-15,1988-07-25,Emergency,37.0,Female,10002,1,1,True,0,49.8
PID-04217,2025-03-11,1962-07-29,Emergency,63.0,Male,10001,5,5,False,0,62.6
PID-04218,2025-03-22,1983-01-11,Emergency,42.0,Female,10002,9,6,True,0,42.5
PID-04219,2025-08-12,1972-06-12,Emergency,53.0,Female,10002,7,4,True,0,36.1
PID-04220,2025-11-24,1954-10-25,Emergency,71.0,Male,10451,1,1,False,0,77.1
PID-04221,2025-09-07,1955-09-18,General Medicine,70.0,Male,10451,5,5,True,0,65.1
PID-04222,2025-11-29,1970-10-25,Cardiology,55.0,Female,10453,8,5,False,1,88.9
PID-04223,2025-06-12,2001-10-19,Emergency,24.0,Female,10452,8,5,False,1,100.0
PID-04224,2025-03-31,1930-07-08,Geriatrics,,Female,10001,2,2,True,0,53.8
PID-04225,2025-12-29,1938-07-06,Geriatrics,87.0,Female,10452,7,5,False,0,80.0
PID-04226,2025-10-15,1956-12-01,General Medicine,69.0,Female,10453,10,10,False,0,92.2
PID-04227,2025-12-22,1983-10-05,General Medicine,42.0,Male,10453,5,5,False,0,65.6
PID-04228,2025-11-11,1973-04-07,Cardiology,53.0,Female,10451,9,9,True,0,52.0
PID-04229,2025-07-02,1979-07-03,Emergency,46.0,Male,10002,3,3,True,0,52.3
PID-04230,2025-04-25,1947-03-22,Cardiology,78.0,Male,10453,1,1,True,0,62.5
PID-04231,2025-12-07,1965-08-01,General Medicine,60.0,Female,10452,4,4,False,0,74.8
PID-04232,2025-10-29,1984-07-21,General Medicine,41.0,Female,10451,7,4,False,0,72.2
PID-04233,2025-03-31,1978-04-14,General Medicine,47.0,Male,10001,1,1,True,0,40.8
PID-04234,2025-07-13,1949-05-22,Geriatrics,76.0,Female,10452,2,2,False,0,76.3
PID-04235,2025-06-07,1940-12-14,Geriatrics,84.0,Male,10001,5,5,True,0,65.2
PID-04236,2025-12-19,1943-06-04,Geriatrics,,Male,10001,9,9,True,1,91.3
PID-04237,2025-05-31,1956-11-01,Cardiology,69.0,Male,10002,1,1,True,0,53.3
PID-04238,2025-03-07,1973-10-11,Cardiology,51.0,Female,10002,4,4,True,1,83.8
PID-04239,2025-04-01,2006-11-05,Emergency,18.0,Female,10451,3,3,False,0,65.7
PID-04240,2025-01-01,1964-03-28,General Medicine,61.0,Male,10002,5,5,True,1,78.0
PID-04241,2025-12-26,1970-08-07,Cardiology,55.0,Female,10001,5,3,True,0,51.8
PID-04242,2025-10-21,1967-09-05,General Medicine,58.0,Male,10001,10,10,True,0,41.8
PID-04243,2025-07-20,1969-02-22,General Medicine,56.0,Female,10001,2,2,True,0,47.5
PID-04244,2025-10-18,1994-02-06,General Medicine,32.0,Male,10451,5,5,True,0,31.6
PID-04245,2025-01-17,1959-07-16,Emergency,66.0,Male,10002,9,9,False,1,100.0
PID-04246,2025-04-04,1958-03-11,General Medicine,67.0,Female,10002,5,5,True,0,71.1
PID-04247,2025-11-05,1958-01-22,General Medicine,68.0,Male,10451,10,10,False,0,62.9
PID-04248,2025-06-12,1952-01-23,Cardiology,73.0,Male,10002,2,2,True,0,52.2
PID-04249,2025-11-10,1959-12-05,Cardiology,66.0,Female,10002,7,4,True,0,55.8
PID-04250,2025-04-24,1977-05-14,Emergency,48.0,Non-Binary,10453,6,6,False,0,50.8
PID-04251,2025-11-24,1971-08-03,Cardiology,54.0,Male,10451,7,7,True,0,31.9
PID-04252,2025-10-17,1969-03-04,General Medicine,57.0,Male,10453,8,8,True,0,68.5
PID-04253,2025-02-23,1968-06-27,General Medicine,57.0,Male,10451,10,10,False,1,100.0
PID-04254,2025-09-12,1952-12-21,Geriatrics,73.0,Female,10453,5,3,True,1,94.0
PID-04255,2025-03-14,1958-05-07,Emergency,67.0,Male,10002,2,2,True,0,63.2
PID-04256,2025-06-19,1932-03-27,Geriatrics,,Female,10452,7,7,False,0,85.2
PID-04257,2025-02-09,1929-09-11,Geriatrics,95.0,Unknown,10451,7,7,False,0,77.1
PID-04258,2025-05-02,1968-08-24,Cardiology,57.0,Male,10453,8,8,False,0,79.4
PID-04259,2025-06-27,2007-02-24,Cardiology,18.0,Male,10451,7,7,False,0,82.9
PID-04260,2025-06-13,1946-12-25,Cardiology,78.0,Male,10453,10,10,False,0,73.9
PID-04261,2025-03-27,1979-02-26,General Medicine,46.0,Male,10451,7,7,False,0,67.8
PID-04262,2025-11-22,1984-12-09,Emergency,41.0,Female,10452,9,9,False,0,64.8
PID-04263,2025-02-15,1976-12-26,General Medicine,48.0,Male,10453,8,8,True,0,49.2
PID-04264,2025-12-29,1978-10-27,General Medicine,47.0,Male,10453,2,2,False,1,100.0
PID-04265,2025-12-10,1959-04-02,General Medicine,67.0,Female,10452,2,2,True,0,58.4
PID-04266,2025-11-24,1999-01-11,General Medicine,27.0,Male,10002,7,7,True,0,34.3
PID-04267,2025-06-21,1989-09-21,General Medicine,36.0,Female,10002,10,10,True,0,58.7
PID-04268,2025-08-17,1963-02-28,General Medicine,62.0,Male,10002,10,10,True,0,43.1
PID-04269,2025-01-06,1957-09-06,Cardiology,67.0,Female,10001,3,3,True,1,88.7
PID-04270,2025-05-16,1958-05-30,Emergency,67.0,Female,10001,1,1,True,0,64.5
PID-04271,2025-04-18,1984-05-24,Emergency,41.0,Female,10451,9,7,False,1,91.2
PID-04272,2025-05-08,1987-07-27,Emergency,38.0,Female,10453,3,3,True,1,66.8
PID-04273,2025-12-21,1980-05-07,General Medicine,46.0,Male,10001,1,1,True,0,45.7
PID-04274,2025-02-04,1965-01-03,General Medicine,60.0,Male,10451,6,6,True,0,64.4
PID-04275,2025-06-29,1943-06-22,General Medicine,82.0,Female,10002,4,4,True,0,51.5
PID-04276,2025-05-12,2006-08-08,Emergency,19.0,Female,10453,1,1,True,0,40.1
PID-04277,2025-02-25,1973-02-04,Cardiology,52.0,Male,10001,4,4,True,0,51.7
PID-04278,2025-01-01,1992-12-19,General Medicine,32.0,Male,10451,8,8,True,1,73.1
PID-04279,2025-01-25,1998-10-06,General Medicine,26.0,Male,10453,7,7,False,0,66.3
PID-04280,2025-07-17,1952-09-21,Geriatrics,73.0,Male,10002,1,1,True,0,51.9
PID-04281,2025-08-13,1961-01-30,Emergency,65.0,Male,10452,10,10,True,0,49.8
PID-04282,2025-08-03,1962-01-19,Cardiology,64.0,Female,10453,9,9,False,0,68.5
PID-04283,2025-03-27,1952-12-12,Emergency,72.0,Male,10001,6,6,False,0,92.0
PID-04284,2025-07-31,1978-03-03,General Medicine,47.0,Male,10453,2,2,False,0,62.0
PID-04285,2025-09-10,1977-04-30,Emergency,48.0,Female,10453,3,3,False,0,65.6
PID-04286,2025-07-13,1930-02-24,Geriatrics,,Female,10001,7,7,True,0,71.6
PID-04287,2025-06-29,1974-09-01,Cardiology,51.0,Female,10002,3,3,True,0,45.3
PID-04288,2025-10-07,1957-02-19,Emergency,69.0,Female,10452,3,3,True,0,53.5
PID-04289,2025-07-12,1969-05-17,Emergency,56.0,Male,10453,5,5,False,0,74.0
PID-04290,2025-02-21,2003-05-12,Emergency,22.0,Female,10001,3,3,True,0,51.4
PID-04291,2025-09-03,2006-10-20,General Medicine,19.0,Female,10452,3,3,False,1,92.2
PID-04292,2025-10-23,1980-04-27,General Medicine,45.0,Male,10002,5,5,True,1,75.7
PID-04293,2025-11-30,1951-03-05,Geriatrics,75.0,Female,10453,5,3,True,0,64.3
PID-04294,2025-12-18,1956-05-22,Cardiology,70.0,Female,10452,9,6,True,0,61.4
PID-04295,2025-04-26,1953-04-01,Geriatrics,72.0,Male,10451,1,1,False,0,85.2
PID-04296,2025-03-25,1986-11-10,Emergency,38.0,Male,10452,1,1,False,0,68.3
PID-04297,2025-08-20,1940-07-12,Geriatrics,85.0,Male,10453,9,9,True,0,50.7
PID-04298,2025-02-07,1986-10-04,General Medicine,38.0,Male,10002,5,5,True,0,55.1
PID-04299,2025-01-18,1966-03-07,Emergency,59.0,Male,10452,4,4,False,0,67.6
PID-04300,2025-05-31,1970-09-13,Cardiology,55.0,Female,10001,2,2,True,0,47.3
PID-04301,2025-01-11,1973-05-26,Cardiology,52.0,Male,10452,9,9,True,0,56.7
PID-04302,2025-06-13,1945-06-05,Geriatrics,,Female,10452,6,4,True,1,99.9
PID-04303,2025-05-14,1982-08-16,Emergency,43.0,Female,10451,9,6,False,1,79.9
PID-04304,2025-02-23,1993-11-06,General Medicine,31.0,Female,10452,5,3,False,1,92.2
PID-04305,2025-02-07,1969-06-07,Emergency,56.0,Female,10451,4,4,False,0,69.3
PID-04306,2025-06-25,1977-12-15,Emergency,48.0,Male,10453,7,7,False,0,71.0
PID-04307,2025-03-29,1929-12-31,Geriatrics,,Male,10001,5,5,True,0,58.4
PID-04308,2025-07-12,1957-05-31,General Medicine,68.0,Female,10001,8,8,True,0,59.2
PID-04309,2025-03-24,1977-01-31,General Medicine,48.0,Female,10453,8,5,False,0,73.3
PID-04310,2025-02-08,1988-08-28,Emergency,36.0,Female,10453,2,2,True,0,48.2
PID-04311,2025-10-08,2003-07-28,Cardiology,22.0,Male,10451,5,5,False,0,65.2
PID-04312,2025-02-17,1988-06-17,Emergency,37.0,Female,10453,10,10,False,0,64.9
PID-04313,2025-06-23,1967-08-29,Emergency,58.0,Male,10452,8,8,False,0,82.0
PID-04314,2025-11-01,1945-01-16,General Medicine,81.0,Female,10453,3,3,True,0,77.8
PID-04315,2025-11-11,1950-02-02,Geriatrics,76.0,Unknown,10451,7,7,True,0,57.0
PID-04316,2025-09-05,1965-10-19,General Medicine,60.0,Male,10002,3,3,True,0,47.1
PID-04317,2025-12-27,1976-01-30,Cardiology,50.0,Female,10451,6,4,False,0,73.5
PID-04318,2025-01-16,1964-11-04,Cardiology,60.0,Male,10453,2,2,True,0,51.2
PID-04319,2025-08-09,1979-07-26,Emergency,46.0,Male,10002,6,6,True,0,48.7
PID-04320,2025-12-01,1940-03-25,Cardiology,86.0,Female,10453,6,3,False,1,93.7
PID-04321,2025-03-26,1973-02-14,Cardiology,52.0,Female,10452,8,8,False,0,62.7
PID-04322,2025-11-07,1972-01-22,General Medicine,54.0,Female,10451,5,5,True,1,81.2
PID-04323,2025-08-11,2007-04-07,General Medicine,18.0,Female,10451,1,1,False,1,92.5
PID-04324,2025-03-22,1973-05-31,Cardiology,52.0,Female,10452,8,8,True,0,67.7
PID-04325,2025-01-28,1954-03-06,Geriatrics,71.0,Female,10452,9,7,False,1,100.0
PID-04326,2025-02-21,1988-09-08,Emergency,36.0,Female,10001,1,1,True,1,66.7
PID-04327,2025-06-19,1983-09-12,General Medicine,42.0,Male,10453,5,5,True,0,61.9
PID-04328,2025-04-16,1955-03-14,General Medicine,70.0,Unknown,10451,6,6,False,0,78.8
PID-04329,2025-04-08,1996-07-05,General Medicine,29.0,Male,10453,4,4,True,1,76.3
PID-04330,2025-07-29,1950-07-01,Emergency,75.0,Female,10452,2,2,True,0,66.3
PID-04331,2025-12-23,1980-04-08,Emergency,46.0,Male,10451,5,5,False,1,100.0
PID-04332,2025-10-11,1977-03-26,General Medicine,49.0,Male,10451,4,4,False,0,63.5
PID-04333,2025-10-04,1990-11-06,Emergency,35.0,Male,10453,7,7,False,0,89.7
PID-04334,2025-05-16,1963-07-02,General Medicine,62.0,Female,10002,6,3,True,0,52.5
PID-04335,2025-12-05,1931-02-04,Cardiology,95.0,Male,10453,3,3,False,0,62.2
PID-04336,2025-05-25,1955-01-10,Geriatrics,70.0,Male,10451,9,9,True,1,82.6
PID-04337,2025-06-02,1985-04-13,General Medicine,40.0,Female,10453,4,4,True,0,69.0
PID-04338,2025-05-02,1949-06-24,Cardiology,76.0,Female,10453,5,5,False,0,74.7
PID-04339,2025-02-19,1975-02-11,General Medicine,50.0,Male,10452,3,3,False,0,90.6
PID-04340,2025-01-26,1944-09-30,General Medicine,80.0,Male,10451,8,8,False,0,81.1
PID-04341,2025-07-21,1955-02-02,Cardiology,70.0,Male,10451,7,7,False,0,80.0
PID-04342,2025-10-20,2007-05-23,General Medicine,18.0,Male,10453,7,7,True,0,40.6
PID-04343,2025-10-09,1988-08-16,Emergency,37.0,Female,10451,8,6,False,0,75.6
PID-04344,2025-09-09,1954-01-24,Geriatrics,72.0,Female,10452,7,7,True,0,57.1
PID-04345,2025-03-20,1967-09-12,Emergency,58.0,Female,10452,3,3,True,0,49.8
PID-04346,2025-01-28,1987-11-30,General Medicine,37.0,Male,10451,3,3,False,0,68.1
PID-04347,2025-07-04,1981-10-24,Emergency,44.0,Female,10451,2,2,False,0,77.6
PID-04348,2025-01-02,2004-01-18,General Medicine,21.0,Female,10001,1,1,True,0,48.2
PID-04349,2025-08-07,1971-02-15,Emergency,54.0,Female,10002,5,3,True,0,27.4
PID-04350,2025-02-14,1930-01-23,Geriatrics,,Female,10453,4,4,False,0,72.4
PID-04351,2025-05-31,1954-12-12,Emergency,70.0,Female,10453,2,2,False,0,68.1
PID-04352,2025-12-05,1931-02-16,Geriatrics,95.0,Female,10001,1,1,True,0,73.3
PID-04353,2025-11-17,1954-11-02,Geriatrics,71.0,Male,10453,3,3,True,0,65.4
PID-04354,2025-11-04,1951-09-30,Geriatrics,74.0,Female,10001,6,3,True,0,60.4
PID-04355,2025-09-03,1934-05-02,Cardiology,91.0,Female,10451,2,2,True,0,58.2
PID-04356,2025-04-13,1963-06-02,Emergency,62.0,Female,10001,10,10,True,0,37.3
PID-04357,2025-02-19,1973-07-12,Cardiology,52.0,Male,10453,7,7,False,0,68.0
PID-04358,2025-01-14,1951-05-27,Cardiology,74.0,Female,10453,7,5,False,0,88.6
PID-04359,2025-04-16,1943-01-02,Geriatrics,82.0,Female,10452,3,3,True,1,92.4
PID-04360,2025-03-29,1978-08-27,General Medicine,47.0,Male,10002,1,1,True,0,53.9
PID-04361,2025-11-23,1983-04-27,General Medicine,43.0,Male,10451,9,9,False,0,57.5
PID-04362,2025-05-30,1967-06-10,Cardiology,58.0,Female,10452,5,5,True,1,68.4
PID-04363,2025-02-11,1955-04-13,Geriatrics,70.0,Female,10002,2,2,True,0,63.3
PID-04364,2025-08-31,1955-07-02,Geriatrics,70.0,Female,10451,8,8,True,0,49.7
PID-04365,2025-03-01,1995-03-01,Cardiology,30.0,Male,10452,10,10,False,0,76.5
PID-04366,2025-06-07,1935-01-29,General Medicine,90.0,Female,10002,10,10,True,0,48.0
PID-04367,2025-07-23,1981-02-10,General Medicine,44.0,Male,10001,4,4,True,0,40.1
PID-04368,2025-08-30,1974-04-27,Cardiology,51.0,Male,10451,10,10,False,0,58.1
PID-04369,2025-09-08,1987-02-13,General Medicine,39.0,Male,10452,7,7,False,0,65.6
PID-04370,2025-12-05,1931-06-02,Geriatrics,95.0,Male,10453,5,5,False,1,91.3
PID-04371,2025-05-16,1965-07-06,Emergency,60.0,Male,10001,3,3,False,0,65.6
PID-04372,2025-02-16,1984-11-30,General Medicine,40.0,Male,10451,10,10,False,0,61.8
PID-04373,2025-11-25,1954-07-12,Emergency,71.0,Male,10451,8,8,True,0,53.8
PID-04374,2025-10-06,1956-09-21,Emergency,69.0,Male,10002,2,2,True,1,91.0
PID-04375,2025-07-18,1973-08-13,Cardiology,52.0,Female,10452,1,1,False,1,94.9
PID-04376,2025-04-05,1954-03-15,Geriatrics,71.0,Female,10001,5,3,True,0,66.0
PID-04377,2025-07-09,1984-01-28,Emergency,41.0,Male,10002,4,4,True,0,70.0
PID-04378,2025-07-15,1978-07-07,Emergency,47.0,Female,10452,10,8,True,0,34.8
PID-04379,2025-07-09,2006-10-31,General Medicine,19.0,Male,10451,7,7,False,0,65.1
PID-04380,2025-04-06,1992-12-21,General Medicine,32.0,Female,10453,9,9,False,0,60.7
PID-04381,2025-08-17,1938-01-23,Cardiology,88.0,Male,10002,6,6,True,1,78.7
PID-04382,2025-01-23,1939-09-29,General Medicine,85.0,Male,10451,1,1,True,0,63.4
PID-04383,2025-05-15,1968-08-12,General Medicine,57.0,Female,10002,8,8,True,0,65.9
PID-04384,2025-08-14,1940-09-30,Cardiology,85.0,Female,10002,2,2,True,0,65.8
PID-04385,2025-08-27,1972-11-29,Emergency,53.0,Female,10453,4,4,False,0,74.4
PID-04386,2025-05-15,1974-02-28,General Medicine,51.0,Female,10452,3,3,True,0,59.4
PID-04387,2025-04-26,1968-02-14,Emergency,57.0,Female,10002,6,6,True,0,63.4
PID-04388,2025-05-18,1972-05-25,Emergency,53.0,Male,10452,2,2,True,0,66.2
PID-04389,2025-10-16,1973-08-18,General Medicine,52.0,Male,10453,5,5,False,0,74.4
PID-04390,2025-02-01,1949-05-25,Geriatrics,,Male,10001,9,9,True,0,51.3
PID-04391,2025-03-19,1967-08-02,General Medicine,58.0,Male,10002,3,3,True,0,46.9
PID-04392,2025-12-23,1958-01-10,Cardiology,68.0,Female,10002,2,2,True,0,41.5
PID-04393,2025-12-08,1951-09-09,General Medicine,74.0,Female,10453,2,2,False,0,86.9
PID-04394,2025-02-19,1963-01-10,Cardiology,62.0,Male,10001,9,9,True,0,42.3
PID-04395,2025-02-13,1987-06-02,General Medicine,38.0,Female,10002,6,6,True,0,43.6
PID-04396,2025-12-09,1995-01-26,Emergency,31.0,Female,10451,2,2,True,0,53.2
PID-04397,2025-06-26,1967-10-26,Emergency,58.0,Male,10452,3,3,True,0,32.5
PID-04398,2025-10-05,1973-10-25,Cardiology,52.0,Male,10453,1,1,False,0,79.3
PID-04399,2025-07-31,1969-01-05,Emergency,57.0,Male,10451,2,2,False,0,75.0
PID-04400,2025-10-29,1971-02-22,General Medicine,55.0,Male,10451,2,2,False,0,66.1
PID-04401,2025-04-27,1930-02-12,Geriatrics,,Male,10453,2,2,False,0,79.6
PID-04402,2025-10-11,1993-11-17,General Medicine,32.0,Female,10002,7,5,True,0,44.0
PID-04403,2025-02-01,2005-01-28,Cardiology,20.0,Male,10002,3,3,True,0,73.4
PID-04404,2025-07-18,1964-06-08,General Medicine,61.0,Male,10452,4,4,False,0,61.7
PID-04405,2025-09-25,1976-10-31,Emergency,49.0,Unknown,10452,2,2,False,0,72.9
PID-04406,2025-08-03,1964-09-18,Cardiology,61.0,Female,10451,5,5,False,0,67.6
PID-04407,2025-10-02,1959-05-23,Emergency,66.0,Female,10002,9,9,True,1,85.5
PID-04408,2025-12-18,1947-02-02,Emergency,79.0,Male,10452,9,9,True,0,64.6
PID-04409,2025-09-01,1997-06-09,Emergency,28.0,Male,10452,7,7,False,0,75.0
PID-04410,2025-10-21,1980-11-10,Emergency,45.0,Female,10453,8,5,False,0,66.8
PID-04411,2025-05-01,1962-03-20,Cardiology,63.0,Male,10453,5,5,False,0,59.5
PID-04412,2025-09-01,1956-12-06,Emergency,69.0,Male,10002,5,5,True,0,53.4
PID-04413,2025-06-03,1930-06-23,Geriatrics,95.0,Female,10453,3,3,False,0,75.9
PID-04414,2025-02-10,1951-12-02,Cardiology,73.0,Female,10001,6,3,True,0,54.6
PID-04415,2025-07-22,1971-11-03,General Medicine,54.0,Male,10453,1,1,False,0,60.6
PID-04416,2025-01-18,1985-10-07,Emergency,39.0,Female,10452,3,3,False,0,74.0
PID-04417,2025-09-15,1980-04-12,General Medicine,45.0,Male,10451,2,2,True,0,37.8
PID-04418,2025-10-20,1980-05-28,General Medicine,45.0,Male,10452,7,7,False,0,69.5
PID-04419,2025-09-22,1958-08-09,Emergency,67.0,Male,10001,9,9,True,0,45.3
PID-04420,2025-10-20,1966-03-22,Cardiology,60.0,Male,10001,4,4,True,0,59.8
PID-04421,2025-12-13,1994-03-07,Cardiology,32.0,Male,10002,7,7,True,0,44.5
PID-04422,2025-11-14,1978-02-26,Emergency,48.0,Female,10453,8,8,True,0,43.5
PID-04423,2025-03-17,1954-08-18,Cardiology,71.0,Female,10451,10,7,True,1,76.9
PID-04424,2025-03-03,1963-05-06,Cardiology,62.0,Female,10002,2,2,True,0,65.3
PID-04425,2025-08-18,1959-11-14,Emergency,66.0,Male,10453,7,7,True,0,71.9
PID-04426,2025-03-30,1963-09-09,General Medicine,62.0,Male,10002,3,3,True,0,50.5
PID-04427,2025-03-27,1940-01-27,General Medicine,85.0,Male,10453,8,8,False,0,75.5
PID-04428,2025-04-19,1965-06-05,General Medicine,60.0,Male,10451,6,6,True,0,68.7
PID-04429,2025-04-09,1976-07-15,Emergency,49.0,Male,10451,3,3,False,0,74.5
PID-04430,2025-03-06,1986-01-07,Emergency,39.0,Female,10002,8,5,True,0,47.7
PID-04431,2025-01-22,1964-12-10,General Medicine,60.0,Female,10453,3,3,False,0,65.0
PID-04432,2025-08-05,2007-12-05,General Medicine,18.0,Female,10001,9,6,True,1,82.4
PID-04433,2025-02-10,1972-11-29,Cardiology,52.0,Male,10001,3,3,True,0,48.0
PID-04434,2025-12-16,1974-05-25,Cardiology,52.0,Female,10452,1,1,False,0,57.9
PID-04435,2025-08-11,1994-06-27,Emergency,31.0,Male,10453,2,2,False,0,71.5
PID-04436,2025-04-14,1986-04-13,General Medicine,39.0,Male,10001,4,4,False,0,72.1
PID-04437,2025-11-18,1955-08-04,General Medicine,70.0,Male,10452,2,2,True,0,60.4
PID-04438,2025-03-17,1965-01-08,General Medicine,60.0,Female,10452,4,4,False,1,99.5
PID-04439,2025-11-01,1968-09-08,General Medicine,57.0,Unknown,10451,4,4,False,0,67.1
PID-04440,2025-05-13,1964-03-02,General Medicine,61.0,Male,10451,4,4,False,0,70.1
PID-04441,2025-06-13,1968-10-14,Emergency,57.0,Female,10002,1,1,False,0,69.9
PID-04442,2025-02-04,1947-05-21,General Medicine,78.0,Female,10002,9,6,True,0,48.0
PID-04443,2025-02-14,1967-06-12,General Medicine,58.0,Male,10452,10,10,False,0,76.3
PID-04444,2025-07-18,1996-07-20,General Medicine,29.0,Male,10001,7,7,True,0,55.0
PID-04445,2025-10-12,1941-02-22,Geriatrics,,Male,10451,2,2,True,0,68.9
PID-04446,2025-07-23,1963-10-08,Emergency,62.0,Unknown,10002,3,3,True,0,40.9
PID-04447,2025-10-10,1980-11-14,Emergency,45.0,Male,10451,8,8,True,0,46.2
PID-04448,2025-06-16,1992-09-12,General Medicine,33.0,Female,10451,7,7,True,0,60.0
PID-04449,2025-05-22,1962-08-25,Emergency,63.0,Male,10453,4,4,True,0,44.8
PID-04450,2025-09-24,1972-07-06,General Medicine,53.0,Female,10451,4,4,True,0,66.2
PID-04451,2025-08-23,1941-10-03,Emergency,84.0,Male,10002,9,9,False,0,66.0
PID-04452,2025-01-07,1975-09-22,Emergency,49.0,Female,10001,5,5,True,0,44.9
PID-04453,2025-12-25,1985-07-19,Cardiology,40.0,Female,10452,5,5,True,0,45.8
PID-04454,2025-11-16,1953-07-20,Geriatrics,72.0,Female,10451,7,7,False,0,86.9
PID-04455,2025-10-28,1954-01-08,Geriatrics,72.0,Female,10452,1,1,False,0,95.0
PID-04456,2025-09-25,1966-05-31,Emergency,59.0,Male,10451,3,3,True,0,52.7
PID-04457,2025-08-03,1958-01-28,General Medicine,68.0,Female,10453,2,2,True,0,36.4
PID-04458,2025-02-27,1969-12-01,Geriatrics,55.0,Male,10453,10,10,True,0,49.3
PID-04459,2025-08-01,1965-04-11,General Medicine,60.0,Male,10001,6,6,True,0,51.1
PID-04460,2025-03-18,1949-06-14,Geriatrics,76.0,Female,10452,6,6,True,0,63.5
PID-04461,2025-03-17,1958-02-13,General Medicine,67.0,Male,10001,10,10,True,0,59.3
PID-04462,2025-10-18,1974-03-08,Emergency,52.0,Female,10451,1,1,False,0,81.8
PID-04463,2025-10-29,1945-12-22,Geriatrics,,Unknown,10451,6,6,False,0,72.0
PID-04464,2025-10-26,2007-08-13,General Medicine,18.0,Male,10452,10,10,False,1,85.7
PID-04465,2025-02-21,1932-09-08,Emergency,92.0,Female,10002,2,2,True,0,54.5
PID-04466,2025-02-24,2000-07-06,General Medicine,25.0,Male,10453,4,4,False,0,93.4
PID-04467,2025-10-16,1981-10-28,General Medicine,44.0,Male,10002,6,6,True,0,48.4
PID-04468,2025-02-21,1970-08-08,Geriatrics,55.0,Male,10002,3,3,True,0,60.3
PID-04469,2025-05-27,1972-07-01,Cardiology,53.0,Female,10002,3,3,False,1,100.0
PID-04470,2025-10-02,1951-04-18,Cardiology,74.0,Female,10452,3,3,True,0,44.5
PID-04471,2025-06-26,1989-01-09,General Medicine,36.0,Female,10001,4,4,False,1,94.5
PID-04472,2025-07-30,1965-11-25,Cardiology,60.0,Unknown,10002,9,9,False,0,80.1
PID-04473,2025-05-16,1980-04-25,General Medicine,45.0,Male,10002,4,4,True,0,75.8
PID-04474,2025-07-16,1964-07-05,General Medicine,61.0,Male,10002,4,4,True,0,59.7
PID-04475,2025-12-02,1971-08-03,Emergency,54.0,Female,10001,4,4,True,0,46.9
PID-04476,2025-09-06,1969-01-10,Cardiology,57.0,Female,10001,7,5,True,0,63.1
PID-04477,2025-10-20,1979-11-05,General Medicine,46.0,Male,10451,5,5,True,0,46.1
PID-04478,2025-11-08,1980-02-19,General Medicine,46.0,Male,10451,2,2,True,0,39.8
PID-04479,2025-08-31,1965-02-13,Emergency,61.0,Female,10002,7,4,False,0,76.3
PID-04480,2025-01-20,1953-06-08,Emergency,72.0,Female,10452,3,3,True,0,46.9
PID-04481,2025-03-30,1980-02-04,Emergency,45.0,Male,10002,1,1,True,0,44.6
PID-04482,2025-05-22,1984-12-16,Emergency,40.0,Male,10002,9,9,True,0,63.4
PID-04483,2025-07-26,1958-05-23,Emergency,67.0,Female,10452,5,5,False,0,86.4
PID-04484,2025-03-15,1970-01-23,General Medicine,55.0,Female,10451,10,10,True,0,42.2
PID-04485,2025-11-13,1955-06-26,General Medicine,70.0,Male,10453,1,1,True,1,86.3
PID-04486,2025-11-08,1986-12-22,Emergency,39.0,Female,10002,1,1,True,0,49.1
PID-04487,2025-12-15,2002-08-14,Emergency,23.0,Male,10453,1,1,False,0,78.2
PID-04488,2025-12-22,1979-07-20,General Medicine,46.0,Male,10452,9,9,False,0,73.4
PID-04489,2025-07-25,1984-01-20,General Medicine,42.0,Female,10453,8,5,True,0,51.4
PID-04490,2025-01-20,1971-02-02,General Medicine,54.0,Female,10453,6,3,False,0,69.7
PID-04491,2025-07-22,1981-12-27,Emergency,44.0,Male,10001,10,10,True,0,40.1
PID-04492,2025-06-19,1956-01-16,Cardiology,69.0,Female,10001,6,4,False,1,100.0
PID-04493,2025-12-20,1975-08-05,Emergency,50.0,Female,10452,6,3,False,0,73.8
PID-04494,2025-05-02,1967-03-13,Cardiology,58.0,Female,10002,4,4,True,0,47.0
PID-04495,2025-01-26,1967-02-10,Cardiology,58.0,Female,10453,5,5,True,0,47.7
PID-04496,2025-09-01,1966-05-14,Cardiology,59.0,Female,10001,10,10,True,0,49.1
PID-04497,2025-05-18,1970-09-10,General Medicine,55.0,Female,10453,3,3,False,0,62.6
PID-04498,2025-07-10,1960-09-20,General Medicine,65.0,Male,10001,3,3,True,1,69.9
PID-04499,2025-01-11,1984-06-16,General Medicine,41.0,Male,10002,10,10,True,1,83.8
PID-04500,2025-06-22,1944-01-25,Geriatrics,81.0,Male,10453,7,7,True,0,45.9
PID-04501,2025-06-05,1974-07-12,Cardiology,51.0,Female,10001,5,5,True,0,66.7
PID-04502,2025-06-09,1993-06-24,Emergency,32.0,Female,10002,8,8,True,1,75.0
PID-04503,2025-05-24,1966-10-24,General Medicine,59.0,Male,10001,5,5,True,0,42.9
PID-04504,2025-09-09,1986-01-31,General Medicine,40.0,Male,10453,4,4,False,0,66.9
PID-04505,2025-12-23,1958-09-15,General Medicine,67.0,Female,10452,3,3,True,0,63.8
PID-04506,2025-12-17,1930-08-12,Geriatrics,95.0,Male,10453,2,2,True,0,55.7
PID-04507,2025-02-20,1984-02-06,General Medicine,41.0,Female,10451,3,3,False,0,75.9
PID-04508,2025-04-27,1964-09-07,General Medicine,61.0,Male,10002,7,7,True,0,40.4
PID-04509,2025-03-10,2001-02-14,Emergency,24.0,Female,10001,8,8,True,0,42.8
PID-04510,2025-06-03,1961-07-23,General Medicine,64.0,Female,10002,5,3,True,0,52.2
PID-04511,2025-08-15,1985-11-12,Emergency,40.0,Male,10451,1,1,False,0,64.4
PID-04512,2025-06-14,1981-08-11,General Medicine,44.0,Male,10452,3,3,True,0,67.6
PID-04513,2025-05-18,1989-04-24,Emergency,36.0,Male,10002,4,4,False,0,77.5
PID-04514,2025-08-02,1956-12-15,Emergency,69.0,Female,10001,10,7,True,0,64.6
PID-04515,2025-11-06,1952-04-25,Geriatrics,74.0,Female,10002,4,4,True,0,61.0
PID-04516,2025-11-27,1970-02-09,Emergency,56.0,Male,10002,1,1,True,0,46.9
PID-04517,2025-02-15,1985-05-23,Cardiology,40.0,Female,10001,10,10,False,1,92.7
PID-04518,2025-04-07,1941-03-20,Geriatrics,84.0,Female,10001,9,6,True,0,52.5
PID-04519,2025-08-15,1983-07-21,Emergency,42.0,Male,10001,10,10,True,0,51.9
PID-04520,2025-04-19,2007-05-25,Cardiology,18.0,Male,10453,4,4,False,0,58.8
PID-04521,2025-07-28,1961-02-27,General Medicine,64.0,Female,10002,2,2,True,0,63.1
PID-04522,2025-09-06,1989-04-05,General Medicine,36.0,Female,10453,9,9,False,0,70.5
PID-04523,2025-09-22,1953-01-02,General Medicine,73.0,Female,10451,4,4,False,0,92.3
PID-04524,2025-07-11,1976-11-07,Emergency,49.0,Female,10452,4,4,False,0,78.0
PID-04525,2025-01-29,1959-02-27,Cardiology,66.0,Female,10001,6,4,True,0,59.4
PID-04526,2025-09-21,1944-07-12,Geriatrics,,Male,10451,8,8,False,1,100.0
PID-04527,2025-03-23,1991-02-11,General Medicine,34.0,Female,10002,5,2,True,0,46.2
PID-04528,2025-02-03,1980-02-26,General Medicine,45.0,Female,10001,8,8,True,0,49.1
PID-04529,2025-06-09,1970-12-22,General Medicine,54.0,Female,10453,1,1,False,0,63.0
PID-04530,2025-12-30,1942-08-25,Geriatrics,,Male,10452,4,4,False,0,95.0
PID-04531,2025-09-17,1982-01-08,General Medicine,44.0,Male,10002,1,1,True,0,51.7
PID-04532,2025-07-26,1980-07-23,Cardiology,45.0,Male,10451,3,3,False,0,77.6
PID-04533,2025-03-11,1960-10-02,General Medicine,64.0,Male,10002,7,7,True,0,46.1
PID-04534,2025-09-26,1981-02-04,General Medicine,45.0,Male,10452,1,1,False,1,100.0
PID-04535,2025-10-19,1967-10-12,Cardiology,58.0,Female,10452,5,2,True,0,43.5
PID-04536,2025-01-15,1996-10-25,Emergency,28.0,Female,10001,1,1,True,0,49.0
PID-04537,2025-03-30,1930-06-17,General Medicine,95.0,Male,10001,6,6,True,0,55.8
PID-04538,2025-04-09,1994-01-30,Emergency,31.0,Female,10451,9,9,True,0,52.5
PID-04539,2025-04-13,1975-02-25,General Medicine,50.0,Male,10451,3,3,False,0,63.8
PID-04540,2025-01-30,1970-01-13,Geriatrics,55.0,Male,10451,6,6,True,0,55.3
PID-04541,2025-05-08,1935-03-07,Geriatrics,90.0,Male,10452,4,4,False,0,82.4
PID-04542,2025-01-17,1993-03-01,General Medicine,32.0,Female,10452,6,6,True,1,73.6
PID-04543,2025-08-22,1934-05-07,Geriatrics,,Male,10002,2,2,True,1,75.4
PID-04544,2025-01-26,1955-09-22,General Medicine,69.0,Male,10453,4,4,False,1,100.0
PID-04545,2025-07-04,1962-05-30,Cardiology,63.0,Male,10001,7,7,True,0,49.1
PID-04546,2025-12-27,1988-05-10,Cardiology,38.0,Female,10451,6,4,False,0,78.1
PID-04547,2025-04-12,1959-03-08,Cardiology,66.0,Male,10453,9,9,False,0,77.4
PID-04548,2025-05-21,1983-05-14,General Medicine,42.0,Female,10451,7,7,False,0,61.2
PID-04549,2025-07-08,1947-02-25,Cardiology,78.0,Female,10451,1,1,False,1,89.1
PID-04550,2025-08-26,1987-11-20,General Medicine,38.0,Female,10001,6,4,True,0,60.3
PID-04551,2025-09-16,1972-08-05,Cardiology,53.0,Female,10453,3,3,False,0,68.4
PID-04552,2025-07-23,1979-03-04,Emergency,46.0,Male,10002,8,8,True,0,53.0
PID-04553,2025-11-22,1987-10-16,Emergency,38.0,Male,10452,1,1,False,0,65.4
PID-04554,2025-03-05,1956-07-16,Cardiology,69.0,Female,10001,10,8,True,0,54.6
PID-04555,2025-12-15,1961-05-24,General Medicine,65.0,Male,10001,2,2,True,0,49.1
PID-04556,2025-01-16,1947-10-27,General Medicine,77.0,Female,10002,3,3,True,0,52.5
PID-04557,2025-05-04,2002-05-11,General Medicine,23.0,Female,10002,3,3,True,0,46.7
PID-04558,2025-07-10,1950-05-15,Emergency,75.0,Female,10453,7,4,True,0,66.4
PID-04559,2025-09-08,1930-03-27,General Medicine,95.0,Female,10453,8,8,True,0,66.3
PID-04560,2025-11-01,1979-01-07,Emergency,47.0,Unknown,10451,9,9,False,1,90.5
PID-04561,2025-08-17,1935-03-20,Cardiology,90.0,Female,10001,7,7,True,0,57.9
PID-04562,2025-04-01,1973-10-13,General Medicine,51.0,Male,10002,8,8,True,0,32.7
PID-04563,2025-08-31,1994-12-11,Emergency,31.0,Female,10452,6,3,False,0,55.0
PID-04564,2025-10-28,1975-08-17,General Medicine,50.0,Male,10001,2,2,True,0,45.4
PID-04565,2025-10-10,1951-07-14,Geriatrics,74.0,Male,10452,1,1,True,0,60.4
PID-04566,2025-06-29,1985-02-07,General Medicine,40.0,Female,10001,3,3,True,0,38.6
PID-04567,2025-06-26,1980-01-27,Emergency,45.0,Male,10452,9,9,False,1,100.0
PID-04568,2025-03-25,1958-12-28,Cardiology,66.0,Male,10453,7,7,False,1,100.0
PID-04569,2025-05-13,1969-09-28,General Medicine,56.0,Male,10451,2,2,False,0,62.4
PID-04570,2025-12-19,1960-01-21,Emergency,66.0,Female,10453,1,1,True,0,52.0
PID-04571,2025-02-16,1964-12-19,Cardiology,60.0,Female,10452,2,2,False,0,73.7
PID-04572,2025-05-26,1961-04-13,Emergency,64.0,Female,10452,3,3,False,0,85.0
PID-04573,2025-01-15,1977-06-04,General Medicine,48.0,Male,10451,6,6,True,0,46.2
PID-04574,2025-07-17,1965-05-14,Emergency,60.0,Female,10002,9,6,True,1,83.4
PID-04575,2025-01-26,1986-02-23,Emergency,39.0,Female,10453,8,6,False,0,69.8
PID-04576,2025-03-25,1946-07-08,Geriatrics,,Male,10452,10,10,True,0,60.6
PID-04577,2025-10-20,1982-02-12,General Medicine,44.0,Male,10452,9,9,False,0,68.3
PID-04578,2025-04-20,1948-11-01,General Medicine,76.0,Male,10451,8,8,True,0,68.4
PID-04579,2025-04-24,1974-05-22,General Medicine,51.0,Unknown,10001,7,7,True,0,67.8
PID-04580,2025-11-28,1967-01-21,General Medicine,59.0,Female,10453,6,4,True,0,57.7
PID-04581,2025-04-26,1978-01-30,General Medicine,47.0,Female,10001,8,5,True,0,39.4
PID-04582,2025-12-13,1988-11-05,General Medicine,37.0,Male,10453,6,6,True,0,47.7
PID-04583,2025-04-16,2001-05-15,General Medicine,24.0,Female,10002,2,2,True,0,32.5
PID-04584,2025-05-18,1988-01-28,General Medicine,37.0,Female,10002,9,6,False,0,88.5
PID-04585,2025-11-30,1976-05-05,Cardiology,50.0,Female,10451,9,9,False,1,98.2
PID-04586,2025-07-29,1966-04-19,General Medicine,59.0,Non-Binary,10453,3,3,False,0,62.8
PID-04587,2025-09-20,1952-02-09,Emergency,74.0,Male,10453,9,9,False,0,82.4
PID-04588,2025-01-11,1978-06-18,General Medicine,47.0,Male,10453,2,2,True,0,67.0
PID-04589,2025-12-16,1985-09-25,Cardiology,40.0,Female,10002,3,3,True,0,42.5
PID-04590,2025-01-05,1995-05-11,Emergency,30.0,Female,10001,6,3,True,0,44.9
PID-04591,2025-08-31,1961-06-11,Cardiology,64.0,Female,10452,4,4,False,0,59.4
PID-04592,2025-03-09,1945-01-31,General Medicine,80.0,Male,10451,8,8,True,0,65.1
PID-04593,2025-11-28,1947-10-29,Geriatrics,,Female,10452,1,1,False,0,78.7
PID-04594,2025-03-30,1957-08-09,Emergency,68.0,Male,10452,6,6,True,1,65.6
PID-04595,2025-11-04,1958-09-09,General Medicine,67.0,Male,10451,2,2,False,0,83.0
PID-04596,2025-01-05,1938-08-01,Geriatrics,,Female,10452,6,3,False,0,88.5
PID-04597,2025-04-25,1964-01-05,Cardiology,61.0,Female,10453,1,1,False,0,65.2
PID-04598,2025-05-10,1958-07-01,Cardiology,67.0,Male,10453,2,2,False,1,100.0
PID-04599,2025-11-08,1975-11-08,Cardiology,50.0,Male,10451,9,9,False,0,68.2
PID-04600,2025-06-06,1994-07-27,Cardiology,31.0,Male,10452,6,6,True,0,56.2
PID-04601,2025-12-31,1982-09-04,General Medicine,43.0,Male,10451,8,8,False,0,55.1
PID-04602,2025-12-30,1971-05-19,Emergency,55.0,Female,10001,7,7,True,0,44.1
PID-04603,2025-11-26,1968-09-10,General Medicine,57.0,Female,10001,9,7,False,0,67.2
PID-04604,2025-05-21,1935-11-10,Geriatrics,90.0,Male,10001,9,9,True,0,66.9
PID-04605,2025-08-05,1968-12-05,General Medicine,57.0,Female,10001,4,4,True,0,50.0
PID-04606,2025-07-12,1948-02-05,Geriatrics,77.0,Female,10001,7,7,True,0,48.2
PID-04607,2025-06-28,1977-05-03,General Medicine,48.0,Female,10453,5,5,False,0,64.8
PID-04608,2025-08-24,1975-11-22,Emergency,50.0,Male,10451,7,7,True,0,61.3
PID-04609,2025-05-10,1993-08-05,General Medicine,32.0,Female,10002,4,4,True,1,63.1
PID-04610,2025-04-22,1983-04-02,General Medicine,42.0,Male,10451,10,10,False,0,79.2
PID-04611,2025-08-27,1961-01-31,Cardiology,65.0,Male,10451,1,1,False,0,78.4
PID-04612,2025-06-04,1969-10-20,General Medicine,56.0,Male,10001,4,4,True,0,61.0
PID-04613,2025-12-13,1953-11-10,Cardiology,72.0,Female,10002,10,8,True,1,94.9
PID-04614,2025-09-24,1966-03-29,General Medicine,59.0,Male,10453,3,3,False,0,82.3
PID-04615,2025-11-16,1976-12-14,General Medicine,49.0,Male,10452,9,9,False,0,53.8
PID-04616,2025-07-23,1931-08-13,Emergency,,Male,10451,5,5,True,0,71.8
PID-04617,2025-10-27,1971-06-30,General Medicine,54.0,Female,10451,4,4,False,0,74.5
PID-04618,2025-02-22,1949-01-01,Geriatrics,76.0,Female,10002,8,6,True,0,54.9
PID-04619,2025-01-04,1976-07-25,General Medicine,48.0,Male,10451,5,5,False,0,59.4
PID-04620,2025-09-19,1957-07-31,General Medicine,68.0,Female,10451,3,3,True,0,60.3
PID-04621,2025-12-06,1953-07-20,Geriatrics,72.0,Female,10452,2,2,False,1,100.0
PID-04622,2025-07-11,1966-08-26,General Medicine,59.0,Female,10001,8,6,False,0,74.7
PID-04623,2025-10-15,2007-10-22,General Medicine,18.0,Male,10453,2,2,False,0,65.6
PID-04624,2025-11-28,1970-02-21,Emergency,56.0,Female,10002,8,5,True,0,71.3
PID-04625,2025-11-01,1948-01-13,Emergency,,Female,10451,5,2,False,0,85.8
PID-04626,2025-11-08,1961-02-02,Cardiology,65.0,Female,10452,8,6,False,0,76.1
PID-04627,2025-05-25,1961-10-12,Emergency,64.0,Male,10451,5,5,False,0,72.6
PID-04628,2025-06-02,2001-01-24,Emergency,24.0,Female,10451,1,1,False,0,74.6
PID-04629,2025-12-17,1983-02-04,Cardiology,43.0,Female,10001,2,2,True,0,27.8
PID-04630,2025-02-25,1961-09-15,General Medicine,63.0,Female,10451,6,6,True,1,76.4
PID-04631,2025-09-04,1963-01-09,General Medicine,63.0,Male,10002,3,3,True,0,57.2
PID-04632,2025-02-02,1947-12-23,Cardiology,77.0,Male,10001,8,8,True,0,74.2
PID-04633,2025-06-22,1972-03-21,General Medicine,53.0,Female,10001,5,5,True,0,70.6
PID-04634,2025-05-22,1962-11-10,Cardiology,63.0,Female,10452,3,3,False,0,79.9
PID-04635,2025-11-24,1970-05-21,Cardiology,56.0,Male,10001,10,10,False,0,71.9
PID-04636,2025-06-16,1987-05-26,Emergency,38.0,Female,10001,7,7,True,0,50.6
PID-04637,2025-05-22,2007-09-21,Emergency,18.0,Male,10451,8,8,False,0,63.7
PID-04638,2025-05-14,1962-11-05,General Medicine,63.0,Female,10453,4,4,False,1,99.9
PID-04639,2025-12-02,1967-03-06,Emergency,59.0,Female,10452,9,6,True,0,67.8
PID-04640,2025-12-31,1981-07-29,Emergency,44.0,Female,10453,6,6,False,0,66.7
PID-04641,2025-11-30,1999-09-28,Emergency,26.0,Female,10451,1,1,True,0,51.7
PID-04642,2025-06-02,1958-04-09,General Medicine,67.0,Male,10451,5,5,True,0,53.6
PID-04643,2025-04-07,1973-10-16,Cardiology,51.0,Female,10452,5,3,True,1,84.3
PID-04644,2025-03-18,1959-02-20,Emergency,66.0,Male,10002,7,7,True,0,71.2
PID-04645,2025-09-22,1936-04-19,Geriatrics,,Female,10001,7,7,True,0,53.8
PID-04646,2025-05-04,2006-12-28,Emergency,18.0,Female,10002,6,4,True,0,55.3
PID-04647,2025-01-30,1981-11-23,General Medicine,43.0,Female,10002,8,6,True,0,26.3
PID-04648,2025-11-04,1973-11-29,Cardiology,52.0,Male,10452,2,2,True,1,72.6
PID-04649,2025-07-26,1943-03-13,Geriatrics,82.0,Female,10451,7,5,True,0,71.6
PID-04650,2025-12-05,1999-07-24,General Medicine,26.0,Male,10001,10,10,True,0,45.8
PID-04651,2025-06-13,1935-06-10,Geriatrics,90.0,Male,10453,7,7,True,0,48.3
PID-04652,2025-12-15,1967-06-26,Emergency,58.0,Female,10451,4,4,False,0,76.2
PID-04653,2025-03-13,1970-10-01,Cardiology,54.0,Male,10451,10,10,False,0,69.0
PID-04654,2025-01-14,1972-07-25,Cardiology,52.0,Female,10453,2,2,True,0,51.8
PID-04655,2025-12-02,1977-06-20,Emergency,48.0,Male,10001,4,4,True,0,53.0
PID-04656,2025-09-12,1951-08-22,Geriatrics,74.0,Male,10452,4,4,False,0,88.2
PID-04657,2025-06-01,1989-06-27,General Medicine,36.0,Female,10002,6,3,True,0,59.7
PID-04658,2025-05-13,1963-09-27,General Medicine,62.0,Female,10452,7,4,False,0,73.5
PID-04659,2025-08-03,1976-11-27,Emergency,49.0,Male,10453,3,3,True,0,60.6
PID-04660,2025-07-27,1983-11-16,Emergency,42.0,Female,10451,10,10,False,0,69.8
PID-04661,2025-07-18,1931-01-08,Geriatrics,95.0,Female,10001,1,1,True,0,62.9
PID-04662,2025-01-19,1962-04-13,Emergency,63.0,Female,10001,3,3,True,0,50.3
PID-04663,2025-10-26,1959-02-27,Emergency,67.0,Male,10002,9,9,True,0,49.4
PID-04664,2025-12-29,1950-06-19,Cardiology,,Female,10452,1,1,True,0,73.4
PID-04665,2025-10-20,1995-04-28,Cardiology,30.0,Female,10002,8,8,True,0,50.5
PID-04666,2025-04-08,1938-07-02,Cardiology,87.0,Female,10002,2,2,True,0,74.4
PID-04667,2025-06-25,2007-12-10,Emergency,18.0,Male,10452,6,6,False,0,74.2
PID-04668,2025-04-24,1983-07-07,Emergency,42.0,Female,10001,3,3,True,0,53.8
PID-04669,2025-12-18,1978-10-14,Emergency,47.0,Female,10453,7,4,True,1,83.6
PID-04670,2025-10-01,1959-05-03,Emergency,66.0,Female,10002,2,2,True,0,62.7
PID-04671,2025-11-23,1967-03-10,Geriatrics,59.0,Male,10001,4,4,True,1,69.5
PID-04672,2025-09-01,1973-04-02,Emergency,52.0,Female,10001,10,10,True,0,48.8
PID-04673,2025-12-10,1971-02-06,Cardiology,55.0,Female,10453,9,6,True,0,60.6
PID-04674,2025-07-03,1987-05-22,General Medicine,38.0,Male,10451,6,6,False,0,76.5
PID-04675,2025-09-17,1996-04-30,Emergency,29.0,Male,10002,4,4,True,0,42.4
PID-04676,2025-06-03,1956-02-29,Cardiology,69.0,Female,10451,2,2,False,0,82.8
PID-04677,2025-03-29,1957-06-20,Cardiology,68.0,Male,10452,10,10,False,0,71.2
PID-04678,2025-12-03,1942-04-18,Geriatrics,84.0,Non-Binary,10002,9,9,True,0,60.9
PID-04679,2025-10-13,1984-11-08,General Medicine,41.0,Female,10452,4,4,False,1,100.0
PID-04680,2025-04-03,1957-02-05,General Medicine,68.0,Female,10002,9,6,True,0,54.6
PID-04681,2025-05-31,1975-09-14,Emergency,50.0,Male,10001,2,2,True,0,49.1
PID-04682,2025-02-19,1947-12-20,General Medicine,77.0,Male,10451,7,7,False,0,71.6
PID-04683,2025-08-30,1951-07-26,Geriatrics,74.0,Female,10001,5,2,True,0,65.5
PID-04684,2025-03-07,1966-08-24,General Medicine,59.0,Male,10453,8,8,False,0,71.3
PID-04685,2025-05-13,1976-09-11,Emergency,49.0,Female,10001,8,6,True,0,44.2
PID-04686,2025-10-14,1953-01-17,General Medicine,73.0,Male,10452,4,4,False,0,83.8
PID-04687,2025-04-04,1958-07-16,Emergency,67.0,Male,10002,4,4,True,1,84.8
PID-04688,2025-12-15,1982-06-20,General Medicine,43.0,Male,10453,8,8,False,0,74.5
PID-04689,2025-06-21,1993-05-05,General Medicine,32.0,Female,10001,3,3,False,1,86.7
PID-04690,2025-12-02,1975-09-26,General Medicine,50.0,Unknown,10453,7,7,False,1,92.1
PID-04691,2025-02-15,1941-12-17,Cardiology,83.0,Male,10001,8,8,True,0,61.2
PID-04692,2025-04-24,1949-10-11,Geriatrics,76.0,Male,10452,8,8,False,0,86.2
PID-04693,2025-07-01,1990-05-13,General Medicine,35.0,Male,10451,10,10,False,0,61.2
PID-04694,2025-04-25,1990-12-28,Emergency,34.0,Female,10451,4,4,False,0,71.0
PID-04695,2025-06-07,1947-08-03,Geriatrics,,Male,10002,9,9,True,0,68.9
PID-04696,2025-08-04,1990-10-21,Emergency,35.0,Female,10453,10,10,True,0,50.6
PID-04697,2025-06-19,1960-07-19,Geriatrics,65.0,Female,10001,4,4,True,0,47.1
PID-04698,2025-07-10,1981-03-21,Cardiology,44.0,Female,10452,8,6,True,0,45.2
PID-04699,2025-05-14,1940-04-24,Cardiology,85.0,Male,10451,6,6,True,1,80.3
PID-04700,2025-10-27,1984-03-30,Emergency,42.0,Unknown,10453,5,5,False,0,72.0
PID-04701,2025-05-31,1949-06-10,General Medicine,76.0,Male,10452,4,4,True,0,42.1
PID-04702,2025-08-26,1967-02-19,Emergency,59.0,Male,10001,5,5,True,0,45.1
PID-04703,2025-03-02,1965-07-08,Cardiology,60.0,Female,10451,1,1,False,0,73.8
PID-04704,2025-08-29,2005-04-09,Emergency,20.0,Female,10001,7,7,True,0,56.7
PID-04705,2025-01-28,2006-12-19,Emergency,18.0,Male,10002,8,8,True,1,66.6
PID-04706,2025-11-21,1973-10-20,Cardiology,52.0,Male,10002,9,9,True,0,44.3
PID-04707,2025-10-26,1965-08-14,General Medicine,60.0,Female,10453,3,3,True,1,75.7
PID-04708,2025-10-25,1990-07-02,Emergency,35.0,Male,10453,9,9,False,0,75.6
PID-04709,2025-11-14,1989-07-12,Emergency,36.0,Female,10001,10,8,True,0,46.7
PID-04710,2025-02-06,1958-10-27,General Medicine,66.0,Female,10451,5,5,False,0,78.9
PID-04711,2025-08-30,1959-10-02,Cardiology,66.0,Male,10002,10,10,True,0,63.0
PID-04712,2025-04-10,1972-09-19,Emergency,53.0,Male,10002,6,6,True,0,39.6
PID-04713,2025-09-14,1955-07-08,Geriatrics,70.0,Male,10001,1,1,True,1,99.6
PID-04714,2025-03-03,1991-02-08,Emergency,34.0,Female,10452,9,6,True,0,50.7
PID-04715,2025-12-15,1976-10-08,General Medicine,49.0,Female,10453,9,6,False,0,66.8
PID-04716,2025-07-15,1940-04-24,Geriatrics,85.0,Male,10002,6,6,True,0,70.3
PID-04717,2025-09-29,1968-05-30,Emergency,57.0,Female,10002,8,6,True,0,51.1
PID-04718,2025-06-02,1967-01-21,Emergency,58.0,Unknown,10002,4,4,True,0,48.4
PID-04719,2025-07-31,1930-02-15,General Medicine,95.0,Male,10453,5,5,False,1,100.0
PID-04720,2025-01-28,1994-11-21,Emergency,30.0,Female,10001,5,2,True,0,50.4
PID-04721,2025-03-19,1955-05-21,General Medicine,70.0,Male,10451,7,7,True,0,54.5
PID-04722,2025-03-12,1940-08-08,Geriatrics,,Male,10453,7,7,False,0,89.6
PID-04723,2025-04-13,1975-01-14,Emergency,50.0,Male,10001,7,7,True,0,36.5
PID-04724,2025-06-25,1954-12-14,Geriatrics,71.0,Male,10451,5,5,False,0,76.4
PID-04725,2025-07-29,1987-06-24,Cardiology,38.0,Male,10001,4,4,False,0,86.7
PID-04726,2025-10-19,1982-06-27,General Medicine,43.0,Male,10453,8,8,False,0,71.0
PID-04727,2025-08-23,1963-09-12,Emergency,62.0,Female,10002,1,1,True,0,35.7
PID-04728,2025-03-15,1954-12-03,Geriatrics,70.0,Female,10453,1,1,False,0,90.2
PID-04729,2025-06-11,1949-11-06,Geriatrics,,Female,10453,6,6,False,0,77.4
PID-04730,2025-04-03,1941-05-16,Geriatrics,,Male,10452,2,2,False,0,70.5
PID-04731,2025-02-11,1970-09-14,Emergency,54.0,Male,10451,3,3,False,0,79.5
PID-04732,2025-09-07,1948-08-05,Geriatrics,,Male,10452,4,4,False,0,89.9
PID-04733,2025-06-20,1976-04-19,Emergency,49.0,Female,10001,2,2,False,0,82.8
PID-04734,2025-11-20,1954-03-21,Geriatrics,72.0,Female,10002,10,7,True,0,51.3
PID-04735,2025-04-01,1966-01-19,Emergency,59.0,Male,10001,7,7,True,0,48.7
PID-04736,2025-06-10,1961-01-23,Geriatrics,64.0,Male,10452,10,10,True,0,47.4
PID-04737,2025-11-21,1962-06-25,Emergency,63.0,Female,10453,1,1,True,0,41.6
PID-04738,2025-01-30,1998-02-03,General Medicine,27.0,Male,10453,3,3,False,0,75.1
PID-04739,2025-01-03,1989-11-16,General Medicine,35.0,Male,10452,2,2,False,0,79.8
PID-04740,2025-08-20,1968-02-25,General Medicine,57.0,Female,10452,9,9,False,0,65.9
PID-04741,2025-05-21,2000-04-08,General Medicine,25.0,Female,10453,8,8,False,0,71.4
PID-04742,2025-04-18,1955-10-06,Emergency,70.0,Male,10453,3,3,False,0,81.3
PID-04743,2025-03-28,1954-07-05,General Medicine,71.0,Male,10451,5,5,True,0,69.8
PID-04744,2025-10-23,1964-11-25,Cardiology,61.0,Unknown,10001,3,3,True,1,75.1
PID-04745,2025-03-23,1990-06-14,General Medicine,35.0,Male,10451,6,6,True,0,50.3
PID-04746,2025-09-08,1945-07-10,Emergency,,Male,10451,5,5,False,0,88.2
PID-04747,2025-02-15,1933-02-19,General Medicine,92.0,Male,10452,2,2,False,0,81.1
PID-04748,2025-03-08,1967-01-24,General Medicine,58.0,Male,10453,10,10,False,0,64.9
PID-04749,2025-11-11,1961-01-12,General Medicine,65.0,Male,10453,8,8,False,0,60.2
PID-04750,2025-08-11,1966-05-25,Emergency,59.0,Female,10002,6,4,True,0,44.4
PID-04751,2025-11-21,1961-01-28,Geriatrics,65.0,Male,10001,3,3,True,0,52.2
PID-04752,2025-08-08,1972-04-10,Cardiology,53.0,Male,10002,1,1,True,1,63.3
PID-04753,2025-07-26,1970-02-07,Cardiology,55.0,Female,10001,5,5,True,0,52.5
PID-04754,2025-08-08,1953-08-15,Emergency,72.0,Female,10002,2,2,True,0,46.4
PID-04755,2025-09-02,1930-04-28,Emergency,95.0,Female,10453,2,2,False,0,71.0
PID-04756,2025-07-16,1995-02-11,General Medicine,30.0,Female,10451,9,9,False,0,75.9
PID-04757,2025-01-03,1970-11-06,Cardiology,54.0,Male,10451,10,10,False,1,91.0
PID-04758,2025-01-20,1991-05-14,General Medicine,34.0,Female,10001,7,7,True,0,52.1
PID-04759,2025-10-01,1941-10-31,Geriatrics,84.0,Male,10451,6,6,True,0,59.5
PID-04760,2025-04-13,1980-03-25,General Medicine,45.0,Unknown,10453,1,1,False,0,84.0
PID-04761,2025-07-11,1995-06-09,General Medicine,30.0,Female,10452,10,10,False,0,71.2
PID-04762,2025-01-08,1957-07-29,Geriatrics,67.0,Unknown,10001,2,2,True,0,50.8
PID-04763,2025-06-14,1938-01-12,Geriatrics,,Female,10453,7,5,False,0,85.5
PID-04764,2025-09-29,1958-09-26,Cardiology,67.0,Male,10002,3,3,True,0,50.5
PID-04765,2025-04-08,1966-02-07,Emergency,59.0,Female,10452,2,2,False,0,78.9
PID-04766,2025-01-10,1962-04-19,Cardiology,63.0,Unknown,10001,6,6,False,0,77.1
PID-04767,2025-12-13,1944-07-28,Geriatrics,,Female,10452,8,8,False,0,82.7
PID-04768,2025-01-03,1985-03-18,Cardiology,40.0,Male,10001,8,8,True,0,56.8
PID-04769,2025-11-17,1972-12-23,General Medicine,53.0,Female,10452,2,2,False,0,80.6
PID-04770,2025-05-08,1977-11-17,Emergency,47.0,Male,10452,6,6,True,0,49.8
PID-04771,2025-04-26,1991-09-10,Emergency,34.0,Male,10002,5,5,True,0,51.5
PID-04772,2025-12-22,1975-07-15,Emergency,50.0,Male,10453,7,7,True,0,52.2
PID-04773,2025-06-26,1950-04-21,Geriatrics,,Male,10001,4,4,True,1,78.4
PID-04774,2025-06-09,1959-10-02,Geriatrics,66.0,Female,10453,2,2,True,0,54.8
PID-04775,2025-03-08,1958-06-09,Emergency,67.0,Male,10002,10,10,True,0,60.5
PID-04776,2025-02-22,1967-05-12,Emergency,58.0,Female,10452,3,3,True,0,49.9
PID-04777,2025-07-16,1960-10-24,Emergency,65.0,Male,10452,9,9,False,1,97.3
PID-04778,2025-09-15,1984-05-08,Emergency,41.0,Male,10001,10,10,True,0,45.6
PID-04779,2025-10-29,1975-08-20,Emergency,50.0,Male,10002,8,8,True,1,61.7
PID-04780,2025-06-06,1966-10-14,General Medicine,59.0,Male,10451,9,9,False,1,100.0
PID-04781,2025-03-27,1965-02-23,Emergency,60.0,Male,10453,5,5,False,0,57.5
PID-04782,2025-02-03,1963-11-24,General Medicine,61.0,Male,10453,5,5,False,0,77.3
PID-04783,2025-01-24,1972-02-19,Cardiology,53.0,Female,10001,7,4,True,0,47.3
PID-04784,2025-06-02,1976-08-01,General Medicine,49.0,Male,10002,7,7,True,0,51.8
PID-04785,2025-05-29,1930-08-11,Cardiology,,Male,10452,1,1,False,0,86.0
PID-04786,2025-08-22,1953-05-09,Geriatrics,72.0,Male,10451,5,5,False,1,100.0
PID-04787,2025-09-24,1963-02-28,General Medicine,63.0,Female,10453,8,6,False,0,57.7
PID-04788,2025-11-02,1975-04-23,General Medicine,51.0,Female,10001,7,4,True,1,84.0
PID-04789,2025-09-26,1978-09-24,General Medicine,47.0,Female,10451,2,2,True,0,56.0
PID-04790,2025-06-22,1972-08-08,General Medicine,53.0,Male,10452,8,8,True,0,50.6
PID-04791,2025-08-11,1964-08-09,General Medicine,61.0,Male,10002,2,2,True,0,57.4
PID-04792,2025-12-18,2003-07-06,Cardiology,22.0,Female,10452,10,10,True,0,53.0
PID-04793,2025-03-10,1998-06-18,Emergency,27.0,Male,10001,1,1,True,1,74.5
PID-04794,2025-06-25,1981-09-24,Emergency,44.0,Male,10451,3,3,True,0,48.2
PID-04795,2025-09-08,1966-06-24,Cardiology,59.0,Male,10452,3,3,False,0,50.7
PID-04796,2025-07-03,1974-12-15,General Medicine,51.0,Male,10002,6,6,False,0,72.4
PID-04797,2025-04-07,1943-09-03,Emergency,82.0,Male,10001,3,3,True,0,50.9
PID-04798,2025-03-26,1996-04-03,General Medicine,29.0,Female,10453,7,7,True,0,54.0
PID-04799,2025-07-26,1983-06-17,Emergency,42.0,Male,10453,8,8,True,0,47.4
PID-04800,2025-01-10,1942-05-13,Geriatrics,83.0,Female,10453,3,3,False,0,64.4
PID-04801,2025-04-27,1966-12-13,General Medicine,58.0,Male,10453,9,9,False,0,69.4
PID-04802,2025-04-25,1954-06-29,Cardiology,71.0,Male,10001,1,1,True,0,56.0
PID-04803,2025-03-09,1933-07-06,Geriatrics,,Female,10001,3,3,True,1,97.4
PID-04804,2025-04-19,1982-01-03,Emergency,43.0,Male,10001,3,3,True,0,32.0
PID-04805,2025-01-12,1971-03-20,Cardiology,54.0,Female,10453,7,7,True,0,42.5
PID-04806,2025-10-29,1974-08-22,Emergency,51.0,Female,10452,5,5,False,0,59.4
PID-04807,2025-09-16,2005-11-03,Cardiology,20.0,Male,10452,4,4,True,0,57.1
PID-04808,2025-03-28,1975-04-04,Emergency,50.0,Female,10453,2,2,False,0,71.9
PID-04809,2025-03-05,1954-03-05,Geriatrics,71.0,Male,10451,7,7,True,1,91.7
PID-04810,2025-07-07,1960-12-11,Cardiology,65.0,Female,10001,3,3,True,1,65.0
PID-04811,2025-12-31,1958-09-18,Cardiology,67.0,Male,10001,7,7,True,0,51.3
PID-04812,2025-11-30,1977-01-13,General Medicine,49.0,Female,10001,10,8,True,0,50.5
PID-04813,2025-01-20,1981-05-03,General Medicine,44.0,Male,10002,7,7,True,0,65.6
PID-04814,2025-07-12,1947-01-21,Cardiology,78.0,Female,10002,2,2,True,1,89.9
PID-04815,2025-11-24,1978-09-03,General Medicine,47.0,Female,10452,7,5,True,0,42.1
PID-04816,2025-05-11,1964-01-03,Emergency,61.0,Female,10001,6,4,True,0,52.0
PID-04817,2025-10-01,1967-04-23,Cardiology,58.0,Female,10452,10,7,True,1,80.4
PID-04818,2025-11-16,1944-03-23,General Medicine,82.0,Female,10451,4,4,True,1,72.8
PID-04819,2025-01-25,1952-06-29,Cardiology,73.0,Female,10453,5,2,True,0,57.7
PID-04820,2025-11-01,1993-09-18,General Medicine,32.0,Male,10452,8,8,True,0,48.4
PID-04821,2025-01-25,1990-12-03,Emergency,34.0,Male,10453,5,5,False,0,86.2
PID-04822,2025-12-05,1960-04-08,Geriatrics,66.0,Male,10002,3,3,True,0,60.9
PID-04823,2025-02-25,1971-07-02,Emergency,54.0,Male,10001,2,2,True,0,65.0
PID-04824,2025-12-01,1978-07-23,General Medicine,47.0,Male,10451,6,6,True,0,43.3
PID-04825,2025-01-11,1950-09-02,Geriatrics,74.0,Female,10001,6,4,True,0,64.9
PID-04826,2025-01-25,1966-06-03,Cardiology,59.0,Male,10451,7,7,False,0,57.5
PID-04827,2025-12-20,1969-09-04,Emergency,56.0,Female,10002,8,5,True,0,55.5
PID-04828,2025-03-01,1955-08-08,Geriatrics,70.0,Male,10451,4,4,False,0,76.5
PID-04829,2025-08-02,1976-05-15,Cardiology,49.0,Male,10453,8,8,False,0,67.1
PID-04830,2025-08-16,1941-12-21,Geriatrics,84.0,Female,10002,1,1,True,0,66.4
PID-04831,2025-07-14,1984-10-17,Emergency,41.0,Female,10453,6,6,False,0,77.3
PID-04832,2025-03-05,1957-10-15,General Medicine,67.0,Female,10002,6,6,True,0,62.7
PID-04833,2025-10-08,1945-02-05,Geriatrics,,Female,10002,3,3,True,0,76.3
PID-04834,2025-05-10,1994-07-25,General Medicine,31.0,Male,10451,9,9,True,0,50.6
PID-04835,2025-08-31,1976-08-26,General Medicine,49.0,Female,10453,5,5,False,0,72.9
PID-04836,2025-12-26,1950-04-05,General Medicine,76.0,Male,10452,1,1,False,1,100.0
PID-04837,2025-03-20,1949-04-20,Emergency,76.0,Male,10452,7,7,False,0,86.3
PID-04838,2025-04-16,1973-03-01,General Medicine,52.0,Male,10002,10,10,True,0,50.2
PID-04839,2025-12-22,1983-10-05,Emergency,42.0,Male,10001,3,3,True,0,40.8
PID-04840,2025-12-18,1952-10-04,Geriatrics,73.0,Male,10001,10,10,True,0,63.4
PID-04841,2025-11-19,1949-03-29,Geriatrics,,Female,10002,10,7,True,0,46.2
PID-04842,2025-01-05,1990-04-18,General Medicine,35.0,Female,10453,4,4,True,1,82.7
PID-04843,2025-06-04,1991-01-05,General Medicine,34.0,Male,10453,6,6,False,0,80.6
PID-04844,2025-08-04,1965-07-29,Cardiology,60.0,Male,10002,8,8,True,0,45.6
PID-04845,2025-12-05,1958-12-15,Emergency,67.0,Male,10452,4,4,False,0,75.3
PID-04846,2025-02-21,1975-06-12,Geriatrics,50.0,Male,10451,9,9,False,0,52.4
PID-04847,2025-12-06,1958-04-03,Emergency,68.0,Female,10001,8,8,True,0,59.5
PID-04848,2025-09-24,1982-12-11,Emergency,43.0,Male,10002,10,10,True,0,53.4
PID-04849,2025-05-19,2007-04-06,General Medicine,18.0,Female,10451,10,10,True,1,78.0
PID-04850,2025-11-15,1977-10-14,Emergency,48.0,Male,10452,6,6,False,0,72.4
PID-04851,2025-11-07,1969-05-03,Cardiology,57.0,Unknown,10002,7,7,True,0,47.6
PID-04852,2025-12-25,1975-02-19,Cardiology,51.0,Male,10453,8,8,False,1,100.0
PID-04853,2025-03-12,1990-01-10,Cardiology,35.0,Female,10451,2,2,True,0,41.3
PID-04854,2025-08-03,2002-08-10,General Medicine,23.0,Male,10002,5,5,True,0,41.5
PID-04855,2025-02-23,1979-03-30,Emergency,46.0,Female,10002,7,5,True,1,62.9
PID-04856,2025-09-19,1953-07-03,Cardiology,72.0,Male,10452,8,8,True,0,54.1
PID-04857,2025-11-13,1948-02-15,Geriatrics,78.0,Male,10452,5,5,True,0,49.7
PID-04858,2025-03-02,1948-07-17,Emergency,77.0,Female,10452,3,3,True,0,39.4
PID-04859,2025-05-25,1984-07-08,Emergency,41.0,Female,10002,6,4,True,0,43.5
PID-04860,2025-02-28,1990-02-19,Cardiology,35.0,Female,10002,5,3,True,0,57.3
PID-04861,2025-02-24,1961-01-23,Emergency,64.0,Female,10002,8,5,True,0,52.6
PID-04862,2025-09-12,1958-09-09,General Medicine,67.0,Female,10001,9,7,True,1,90.7
PID-04863,2025-04-12,1961-11-22,General Medicine,63.0,Male,10452,9,9,False,0,74.8
PID-04864,2025-11-08,2006-06-02,Emergency,19.0,Male,10002,6,6,False,0,67.1
PID-04865,2025-04-13,1985-06-07,General Medicine,40.0,Male,10002,4,4,True,0,47.9
PID-04866,2025-05-15,1970-08-27,Cardiology,55.0,Female,10002,4,4,True,0,43.5
PID-04867,2025-09-25,1961-06-26,Cardiology,64.0,Male,10451,9,9,True,0,52.2
PID-04868,2025-04-14,1956-03-10,Emergency,69.0,Male,10452,4,4,False,0,100.0
PID-04869,2025-07-03,1967-09-06,Emergency,58.0,Female,10453,8,8,True,1,63.3
PID-04870,2025-12-27,1965-04-16,General Medicine,61.0,Female,10453,9,6,True,0,59.0
PID-04871,2025-07-29,1968-06-20,Cardiology,57.0,Male,10452,5,5,True,1,70.2
PID-04872,2025-06-01,1957-05-01,Emergency,68.0,Male,10002,6,6,True,0,73.1
PID-04873,2025-03-24,1964-02-24,Geriatrics,61.0,Male,10452,3,3,False,1,98.3
PID-04874,2025-01-21,1967-11-29,Emergency,57.0,Male,10001,5,5,True,0,44.8
PID-04875,2025-10-08,1974-07-17,Cardiology,51.0,Male,10452,5,5,True,0,47.9
PID-04876,2025-09-12,1968-03-27,General Medicine,57.0,Female,10452,2,2,False,0,76.4
PID-04877,2025-04-17,1961-04-12,Emergency,64.0,Female,10452,10,8,False,0,85.2
PID-04878,2025-12-19,1966-06-02,Cardiology,60.0,Female,10001,6,3,True,0,57.3
PID-04879,2025-09-04,1963-07-21,Cardiology,62.0,Male,10453,9,9,False,0,66.0
PID-04880,2025-06-19,1945-10-03,Geriatrics,,Female,10452,7,4,False,0,84.4
PID-04881,2025-05-01,1965-10-23,General Medicine,60.0,Male,10452,8,8,False,1,100.0
PID-04882,2025-01-02,1980-10-10,Cardiology,44.0,Male,10001,2,2,True,0,54.2
PID-04883,2025-01-07,1954-06-02,Geriatrics,71.0,Female,10002,9,6,True,0,58.8
PID-04884,2025-12-10,1995-04-27,General Medicine,31.0,Male,10001,3,3,True,0,37.3
PID-04885,2025-02-15,1989-02-22,Cardiology,36.0,Male,10002,10,10,True,1,86.1
PID-04886,2025-02-26,1963-03-18,General Medicine,62.0,Female,10451,5,2,False,0,68.8
PID-04887,2025-10-21,1960-09-26,Cardiology,65.0,Male,10453,7,7,True,0,43.6
PID-04888,2025-12-09,1993-03-15,General Medicine,33.0,Female,10002,4,4,True,0,56.6
PID-04889,2025-09-10,1976-07-30,Cardiology,49.0,Male,10452,7,7,True,0,56.9
PID-04890,2025-03-18,1980-08-14,General Medicine,45.0,Female,10001,8,5,True,0,41.7
PID-04891,2025-02-16,1978-01-27,Emergency,47.0,Male,10002,10,10,False,0,63.2
PID-04892,2025-09-19,1954-02-28,Cardiology,72.0,Male,10453,10,10,True,0,65.1
PID-04893,2025-02-08,1956-09-03,General Medicine,68.0,Female,10452,4,4,False,0,90.9
PID-04894,2025-02-21,1969-09-27,Emergency,55.0,Male,10451,5,5,True,0,47.0
PID-04895,2025-05-12,1979-08-24,General Medicine,46.0,Male,10002,3,3,False,0,68.1
PID-04896,2025-11-26,1994-08-05,Emergency,31.0,Male,10002,5,5,True,0,43.8
PID-04897,2025-04-29,1944-09-27,Geriatrics,81.0,Male,10001,8,8,True,0,71.1
PID-04898,2025-08-22,1959-04-02,Cardiology,66.0,Male,10002,3,3,True,0,65.9
PID-04899,2025-06-01,1981-12-26,Emergency,43.0,Male,10001,5,5,True,0,40.0
PID-04900,2025-05-16,1957-02-19,Emergency,68.0,Female,10452,10,7,False,0,94.9
PID-04901,2025-08-26,1971-09-25,General Medicine,54.0,Male,10001,1,1,True,0,81.1
PID-04902,2025-01-26,1974-12-24,Emergency,50.0,Female,10001,2,2,True,0,33.8
PID-04903,2025-02-21,1962-01-28,General Medicine,63.0,Male,10452,3,3,True,0,53.1
PID-04904,2025-03-31,1982-10-15,Cardiology,42.0,Male,10453,1,1,False,0,56.1
PID-04905,2025-01-21,1975-07-28,General Medicine,49.0,Female,10453,9,9,True,0,47.3
PID-04906,2025-05-29,1967-02-16,Cardiology,58.0,Male,10453,9,9,True,0,36.8
PID-04907,2025-07-04,1978-07-30,General Medicine,47.0,Non-Binary,10002,5,5,True,0,63.2
PID-04908,2025-12-13,1958-01-02,Cardiology,68.0,Male,10002,4,4,True,0,56.7
PID-04909,2025-06-10,1936-06-14,Emergency,89.0,Female,10453,5,2,True,1,94.1
PID-04910,2025-08-07,1984-01-31,General Medicine,42.0,Female,10453,4,4,False,0,71.6
PID-04911,2025-03-01,1999-04-08,Emergency,26.0,Female,10452,5,3,True,0,65.3
PID-04912,2025-02-18,2005-11-21,General Medicine,19.0,Female,10002,7,5,True,0,39.1
PID-04913,2025-01-24,1971-09-15,Cardiology,53.0,Female,10002,8,5,True,0,30.3
PID-04914,2025-01-05,1981-04-20,Emergency,44.0,Male,10453,2,2,True,0,44.8
PID-04915,2025-03-12,1965-09-16,General Medicine,59.0,Male,10002,4,4,True,1,71.6
PID-04916,2025-12-06,1967-11-11,Cardiology,58.0,Female,10452,8,6,False,0,55.7
PID-04917,2025-11-28,1998-10-12,Emergency,27.0,Male,10453,7,7,True,0,53.9
PID-04918,2025-03-29,2001-11-01,Emergency,23.0,Male,10452,9,9,True,0,53.4
PID-04919,2025-06-18,1964-09-01,Emergency,61.0,Female,10002,5,5,True,1,87.0
PID-04920,2025-07-03,1967-03-28,Emergency,58.0,Male,10002,6,6,True,0,59.3
PID-04921,2025-08-13,1977-03-27,General Medicine,48.0,Female,10001,8,5,True,0,45.5
PID-04922,2025-11-15,1999-07-03,General Medicine,26.0,Female,10452,5,3,True,0,39.6
PID-04923,2025-05-18,1960-12-16,Emergency,64.0,Female,10451,9,6,True,0,34.6
PID-04924,2025-02-17,1947-01-03,Cardiology,78.0,Female,10002,4,4,True,0,58.2
PID-04925,2025-07-10,1964-01-15,Emergency,61.0,Male,10002,8,8,True,0,48.1
PID-04926,2025-06-25,1985-06-29,Emergency,40.0,Male,10001,3,3,True,0,53.5
PID-04927,2025-04-04,1968-11-03,Cardiology,56.0,Male,10453,5,5,False,0,55.3
PID-04928,2025-02-28,1994-02-02,General Medicine,31.0,Male,10453,8,8,True,0,51.3
PID-04929,2025-07-25,1950-10-13,Cardiology,75.0,Female,10002,10,10,True,0,64.7
PID-04930,2025-07-24,1968-08-19,Emergency,57.0,Female,10453,7,4,False,1,89.2
PID-04931,2025-08-22,2002-01-06,General Medicine,24.0,Male,10452,1,1,False,0,75.1
PID-04932,2025-05-20,1975-10-30,General Medicine,50.0,Male,10452,4,4,True,0,47.8
PID-04933,2025-07-17,1961-04-13,General Medicine,64.0,Non-Binary,10452,2,2,False,0,80.7
PID-04934,2025-12-20,1975-12-30,Geriatrics,50.0,Male,10452,2,2,True,0,62.9
PID-04935,2025-09-02,1974-08-15,Cardiology,51.0,Female,10001,7,4,True,0,50.2
PID-04936,2025-08-04,1992-11-28,General Medicine,33.0,Male,10451,3,3,False,0,77.7
PID-04937,2025-11-29,1959-09-05,General Medicine,66.0,Female,10453,3,3,True,0,47.8
PID-04938,2025-03-27,1980-12-21,Emergency,44.0,Female,10001,6,6,True,0,45.7
PID-04939,2025-02-27,2007-04-04,General Medicine,18.0,Female,10001,6,3,True,0,53.3
PID-04940,2025-03-09,1976-05-19,Emergency,49.0,Female,10002,1,1,False,0,66.0
PID-04941,2025-12-23,1953-05-05,Geriatrics,73.0,Male,10002,1,1,True,0,57.5
PID-04942,2025-01-31,1975-11-12,Emergency,49.0,Male,10001,6,6,True,0,41.2
PID-04943,2025-03-23,1937-12-12,Emergency,87.0,Female,10452,7,4,False,0,95.6
PID-04944,2025-02-23,1962-03-17,Cardiology,63.0,Male,10002,9,9,True,0,41.4
PID-04945,2025-08-02,1963-05-09,Geriatrics,62.0,Female,10001,4,4,True,0,56.9
PID-04946,2025-10-30,1972-11-05,Emergency,53.0,Female,10453,10,10,False,0,65.5
PID-04947,2025-09-05,1971-04-14,Cardiology,54.0,Female,10452,6,6,True,0,55.6
PID-04948,2025-10-19,1975-01-27,General Medicine,51.0,Female,10002,3,3,True,0,44.3
PID-04949,2025-12-14,1976-06-01,Emergency,50.0,Female,10002,4,4,True,0,46.8
PID-04950,2025-08-13,1961-01-26,Cardiology,65.0,Female,10452,9,9,False,1,98.6
PID-04951,2025-04-03,1985-12-29,Cardiology,39.0,Male,10452,1,1,True,0,55.5
PID-04952,2025-11-09,1989-07-09,Emergency,36.0,Male,10001,5,5,True,0,57.9
PID-04953,2025-07-14,1990-09-01,Emergency,35.0,Male,10453,7,7,False,0,70.3
PID-04954,2025-07-03,1933-08-29,Emergency,92.0,Female,10452,3,3,True,1,94.7
PID-04955,2025-11-10,1960-12-05,General Medicine,65.0,Male,10453,2,2,False,0,72.1
PID-04956,2025-01-15,1963-12-11,Emergency,61.0,Female,10001,2,2,True,0,48.6
PID-04957,2025-12-17,1989-09-30,General Medicine,36.0,Male,10001,1,1,True,0,57.6
PID-04958,2025-03-08,1958-07-11,Emergency,67.0,Female,10002,5,5,True,0,61.0
PID-04959,2025-09-05,1973-02-02,General Medicine,53.0,Male,10001,3,3,True,0,52.1
PID-04960,2025-09-07,1966-08-29,Cardiology,59.0,Female,10001,7,5,True,1,66.1
PID-04961,2025-02-27,1987-04-17,Emergency,38.0,Female,10001,1,1,True,0,44.2
PID-04962,2025-07-30,1967-03-12,Emergency,58.0,Male,10452,9,9,False,1,98.7
PID-04963,2025-08-14,1977-05-27,General Medicine,48.0,Male,10001,2,2,True,0,42.1
PID-04964,2025-01-24,1983-01-24,Emergency,42.0,Female,10001,8,8,True,1,75.3
PID-04965,2025-02-02,1956-05-30,Geriatrics,69.0,Female,10453,10,8,False,0,62.9
PID-04966,2025-05-14,1997-10-17,Emergency,28.0,Male,10001,4,4,False,0,87.1
PID-04967,2025-12-02,1959-07-03,General Medicine,66.0,Non-Binary,10451,6,6,False,1,100.0
PID-04968,2025-06-10,1957-10-05,General Medicine,68.0,Female,10452,9,9,False,0,76.0
PID-04969,2025-01-07,1984-11-19,General Medicine,40.0,Female,10453,7,4,False,0,83.6
PID-04970,2025-12-27,1985-01-24,General Medicine,41.0,Male,10453,8,8,False,0,62.0
PID-04971,2025-12-14,1974-08-24,Cardiology,51.0,Male,10451,7,7,True,0,45.0
PID-04972,2025-09-26,1965-03-23,Cardiology,61.0,Female,10453,2,2,False,1,99.6
PID-04973,2025-10-23,1972-09-01,General Medicine,53.0,Female,10451,9,7,False,0,78.4
PID-04974,2025-10-17,1962-10-25,General Medicine,63.0,Female,10452,1,1,True,0,44.8
PID-04975,2025-04-25,1938-06-25,Emergency,87.0,Male,10002,2,2,True,0,64.1
PID-04976,2025-12-09,1979-08-15,Cardiology,46.0,Male,10452,3,3,False,0,73.0
PID-04977,2025-06-23,2000-03-06,Emergency,25.0,Male,10451,3,3,True,0,49.8
PID-04978,2025-09-23,1955-05-06,Geriatrics,70.0,Male,10452,10,10,True,0,55.1
PID-04979,2025-09-25,1939-04-19,Cardiology,,Male,10452,4,4,False,1,100.0
PID-04980,2025-12-19,1962-09-18,Emergency,63.0,Male,10001,5,5,True,0,31.9
PID-04981,2025-12-25,1989-08-23,General Medicine,36.0,Unknown,10002,6,6,True,0,51.3
PID-04982,2025-11-13,1973-01-13,General Medicine,53.0,Male,10452,1,1,False,0,63.8
PID-04983,2025-02-18,1990-02-20,Emergency,35.0,Female,10001,8,8,True,0,48.9
PID-04984,2025-08-10,1958-09-07,Emergency,67.0,Female,10002,6,6,True,0,53.8
PID-04985,2025-12-05,1995-01-10,General Medicine,31.0,Female,10452,10,10,False,0,59.1
PID-04986,2025-05-08,1974-11-29,General Medicine,50.0,Male,10453,9,9,False,0,64.2
PID-04987,2025-09-04,1988-05-14,General Medicine,37.0,Female,10001,5,3,True,0,45.0
PID-04988,2025-06-27,1967-01-15,Emergency,58.0,Female,10451,7,7,False,0,67.9
PID-04989,2025-12-06,1977-03-25,Emergency,49.0,Female,10001,4,4,True,0,49.9
PID-04990,2025-12-13,1966-12-01,Cardiology,59.0,Female,10002,6,3,True,0,55.6
PID-04991,2025-11-25,1969-08-31,General Medicine,56.0,Unknown,10001,6,6,True,0,63.3
PID-04992,2025-07-17,1987-09-10,General Medicine,38.0,Female,10452,4,4,False,0,70.6
PID-04993,2025-03-18,1958-07-24,General Medicine,67.0,Male,10452,6,6,True,0,50.6
PID-04994,2025-10-13,1970-10-27,Emergency,55.0,Female,10002,8,8,True,1,82.0
PID-04995,2025-11-10,1987-08-19,General Medicine,38.0,Male,10452,5,5,False,0,72.4
PID-04996,2025-01-28,1929-10-03,Geriatrics,,Female,10451,2,2,True,0,51.0
PID-04997,2025-01-06,1961-03-29,General Medicine,64.0,Male,10002,9,9,True,0,50.7
PID-04998,2025-11-26,1972-11-22,Emergency,53.0,Male,10451,4,4,True,0,56.1
PID-04999,2025-03-22,1944-01-30,Geriatrics,,Female,10002,4,4,True,0,52.4
PID-05000,2025-09-16,1937-01-24,Geriatrics,,Female,10002,7,4,True,0,54.9
